sucursal_id,producto_id,categoria,precio,promocion,inventario_inicial,unidades_vendidas,ventas_semana_anterior,ventas_hace_2_semanas,ventas_hace_4_semanas,promedio_ventas_4_semanas,variabilidad_4_semanas,baseline_4_semanas,tendencia_reciente,mes,semana_anio,inventario_sobre_promedio,ventas_proximas_4_semanas,inventario_cierre,posible_agotamiento,semana,Ingenuo,Ridge,Random Forest
SUC-01,PROD-001,Iluminación,323.09,0.0,14.0,14.0,40.0,41.0,30.0,33.75,8.180260794538679,135.0,10.0,9,37,0.4148148148148148,95.0,0.0,1,2025-09-08,135.0,135.32862804265784,110.82819210528035
SUC-01,PROD-006,Accesorios,522.95,0.0,51.0,17.0,19.0,16.0,23.0,20.25,3.403429642777019,81.0,-4.0,9,37,2.5185185185185186,69.0,34.0,0,2025-09-08,81.0,73.15653362915158,71.8294905281337
SUC-02,PROD-006,Accesorios,447.61,1.0,0.0,0.0,12.0,15.0,17.0,15.5,2.645751311064592,62.0,-5.0,9,37,0.0,65.0,0.0,1,2025-09-08,62.0,62.97262449764979,68.70541130436759
SUC-05,PROD-018,Accesorios,210.03,0.0,61.0,31.0,25.0,25.0,37.0,29.25,5.678908345800275,117.0,-12.0,9,37,2.0854700854700856,105.0,30.0,0,2025-09-08,117.0,121.20958116807526,98.91468308980035
SUC-03,PROD-006,Accesorios,527.53,0.0,73.0,25.0,29.0,23.0,29.0,25.5,4.123105625617672,102.0,0.0,9,37,2.8627450980392157,107.0,48.0,0,2025-09-08,102.0,113.52746694837757,103.50842538326829
SUC-04,PROD-006,Accesorios,548.41,0.0,0.0,0.0,0.0,0.0,28.0,10.0,13.266499161421603,40.0,-28.0,9,37,0.0,95.0,0.0,1,2025-09-08,40.0,97.32256744659296,105.79233639318203
SUC-05,PROD-006,Accesorios,529.3,0.0,95.0,35.0,40.0,30.0,35.0,34.75,4.112987559750937,139.0,5.0,9,37,2.7338129496402876,148.0,60.0,0,2025-09-08,139.0,151.52693914899766,126.18827842142673
SUC-04,PROD-018,Accesorios,182.74,1.0,48.0,34.0,16.0,25.0,32.0,26.75,8.139410298049857,107.0,-16.0,9,37,1.794392523364486,101.0,14.0,0,2025-09-08,107.0,112.00345210368096,94.05240725386581
SUC-01,PROD-007,Decoración,166.15,0.0,63.0,24.0,24.0,0.0,4.0,7.0,11.48912529307606,28.0,20.0,9,37,9.0,116.0,39.0,0,2025-09-08,28.0,101.15053522075466,81.47702584932267
SUC-01,PROD-019,Decoración,377.44,0.0,83.0,32.0,47.0,50.0,34.0,45.5,7.852812659593154,182.0,13.0,9,37,1.8241758241758241,51.0,51.0,0,2025-09-08,182.0,173.15931125470604,189.96794778043315
SUC-02,PROD-007,Decoración,158.02,0.0,0.0,0.0,6.0,27.0,30.0,23.5,11.789826122551592,94.0,-24.0,9,37,0.0,143.0,0.0,1,2025-09-08,94.0,98.1101035728062,89.44407109654473
SUC-03,PROD-018,Accesorios,210.21,0.0,61.0,29.0,29.0,19.0,24.0,23.75,4.112987559751022,95.0,5.0,9,37,2.568421052631579,71.0,32.0,0,2025-09-08,95.0,92.90897867937964,94.36401124151051
SUC-04,PROD-007,Decoración,166.4,0.0,119.0,56.0,58.0,78.0,52.0,56.75,16.23524971576764,227.0,6.0,9,37,2.0969162995594712,196.0,63.0,0,2025-09-08,227.0,218.17883805846347,176.810641899996
SUC-05,PROD-007,Decoración,158.81,0.0,117.0,53.0,57.0,0.0,0.0,14.25,28.5,57.0,57.0,9,37,8.210526315789474,210.0,64.0,0,2025-09-08,57.0,195.2732244910283,172.3929112975661
SUC-02,PROD-018,Accesorios,188.29,1.0,38.0,23.0,19.0,22.0,22.0,20.5,1.732050807568904,82.0,-3.0,9,37,1.853658536585366,15.0,15.0,0,2025-09-08,82.0,67.17241259101381,77.40362006838474
SUC-01,PROD-008,Herramientas,263.22,0.0,45.0,34.0,31.0,25.0,18.0,25.5,5.567764362830021,102.0,13.0,9,37,1.7647058823529411,11.0,11.0,0,2025-09-08,102.0,84.70130143780844,111.80635152347652
SUC-02,PROD-008,Herramientas,268.52,0.0,61.0,29.0,29.0,34.0,31.0,31.25,2.0615528128088303,125.0,-2.0,9,37,1.952,132.0,32.0,0,2025-09-08,125.0,103.7104197335673,128.8052387390015
SUC-01,PROD-018,Accesorios,216.4,0.0,35.0,12.0,11.0,14.0,6.0,12.25,5.057996968497844,49.0,5.0,9,37,2.857142857142857,58.0,23.0,0,2025-09-08,49.0,45.702312935904956,60.094821021327576
SUC-03,PROD-008,Herramientas,255.8,0.0,121.0,41.0,35.0,44.0,32.0,38.25,5.678908345800271,153.0,3.0,9,37,3.1633986928104574,146.0,80.0,0,2025-09-08,153.0,146.30958600926004,166.55476398926442
SUC-03,PROD-007,Decoración,137.77,1.0,72.0,34.0,43.0,7.0,43.0,42.0,27.784887978899615,168.0,0.0,9,37,1.7142857142857142,158.0,38.0,0,2025-09-08,168.0,169.08821536491735,157.68569666887805
SUC-04,PROD-008,Herramientas,265.85,0.0,127.0,45.0,52.0,32.0,51.0,50.5,14.341083176199302,202.0,1.0,9,37,2.514851485148515,232.0,82.0,0,2025-09-08,202.0,186.76286605791705,176.28915607672332
SUC-05,PROD-005,Iluminación,535.45,0.0,278.0,80.0,66.0,31.0,78.0,57.0,20.116328359486143,228.0,-12.0,9,37,4.87719298245614,273.0,198.0,0,2025-09-08,228.0,299.9100835995647,258.5798069424269
SUC-02,PROD-019,Decoración,390.85,0.0,142.0,48.0,39.0,0.0,33.0,18.0,20.92844953645634,72.0,6.0,9,37,7.888888888888889,213.0,94.0,0,2025-09-08,72.0,201.6853800617075,180.83644771377857
SUC-05,PROD-002,Accesorios,120.23,0.0,150.0,58.0,72.0,58.0,72.0,66.5,6.806859285554019,266.0,0.0,9,37,2.255639097744361,221.0,92.0,0,2025-09-08,266.0,246.62874027843174,250.79973670571772
SUC-01,PROD-003,Decoración,128.89,1.0,67.0,24.0,29.0,31.0,29.0,29.5,1.0000000000000127,118.0,0.0,9,37,2.2711864406779663,132.0,43.0,0,2025-09-08,118.0,124.52456589604388,121.83011049516938
SUC-02,PROD-003,Decoración,129.32,1.0,129.0,44.0,32.0,37.0,33.0,35.25,3.3040379335998336,141.0,-1.0,9,37,3.6595744680851063,224.0,85.0,0,2025-09-08,141.0,163.19436942199084,152.84666182347075
SUC-01,PROD-020,Herramientas,330.87,0.0,106.0,43.0,44.0,39.0,53.0,45.5,5.802298395176383,182.0,-9.0,9,37,2.32967032967033,63.0,63.0,0,2025-09-08,182.0,166.577989392861,184.2330428359767
SUC-03,PROD-003,Decoración,152.71,0.0,143.0,36.0,36.0,32.0,36.0,36.75,4.57347424467076,147.0,0.0,9,37,3.891156462585034,205.0,107.0,0,2025-09-08,147.0,181.82922338986884,177.70824497127404
SUC-04,PROD-003,Decoración,147.21,0.0,119.0,51.0,50.0,36.0,50.0,46.75,7.182153808805062,187.0,0.0,9,37,2.5454545454545454,181.0,68.0,0,2025-09-08,187.0,207.31938059249842,171.27278690096455
SUC-05,PROD-003,Decoración,131.2,1.0,0.0,0.0,22.0,75.0,58.0,53.25,22.321514285549718,213.0,-36.0,9,37,0.0,184.0,0.0,1,2025-09-08,213.0,190.86568064251495,167.4924041437865
SUC-05,PROD-019,Decoración,334.17,1.0,0.0,0.0,17.0,45.0,86.0,56.0,31.31559781748812,224.0,-69.0,9,37,0.0,280.0,0.0,1,2025-09-08,224.0,223.87392182906092,179.69681177948019
SUC-04,PROD-005,Iluminación,521.28,0.0,140.0,46.0,64.0,41.0,80.0,64.5,16.98038083593335,258.0,-16.0,9,37,2.1705426356589146,188.0,94.0,0,2025-09-08,258.0,250.42914947861698,228.93638445296523
SUC-01,PROD-004,Herramientas,152.48,0.0,30.0,16.0,12.0,8.0,11.0,11.75,3.3040379335998313,47.0,1.0,9,37,2.5531914893617023,64.0,14.0,0,2025-09-08,47.0,35.45025429515118,53.477513569491485
SUC-03,PROD-004,Herramientas,160.19,0.0,38.0,17.0,22.0,12.0,22.0,19.5,4.999999999999998,78.0,0.0,9,37,1.9487179487179487,95.0,21.0,0,2025-09-08,78.0,72.95582342834948,69.50942990751079
SUC-04,PROD-019,Decoración,380.33,0.0,179.0,55.0,58.0,54.0,63.0,62.75,9.569918146637068,251.0,-5.0,9,37,2.852589641434263,312.0,124.0,0,2025-09-08,251.0,265.5776957264194,220.6803118393047
SUC-04,PROD-004,Herramientas,151.99,0.0,83.0,24.0,25.0,30.0,20.0,24.25,4.349329450233291,97.0,5.0,9,37,3.422680412371134,121.0,59.0,0,2025-09-08,97.0,111.60459380439734,102.11896420156212
SUC-05,PROD-004,Herramientas,157.75,0.0,78.0,28.0,28.0,20.0,32.0,25.0,5.999999999999999,100.0,-4.0,9,37,3.12,144.0,50.0,0,2025-09-08,100.0,118.01000113677097,106.83901519377024
SUC-03,PROD-019,Decoración,336.21,1.0,133.0,70.0,79.0,63.0,56.0,61.75,12.841988423397154,247.0,23.0,9,37,2.1538461538461537,305.0,63.0,0,2025-09-08,247.0,246.3016919051441,200.60645513974623
SUC-01,PROD-005,Iluminación,519.45,0.0,59.0,34.0,26.0,0.0,41.0,32.25,26.08160271148995,129.0,-15.0,9,37,1.8294573643410852,114.0,25.0,0,2025-09-08,129.0,149.10151834251624,120.31762632822108
SUC-02,PROD-005,Iluminación,549.09,0.0,0.0,0.0,35.0,39.0,40.0,36.0,4.546060565661978,144.0,-5.0,9,37,0.0,101.0,0.0,1,2025-09-08,144.0,131.0146178409525,104.97673487870027
SUC-03,PROD-005,Iluminación,526.72,0.0,106.0,44.0,44.0,24.0,41.0,47.75,24.47277398797829,191.0,3.0,9,37,2.2198952879581153,227.0,62.0,0,2025-09-08,191.0,201.06790601021845,172.51934777065046
SUC-02,PROD-004,Herramientas,159.66,0.0,3.0,3.0,18.0,14.0,18.0,17.0,1.9999999999999836,68.0,0.0,9,37,0.17647058823529413,48.0,0.0,1,2025-09-08,68.0,42.18995862365236,58.13515948076979
SUC-02,PROD-020,Herramientas,323.16,0.0,149.0,92.0,50.0,0.0,0.0,12.5,25.0,50.0,50.0,9,37,11.92,242.0,57.0,0,2025-09-08,50.0,188.18070978324255,190.42528980069923
SUC-05,PROD-017,Iluminación,100.57,1.0,126.0,66.0,65.0,64.0,79.0,67.25,8.015609770940667,269.0,-14.0,9,37,1.8736059479553904,176.0,60.0,0,2025-09-08,269.0,222.62903965889603,255.39225233127442
SUC-02,PROD-009,Iluminación,545.04,0.0,18.0,13.0,16.0,9.0,19.0,13.0,5.354126134736336,52.0,-3.0,9,37,1.3846153846153846,35.0,5.0,0,2025-09-08,52.0,41.66285870309889,54.905695976137125
SUC-03,PROD-012,Herramientas,249.49,0.0,142.0,68.0,57.0,70.0,55.0,61.0,6.683312551921176,244.0,2.0,9,37,2.3278688524590163,303.0,74.0,0,2025-09-08,244.0,236.81310191217898,206.22001984834327
SUC-01,PROD-016,Herramientas,393.07,0.0,46.0,22.0,26.0,20.0,18.0,23.0,4.760952285695231,92.0,8.0,9,37,2.0,120.0,24.0,0,2025-09-08,92.0,75.42203680212259,87.52764141076213
SUC-04,PROD-012,Herramientas,256.1,0.0,198.0,109.0,86.0,64.0,107.0,79.5,21.45538005567216,318.0,-21.0,9,37,2.490566037735849,325.0,89.0,0,2025-09-08,318.0,319.3429507955824,295.64115582704466
SUC-05,PROD-012,Herramientas,249.37,0.0,290.0,110.0,74.0,16.0,117.0,86.25,53.87872183586641,345.0,-43.0,9,37,3.36231884057971,435.0,180.0,0,2025-09-08,345.0,373.3058573385755,331.47583440468776
SUC-05,PROD-015,Decoración,483.08,1.0,116.0,41.0,52.0,29.0,33.0,37.75,10.045728777279782,151.0,19.0,9,37,3.0728476821192054,232.0,75.0,0,2025-09-08,151.0,178.91512865360872,147.62414940829348
SUC-01,PROD-013,Iluminación,443.75,0.0,45.0,38.0,39.0,11.0,36.0,31.25,13.573871960498227,125.0,3.0,9,37,1.44,101.0,7.0,0,2025-09-08,125.0,152.26032393697147,118.11322056402204
SUC-02,PROD-013,Iluminación,455.31,0.0,0.0,0.0,0.0,32.0,61.0,32.75,25.157835094989125,131.0,-61.0,9,37,0.0,111.0,0.0,1,2025-09-08,131.0,158.75290464627093,113.29277820218998
SUC-03,PROD-013,Iluminación,447.85,0.0,93.0,45.0,62.0,34.0,54.0,48.5,12.151817422372119,194.0,8.0,9,37,1.9175257731958764,173.0,48.0,0,2025-09-08,194.0,213.35457138412633,180.6881795791355
SUC-02,PROD-012,Herramientas,251.93,0.0,113.0,76.0,60.0,44.0,32.0,47.5,12.261049438499688,190.0,28.0,9,37,2.3789473684210525,234.0,37.0,0,2025-09-08,190.0,206.03795154563724,177.48741357581758
SUC-04,PROD-015,Decoración,561.19,0.0,93.0,39.0,41.0,32.0,31.0,34.0,4.6904157598234395,136.0,10.0,9,37,2.735294117647059,173.0,54.0,0,2025-09-08,136.0,154.77954469425265,133.35176844615083
SUC-05,PROD-013,Iluminación,384.8,1.0,98.0,98.0,60.0,9.0,95.0,66.25,42.23249144122726,265.0,-35.0,9,37,1.4792452830188678,192.0,0.0,1,2025-09-08,265.0,279.1160489943263,248.4031656290905
SUC-03,PROD-015,Decoración,571.42,0.0,106.0,34.0,22.0,26.0,27.0,26.75,4.112987559751025,107.0,-5.0,9,37,3.9626168224299065,158.0,72.0,0,2025-09-08,107.0,128.83445443164453,117.8418245384789
SUC-01,PROD-014,Accesorios,542.83,0.0,0.0,0.0,0.0,0.0,15.0,3.75,7.499999999999998,15.0,-15.0,9,37,0.0,48.0,0.0,1,2025-09-08,15.0,41.65966606387158,71.49315210865558
SUC-02,PROD-014,Accesorios,558.42,0.0,32.0,22.0,22.0,0.0,0.0,5.5,11.0,22.0,22.0,9,37,5.818181818181818,78.0,10.0,0,2025-09-08,22.0,73.00205245952255,78.35689795720563
SUC-03,PROD-014,Accesorios,551.75,0.0,61.0,25.0,32.0,32.0,49.0,36.5,8.346656017032604,146.0,-17.0,9,37,1.6712328767123288,97.0,36.0,0,2025-09-08,146.0,122.30236934082635,104.63894153044812
SUC-02,PROD-015,Decoración,498.41,1.0,0.0,0.0,19.0,26.0,25.0,24.75,4.193248541803039,99.0,-6.0,9,37,0.0,76.0,0.0,1,2025-09-08,99.0,80.7059444714396,90.42584930878654
SUC-04,PROD-014,Accesorios,558.9,0.0,0.0,0.0,0.0,15.0,26.0,19.0,15.077577170531526,76.0,-26.0,9,37,0.0,95.0,0.0,1,2025-09-08,76.0,100.38536601420851,113.6220428808664
SUC-05,PROD-014,Accesorios,553.57,0.0,0.0,0.0,0.0,0.0,10.0,2.5,5.000000000000014,10.0,-10.0,9,37,0.0,0.0,0.0,1,2025-09-08,10.0,82.88906161009754,91.67595256350404
SUC-04,PROD-013,Iluminación,441.13,0.0,87.0,56.0,55.0,41.0,64.0,59.0,14.764823060233388,236.0,-9.0,9,37,1.4745762711864407,162.0,31.0,0,2025-09-08,236.0,235.46563497513102,186.65498305830735
SUC-05,PROD-008,Herramientas,256.75,0.0,,55.0,54.0,44.0,37.0,45.25,6.994045086119116,181.0,17.0,9,37,,20.0,,0,2025-09-08,181.0,170.74649350184237,199.8577801978438
SUC-02,PROD-016,Herramientas,383.11,0.0,125.0,31.0,26.0,0.0,23.0,12.25,14.198004554631378,49.0,3.0,9,37,10.204081632653061,137.0,94.0,0,2025-09-08,49.0,122.01283553652745,137.79512177816162
SUC-05,PROD-011,Decoración,317.91,0.0,104.0,57.0,42.0,39.0,53.0,52.75,17.250603854165032,211.0,-11.0,9,37,1.971563981042654,215.0,47.0,0,2025-09-08,211.0,200.38230080033145,188.30334126608975
SUC-04,PROD-017,Iluminación,116.83,0.0,129.0,35.0,43.0,25.0,63.0,44.75,15.671098663888666,179.0,-20.0,9,37,2.88268156424581,152.0,94.0,0,2025-09-08,179.0,200.82851215883846,183.28060368580225
SUC-03,PROD-009,Iluminación,451.96,1.0,38.0,15.0,19.0,14.0,14.0,15.0,2.7080128015453355,60.0,5.0,9,37,2.533333333333333,48.0,23.0,0,2025-09-08,60.0,62.37795430017505,52.85390636509174
SUC-04,PROD-009,Iluminación,520.17,0.0,72.0,20.0,22.0,15.0,15.0,16.75,3.5,67.0,7.0,9,37,4.298507462686567,63.0,52.0,0,2025-09-08,67.0,92.93923803156459,75.80862673844332
SUC-03,PROD-017,Iluminación,113.85,0.0,61.0,41.0,39.0,1.0,48.0,34.5,22.84002335083453,138.0,-9.0,9,37,1.7681159420289856,116.0,20.0,0,2025-09-08,138.0,153.68362474897083,118.28765802382173
SUC-05,PROD-009,Iluminación,551.49,0.0,36.0,17.0,21.0,21.0,21.0,20.5,0.9999999999999938,82.0,0.0,9,37,1.7560975609756098,84.0,19.0,0,2025-09-08,82.0,83.98672498982395,71.87718512455895
SUC-01,PROD-010,Accesorios,401.28,0.0,185.0,42.0,36.0,21.0,37.0,35.0,10.360180178613366,140.0,-1.0,9,37,5.285714285714286,171.0,143.0,0,2025-09-08,140.0,200.41364949976938,184.65492580359964
SUC-02,PROD-017,Iluminación,114.86,0.0,70.0,34.0,37.0,33.0,38.0,36.25,2.217355782608362,145.0,-1.0,9,37,1.9310344827586208,116.0,36.0,0,2025-09-08,145.0,125.96895249105523,120.17829172501617
SUC-02,PROD-010,Accesorios,403.97,0.0,235.0,54.0,51.0,37.0,52.0,43.5,9.327379053088855,174.0,-1.0,9,37,5.402298850574713,194.0,181.0,0,2025-09-08,174.0,242.99581488713198,214.89731321434837
SUC-01,PROD-012,Herramientas,256.4,0.0,89.0,58.0,48.0,0.0,59.0,35.0,25.651510676761323,140.0,-11.0,9,37,2.5428571428571427,194.0,31.0,0,2025-09-08,140.0,194.03715258593687,153.4460859168421
SUC-03,PROD-010,Accesorios,333.4,1.0,189.0,68.0,25.0,61.0,52.0,47.75,15.692354826475215,191.0,-27.0,9,37,3.9581151832460733,267.0,121.0,0,2025-09-08,191.0,245.24558882364673,204.2267949724138
SUC-01,PROD-017,Iluminación,115.76,0.0,43.0,28.0,32.0,35.0,28.0,32.0,2.943920288775973,128.0,4.0,9,37,1.34375,86.0,15.0,0,2025-09-08,128.0,101.30095022349028,107.943666847314
SUC-05,PROD-010,Accesorios,391.83,0.0,143.0,81.0,79.0,52.0,90.0,75.25,16.27626083185775,301.0,-11.0,9,37,1.9003322259136213,232.0,62.0,0,2025-09-08,301.0,284.99745290966575,287.5697987017424
SUC-02,PROD-011,Decoración,332.47,0.0,170.0,32.0,31.0,22.0,33.0,29.5,5.066228051190213,118.0,-2.0,9,37,5.762711864406779,144.0,138.0,0,2025-09-08,118.0,157.98023518899288,171.81032393015482
SUC-05,PROD-016,Herramientas,377.65,0.0,120.0,120.0,71.0,25.0,42.0,45.0,19.096247449870003,180.0,29.0,9,37,2.6666666666666665,146.0,0.0,1,2025-09-08,180.0,190.988161993216,169.94088769672595
SUC-03,PROD-011,Decoración,324.45,0.0,73.0,30.0,37.0,0.0,42.0,25.0,18.920887928424502,100.0,-5.0,9,37,2.92,153.0,43.0,0,2025-09-08,100.0,153.0677975530403,131.05739454445327
SUC-04,PROD-011,Decoración,278.74,1.0,86.0,69.0,54.0,51.0,46.0,52.75,5.852349955359859,211.0,8.0,9,37,1.6303317535545023,146.0,17.0,0,2025-09-08,211.0,186.47709562583486,197.5195735813035
SUC-04,PROD-016,Herramientas,325.17,1.0,72.0,40.0,37.0,14.0,54.0,34.5,16.421530582338136,138.0,-17.0,9,37,2.0869565217391304,184.0,32.0,0,2025-09-08,138.0,157.75573214462108,138.13367597405176
SUC-03,PROD-016,Herramientas,322.28,1.0,110.0,40.0,36.0,41.0,28.0,32.75,6.994045086119068,131.0,8.0,9,37,3.3587786259541983,161.0,70.0,0,2025-09-08,131.0,139.36725122270303,140.2247415571901
SUC-04,PROD-010,Accesorios,400.22,0.0,198.0,72.0,61.0,67.0,93.0,70.0,15.705625319186293,280.0,-32.0,9,37,2.8285714285714287,280.0,126.0,0,2025-09-08,280.0,296.2510235278477,272.35217590609415
SUC-04,PROD-002,Accesorios,99.77,1.0,127.0,50.0,53.0,39.0,45.0,45.25,5.795112883571259,181.0,8.0,9,37,2.8066298342541436,206.0,77.0,0,2025-09-08,181.0,212.79917554184448,167.64956951898867
SUC-01,PROD-015,Decoración,474.49,1.0,59.0,33.0,18.0,27.0,24.0,23.5,3.8729833462074224,94.0,-6.0,9,37,2.5106382978723403,93.0,26.0,0,2025-09-08,94.0,89.23378050451286,94.07776795998119
SUC-01,PROD-002,Accesorios,118.2,0.0,71.0,33.0,36.0,0.0,0.0,9.0,18.0,36.0,36.0,9,37,7.888888888888889,137.0,38.0,0,2025-09-08,36.0,130.84186356878968,116.47034512373575
SUC-04,PROD-020,Herramientas,324.55,0.0,237.0,61.0,63.0,67.0,73.0,72.0,9.591663046625447,288.0,-10.0,9,37,3.2916666666666665,345.0,176.0,0,2025-09-08,288.0,279.47956557165674,283.5244088028988
SUC-05,PROD-020,Herramientas,271.97,1.0,210.0,95.0,67.0,70.0,84.0,69.75,10.781929326423898,279.0,-17.0,9,37,3.010752688172043,365.0,115.0,0,2025-09-08,279.0,284.1406607280249,279.5828171172796
SUC-03,PROD-001,Iluminación,339.94,0.0,0.0,0.0,0.0,63.0,82.0,55.25,37.6773583645846,221.0,-82.0,9,37,0.0,160.0,0.0,1,2025-09-08,221.0,194.3523843782265,283.8578677411052
SUC-03,PROD-020,Herramientas,273.57,1.0,112.0,31.0,50.0,53.0,56.0,56.0,6.48074069840786,224.0,-6.0,9,37,2.0,346.0,81.0,0,2025-09-08,224.0,203.01753293702617,162.94341388331594
SUC-03,PROD-002,Accesorios,99.49,1.0,85.0,61.0,47.0,50.0,36.0,45.25,6.29152869605896,181.0,11.0,9,37,1.8784530386740332,206.0,24.0,0,2025-09-08,181.0,178.0360116772699,170.23625650384477
SUC-02,PROD-002,Accesorios,120.6,0.0,78.0,36.0,56.0,0.0,30.0,27.75,22.95466546623293,111.0,26.0,9,37,2.810810810810811,154.0,42.0,0,2025-09-08,111.0,167.21438731664185,141.11761630961627
SUC-05,PROD-001,Iluminación,324.91,0.0,0.0,0.0,0.0,66.0,79.0,55.5,37.43883901333837,222.0,-79.0,9,37,0.0,236.0,0.0,1,2025-09-08,222.0,216.1036480143386,275.9459659961212
SUC-04,PROD-001,Iluminación,336.75,0.0,103.0,66.0,59.0,60.0,54.0,55.25,5.499999999999986,221.0,5.0,9,37,1.8642533936651584,188.0,37.0,0,2025-09-08,221.0,226.5287166654082,195.70490018042952
SUC-02,PROD-001,Iluminación,323.94,0.0,88.0,42.0,37.0,57.0,53.0,48.25,8.770214744615247,193.0,-16.0,9,37,1.8238341968911918,154.0,46.0,0,2025-09-08,193.0,183.36424853842166,186.00938414685598
SUC-02,PROD-002,Accesorios,118.45,0.0,42.0,42.0,36.0,56.0,25.0,29.25,23.34345018772218,117.0,11.0,9,38,1.435897435897436,157.0,0.0,1,2025-09-15,117.0,160.16627220344554,125.31301492165382
SUC-05,PROD-016,Herramientas,394.25,0.0,0.0,0.0,120.0,71.0,42.0,64.5,41.58926143449372,258.0,78.0,9,38,0.0,193.0,0.0,1,2025-09-15,258.0,208.55376608985486,234.00174370392241
SUC-02,PROD-011,Decoración,330.59,0.0,138.0,48.0,32.0,31.0,32.0,29.25,4.856267428111146,117.0,0.0,9,38,4.717948717948718,128.0,90.0,0,2025-09-15,117.0,149.28819971825627,157.82477990923186
SUC-01,PROD-006,Accesorios,540.56,0.0,34.0,17.0,17.0,19.0,23.0,18.75,3.095695936834447,75.0,-6.0,9,38,1.8133333333333332,72.0,17.0,0,2025-09-15,75.0,66.40770489158766,63.04420874198038
SUC-03,PROD-011,Decoración,325.42,0.0,43.0,42.0,30.0,37.0,21.0,22.0,16.06237840420901,88.0,9.0,9,38,1.9545454545454546,151.0,1.0,0,2025-09-15,88.0,138.98786972906558,116.65641568323029
SUC-01,PROD-019,Decoración,393.83,0.0,51.0,27.0,32.0,47.0,51.0,45.0,8.831760866327839,180.0,-19.0,9,38,1.1333333333333333,79.0,24.0,0,2025-09-15,180.0,162.06747031143283,171.66235677348686
SUC-05,PROD-005,Iluminación,544.6,0.0,198.0,65.0,80.0,66.0,53.0,57.5,20.824664863249698,230.0,27.0,9,38,3.4434782608695653,255.0,133.0,0,2025-09-15,230.0,280.2022623132782,217.57509311521815
SUC-03,PROD-001,Iluminación,326.23,0.0,0.0,0.0,0.0,0.0,76.0,34.75,40.475301110677364,139.0,-76.0,9,38,0.0,224.0,0.0,1,2025-09-15,139.0,177.5294434993533,263.621312953229
SUC-04,PROD-011,Decoración,330.02,0.0,17.0,17.0,69.0,54.0,60.0,58.5,7.937253933193801,234.0,9.0,9,38,0.2905982905982906,189.0,0.0,1,2025-09-15,234.0,175.9752036207925,185.15460298171317
SUC-02,PROD-004,Herramientas,157.23,0.0,0.0,0.0,3.0,18.0,18.0,13.25,7.088723439378908,53.0,-15.0,9,38,0.0,65.0,0.0,1,2025-09-15,53.0,41.00542040461821,65.91903180163204
SUC-04,PROD-005,Iluminación,536.93,0.0,94.0,48.0,46.0,64.0,73.0,56.0,15.033296378372881,224.0,-27.0,9,38,1.6785714285714286,199.0,46.0,0,2025-09-15,224.0,228.6225714027104,186.32656013830504
SUC-04,PROD-016,Herramientas,336.91,1.0,32.0,32.0,40.0,37.0,33.0,31.0,11.69045194450012,124.0,7.0,9,38,1.032258064516129,200.0,0.0,1,2025-09-15,124.0,138.6494450921577,138.66824220775501
SUC-01,PROD-013,Iluminación,440.59,0.0,7.0,7.0,38.0,39.0,39.0,31.75,13.841363131329706,127.0,-1.0,9,38,0.2204724409448819,136.0,0.0,1,2025-09-15,127.0,147.90889185933779,127.21440559522176
SUC-05,PROD-020,Herramientas,318.3,0.0,115.0,82.0,95.0,67.0,58.0,72.5,15.84297951775485,290.0,37.0,9,38,1.5862068965517242,405.0,33.0,0,2025-09-15,290.0,257.6524598219352,284.0655171557745
SUC-03,PROD-005,Iluminación,468.96,1.0,62.0,57.0,44.0,44.0,82.0,48.5,24.24183711410228,194.0,-38.0,9,38,1.2783505154639174,224.0,5.0,0,2025-09-15,194.0,208.79647502967308,165.26536294712335
SUC-02,PROD-019,Decoración,389.12,0.0,94.0,52.0,48.0,39.0,0.0,21.75,25.382080292994104,87.0,48.0,9,38,4.32183908045977,234.0,42.0,0,2025-09-15,87.0,191.65329391374567,154.3445476408714
SUC-01,PROD-012,Herramientas,245.59,0.0,31.0,31.0,58.0,48.0,33.0,34.75,25.342651794948374,139.0,25.0,9,38,0.8920863309352518,248.0,0.0,1,2025-09-15,139.0,182.05657178037796,148.89881482098627
SUC-03,PROD-004,Herramientas,158.25,0.0,21.0,20.0,17.0,22.0,22.0,18.25,4.78713553878169,73.0,-5.0,9,38,1.1506849315068493,95.0,1.0,0,2025-09-15,73.0,67.26154545589691,66.68865384476489
SUC-04,PROD-004,Herramientas,159.07,0.0,59.0,32.0,24.0,25.0,22.0,25.25,3.4034296427770157,101.0,2.0,9,38,2.3366336633663365,124.0,27.0,0,2025-09-15,101.0,100.97605646946091,109.62404888231826
SUC-05,PROD-012,Herramientas,254.2,0.0,180.0,88.0,110.0,74.0,138.0,84.5,52.6466206576136,338.0,-28.0,9,38,2.1301775147928996,444.0,92.0,0,2025-09-15,338.0,374.5335727859202,324.54955913931855
SUC-04,PROD-012,Herramientas,244.88,0.0,89.0,89.0,109.0,86.0,61.0,80.0,22.31591360442143,320.0,48.0,9,38,1.1125,366.0,0.0,1,2025-09-15,320.0,283.430763725851,297.74497062244313
SUC-05,PROD-004,Herramientas,136.78,1.0,50.0,50.0,28.0,28.0,20.0,24.0,4.618802153517005,96.0,8.0,9,38,2.0833333333333335,124.0,0.0,1,2025-09-15,96.0,106.16538507397709,103.01471981868042
SUC-01,PROD-016,Herramientas,390.89,0.0,24.0,24.0,22.0,26.0,28.0,24.0,3.651483716701103,96.0,-6.0,9,38,1.0,127.0,0.0,1,2025-09-15,96.0,70.13001603891604,98.70077450463475
SUC-04,PROD-019,Decoración,391.17,0.0,124.0,88.0,55.0,58.0,76.0,60.75,10.307764064044157,243.0,-21.0,9,38,2.0411522633744856,301.0,36.0,0,2025-09-15,243.0,252.39444013733146,204.65433148725492
SUC-03,PROD-019,Decoración,391.01,0.0,63.0,62.0,70.0,79.0,49.0,65.25,12.658988901172158,261.0,21.0,9,38,0.9655172413793104,325.0,1.0,0,2025-09-15,261.0,218.5976315093296,194.92450878016322
SUC-01,PROD-005,Iluminación,547.34,0.0,25.0,25.0,34.0,26.0,62.0,30.5,25.52776266472772,122.0,-28.0,9,38,0.819672131147541,121.0,0.0,1,2025-09-15,122.0,154.54074926784887,120.23694277728309
SUC-02,PROD-012,Herramientas,247.01,0.0,37.0,37.0,76.0,60.0,54.0,58.5,13.403979508588742,234.0,22.0,9,38,0.6324786324786325,314.0,0.0,1,2025-09-15,234.0,201.36331016765322,180.69109859208262
SUC-05,PROD-015,Decoración,572.69,0.0,75.0,50.0,41.0,52.0,37.0,39.75,9.569918146637086,159.0,4.0,9,38,1.8867924528301887,229.0,25.0,0,2025-09-15,159.0,164.66949541680927,135.63489125933975
SUC-02,PROD-001,Iluminación,321.15,0.0,46.0,36.0,42.0,37.0,46.0,45.5,8.504900548115383,182.0,-4.0,9,38,1.010989010989011,146.0,10.0,0,2025-09-15,182.0,163.04711971571896,164.9589550659036
SUC-02,PROD-016,Herramientas,376.54,0.0,94.0,39.0,31.0,26.0,0.0,14.25,16.580611166861935,57.0,31.0,9,38,6.5964912280701755,137.0,55.0,0,2025-09-15,57.0,113.69594077276493,125.36080285316949
SUC-02,PROD-005,Iluminación,525.34,0.0,0.0,0.0,0.0,35.0,30.0,26.0,17.720045146669356,104.0,-30.0,9,38,0.0,133.0,0.0,1,2025-09-15,104.0,125.39887206279093,121.71341479066167
SUC-03,PROD-012,Herramientas,258.06,0.0,74.0,63.0,68.0,57.0,62.0,64.25,5.909032633745319,257.0,6.0,9,38,1.1517509727626458,346.0,11.0,0,2025-09-15,257.0,216.94684001908354,204.60149410420746
SUC-01,PROD-002,Accesorios,118.67,0.0,38.0,38.0,33.0,36.0,0.0,17.25,19.956202043475106,69.0,33.0,9,38,2.2028985507246377,99.0,0.0,1,2025-09-15,69.0,128.28546875352413,126.25312602869839
SUC-04,PROD-008,Herramientas,255.3,0.0,82.0,50.0,45.0,52.0,67.0,49.0,14.583095236151571,196.0,-22.0,9,38,1.6734693877551021,252.0,32.0,0,2025-09-15,196.0,180.42082755505697,192.6797913135338
SUC-05,PROD-018,Accesorios,212.03,0.0,30.0,27.0,31.0,25.0,30.0,27.75,3.201562118716428,111.0,1.0,9,38,1.0810810810810811,112.0,3.0,0,2025-09-15,111.0,107.80639037306445,95.05794233710334
SUC-04,PROD-009,Iluminación,532.88,0.0,52.0,16.0,20.0,22.0,15.0,18.0,3.5590260840104375,72.0,5.0,9,38,2.888888888888889,70.0,36.0,0,2025-09-15,72.0,86.54835929030361,70.20492487196903
SUC-04,PROD-007,Decoración,166.25,0.0,63.0,42.0,56.0,58.0,39.0,57.75,15.966109941581468,231.0,17.0,9,38,1.0909090909090908,216.0,21.0,0,2025-09-15,231.0,188.1033101350857,171.19088866879295
SUC-03,PROD-009,Iluminación,455.94,1.0,23.0,13.0,15.0,19.0,13.0,15.25,2.629955639676599,61.0,2.0,9,38,1.5081967213114753,35.0,10.0,0,2025-09-15,61.0,55.99165561824597,49.17988218798746
SUC-05,PROD-007,Decoración,141.19,1.0,64.0,50.0,53.0,57.0,0.0,27.5,31.796226191169293,110.0,53.0,9,38,2.327272727272727,207.0,14.0,0,2025-09-15,110.0,194.5761583293803,181.89874463254614
SUC-01,PROD-015,Decoración,554.0,0.0,26.0,26.0,33.0,18.0,25.0,25.75,6.184658438426495,103.0,8.0,9,38,1.0097087378640777,92.0,0.0,1,2025-09-15,103.0,81.86200245860311,94.74411483395593
SUC-04,PROD-017,Iluminación,116.44,0.0,94.0,32.0,35.0,43.0,48.0,37.75,10.045728777279749,151.0,-13.0,9,38,2.4900662251655628,156.0,62.0,0,2025-09-15,151.0,178.9607207195491,127.63484089242374
SUC-02,PROD-018,Accesorios,211.92,0.0,15.0,15.0,23.0,19.0,19.0,20.75,2.0615528128088525,83.0,4.0,9,38,0.7228915662650602,19.0,0.0,1,2025-09-15,83.0,57.51909952364409,75.44934014950188
SUC-05,PROD-001,Iluminación,329.94,0.0,0.0,0.0,0.0,0.0,77.0,35.75,41.52408939398913,143.0,-77.0,9,38,0.0,308.0,0.0,1,2025-09-15,143.0,200.98198208794838,294.5922101801133
SUC-01,PROD-008,Herramientas,265.06,0.0,11.0,11.0,34.0,31.0,28.0,29.5,3.8729833462074157,118.0,6.0,9,38,0.3728813559322034,29.0,0.0,1,2025-09-15,118.0,77.72155738234716,115.44529857404659
SUC-02,PROD-009,Iluminación,523.56,0.0,5.0,5.0,13.0,16.0,8.0,11.5,3.6968455021364703,46.0,5.0,9,38,0.43478260869565216,43.0,0.0,1,2025-09-15,46.0,31.99169008747498,46.188711150691425
SUC-02,PROD-008,Herramientas,261.34,0.0,32.0,27.0,29.0,29.0,31.0,30.75,2.362907813126304,123.0,-2.0,9,38,1.0406504065040652,139.0,5.0,0,2025-09-15,123.0,92.80381178445168,127.4262809329186
SUC-05,PROD-008,Herramientas,254.28,0.0,20.0,20.0,55.0,54.0,46.0,49.75,5.560275772537452,199.0,9.0,9,38,0.4020100502512563,85.0,0.0,1,2025-09-15,199.0,150.87589670493472,200.2347805374451
SUC-05,PROD-017,Iluminación,114.33,0.0,60.0,51.0,66.0,65.0,61.0,64.0,2.1602468994691737,256.0,5.0,9,38,0.9375,125.0,9.0,0,2025-09-15,256.0,186.99475613496838,188.59289987844414
SUC-01,PROD-018,Accesorios,209.07,0.0,23.0,14.0,12.0,11.0,18.0,13.75,3.0956959368344585,55.0,-6.0,9,38,1.6727272727272726,57.0,9.0,0,2025-09-15,55.0,43.15623012553445,66.19869028337216
SUC-03,PROD-008,Herramientas,263.05,0.0,80.0,37.0,41.0,35.0,42.0,40.5,3.8729833462074126,162.0,-1.0,9,38,1.9753086419753085,151.0,43.0,0,2025-09-15,162.0,134.09609290498577,164.33234416427783
SUC-03,PROD-017,Iluminación,118.22,0.0,20.0,20.0,41.0,39.0,50.0,32.75,21.700614430625382,131.0,-9.0,9,38,0.6106870229007634,157.0,0.0,1,2025-09-15,131.0,150.3417242212955,124.62694680943979
SUC-04,PROD-001,Iluminación,339.77,0.0,37.0,37.0,66.0,59.0,48.0,58.25,7.49999999999999,233.0,18.0,9,38,0.6351931330472103,201.0,0.0,1,2025-09-15,233.0,207.1412457642885,203.0703568623643
SUC-03,PROD-007,Decoración,159.18,0.0,38.0,38.0,34.0,43.0,75.0,39.75,28.04014978561991,159.0,-41.0,9,38,0.9559748427672956,172.0,0.0,1,2025-09-15,159.0,173.91319952107307,166.21974608156142
SUC-03,PROD-018,Accesorios,207.43,0.0,32.0,19.0,29.0,29.0,23.0,25.0,4.898979485566356,100.0,6.0,9,38,1.28,74.0,13.0,0,2025-09-15,100.0,86.03765353438699,89.93698697926229
SUC-02,PROD-013,Iluminación,452.83,0.0,0.0,0.0,0.0,0.0,38.0,17.5,20.355179521029363,70.0,-38.0,9,38,0.0,139.0,0.0,1,2025-09-15,70.0,135.91102865240418,142.36556227203585
SUC-03,PROD-006,Accesorios,523.74,0.0,48.0,18.0,25.0,29.0,21.0,24.5,3.41565025531988,98.0,4.0,9,38,1.9591836734693877,111.0,30.0,0,2025-09-15,98.0,101.11599223073326,94.09623929637898
SUC-05,PROD-010,Accesorios,382.32,0.0,62.0,62.0,81.0,79.0,80.0,73.0,14.023789311975088,292.0,1.0,9,38,0.8493150684931506,314.0,0.0,1,2025-09-15,292.0,260.4580828070978,297.2862269318373
SUC-04,PROD-006,Accesorios,549.11,0.0,0.0,0.0,0.0,0.0,12.0,3.0,6.000000000000006,12.0,-12.0,9,38,0.0,129.0,0.0,1,2025-09-15,12.0,83.26052361175309,78.33247511040162
SUC-04,PROD-010,Accesorios,388.79,0.0,126.0,74.0,72.0,61.0,59.0,64.75,5.909032633745184,259.0,13.0,9,38,1.945945945945946,294.0,52.0,0,2025-09-15,259.0,252.60151784286916,230.29934447496944
SUC-01,PROD-017,Iluminación,114.53,0.0,15.0,15.0,28.0,32.0,33.0,32.0,2.943920288775973,128.0,-5.0,9,38,0.46875,105.0,0.0,1,2025-09-15,128.0,90.98735088698788,98.76671154421778
SUC-05,PROD-006,Accesorios,535.55,0.0,60.0,36.0,35.0,40.0,34.0,34.75,4.112987559750937,139.0,1.0,9,38,1.7266187050359711,148.0,24.0,0,2025-09-15,139.0,139.67898164704076,125.82531498309051
SUC-02,PROD-006,Accesorios,523.43,0.0,0.0,0.0,0.0,12.0,18.0,11.25,7.889866919029751,45.0,-18.0,9,38,0.0,92.0,0.0,1,2025-09-15,45.0,60.075308276034846,74.4817444767565
SUC-03,PROD-010,Accesorios,386.25,0.0,121.0,73.0,68.0,25.0,53.0,51.75,18.85691738681944,207.0,15.0,9,38,2.3381642512077296,229.0,48.0,0,2025-09-15,207.0,232.56315588494826,176.98449085393165
SUC-04,PROD-020,Herramientas,284.09,1.0,176.0,101.0,61.0,63.0,85.0,69.0,10.95445115010333,276.0,-24.0,9,38,2.550724637681159,351.0,75.0,0,2025-09-15,276.0,265.074146587467,272.14721070465765
SUC-01,PROD-007,Decoración,166.5,0.0,39.0,28.0,24.0,24.0,0.0,12.0,13.856406460551021,48.0,24.0,9,38,3.25,133.0,11.0,0,2025-09-15,48.0,98.37612874381259,93.82694696561609
SUC-02,PROD-010,Accesorios,390.91,0.0,181.0,59.0,54.0,51.0,34.0,44.0,9.966610925150741,176.0,20.0,9,38,4.113636363636363,181.0,122.0,0,2025-09-15,176.0,224.21122666857556,183.89964702819546
SUC-02,PROD-017,Iluminación,100.34,1.0,36.0,36.0,34.0,37.0,37.0,35.25,2.061552812808848,141.0,-3.0,9,38,1.0212765957446808,96.0,0.0,1,2025-09-15,141.0,115.11004489339703,114.18045507830384
SUC-01,PROD-010,Accesorios,388.37,0.0,143.0,47.0,42.0,36.0,46.0,36.25,10.965856099730653,145.0,-4.0,9,38,3.9448275862068964,163.0,96.0,0,2025-09-15,145.0,196.9210381542466,175.88246331147064
SUC-02,PROD-007,Decoración,136.92,1.0,0.0,0.0,0.0,6.0,31.0,16.0,15.297058540778352,64.0,-31.0,9,38,0.0,208.0,0.0,1,2025-09-15,64.0,95.14111965641567,126.962733012086
SUC-05,PROD-009,Iluminación,533.27,0.0,19.0,19.0,17.0,21.0,19.0,19.5,1.9148542155126727,78.0,-2.0,9,38,0.9743589743589743,77.0,0.0,1,2025-09-15,78.0,76.77418748295952,62.06340057687698
SUC-04,PROD-018,Accesorios,207.9,0.0,14.0,14.0,34.0,16.0,34.0,27.25,8.616843969807045,109.0,0.0,9,38,0.5137614678899083,108.0,0.0,1,2025-09-15,109.0,105.04871122345506,92.8790271142257
SUC-01,PROD-004,Herramientas,154.98,0.0,14.0,14.0,16.0,12.0,16.0,13.0,3.8297084310253493,52.0,0.0,9,38,1.0769230769230769,70.0,0.0,1,2025-09-15,52.0,34.58365024048234,60.74568842089854
SUC-05,PROD-011,Decoración,327.36,0.0,47.0,47.0,57.0,42.0,77.0,53.75,17.385338650713713,215.0,-20.0,9,38,0.8744186046511628,237.0,0.0,1,2025-09-15,215.0,197.32023270146559,174.87186647146285
SUC-03,PROD-003,Decoración,148.41,0.0,107.0,56.0,36.0,36.0,43.0,36.75,4.57347424467076,147.0,-7.0,9,38,2.9115646258503403,208.0,51.0,0,2025-09-15,147.0,173.29958674963447,149.37259263202674
SUC-01,PROD-020,Herramientas,327.05,0.0,63.0,60.0,43.0,44.0,46.0,43.0,2.943920288775907,172.0,-3.0,9,38,1.4651162790697674,3.0,3.0,0,2025-09-15,172.0,147.4252271703036,156.68318539190702
SUC-02,PROD-003,Decoración,131.09,1.0,85.0,53.0,44.0,32.0,39.0,38.0,4.966554808583779,152.0,5.0,9,38,2.236842105263158,226.0,32.0,0,2025-09-15,152.0,155.9169070090124,158.25171499485785
SUC-01,PROD-003,Decoración,155.58,0.0,43.0,36.0,24.0,29.0,29.0,28.25,2.986078811194824,113.0,-5.0,9,38,1.5221238938053097,119.0,7.0,0,2025-09-15,113.0,113.93650239911082,108.6684258791317
SUC-04,PROD-013,Iluminación,459.17,0.0,31.0,31.0,56.0,55.0,76.0,57.0,14.399074044303438,228.0,-20.0,9,38,0.543859649122807,186.0,0.0,1,2025-09-15,228.0,224.66196589217117,183.53847724474807
SUC-02,PROD-015,Decoración,549.66,0.0,0.0,0.0,0.0,19.0,29.0,18.5,13.025615788386615,74.0,-29.0,9,38,0.0,94.0,0.0,1,2025-09-15,74.0,79.08235446644495,96.82151172030584
SUC-03,PROD-014,Accesorios,536.56,0.0,36.0,22.0,25.0,32.0,33.0,30.5,3.6968455021364632,122.0,-8.0,9,38,1.180327868852459,112.0,14.0,0,2025-09-15,122.0,100.09891263526544,108.44521813832878
SUC-05,PROD-003,Decoración,152.36,0.0,0.0,0.0,0.0,22.0,58.0,38.75,33.99387199677808,155.0,-58.0,9,38,0.0,274.0,0.0,1,2025-09-15,155.0,177.36125042033694,198.8121155429966
SUC-01,PROD-014,Accesorios,551.9,0.0,0.0,0.0,0.0,0.0,0.0,0.0,0.0,0.0,0.0,9,38,,69.0,0.0,1,2025-09-15,0.0,28.655752838831916,147.01950998661638
SUC-04,PROD-002,Accesorios,118.42,0.0,77.0,44.0,50.0,53.0,44.0,46.5,6.244997998398419,186.0,6.0,9,38,1.6559139784946237,222.0,33.0,0,2025-09-15,186.0,197.06583083579915,176.90042017098827
SUC-04,PROD-014,Accesorios,539.03,0.0,0.0,0.0,0.0,0.0,35.0,12.5,16.583123951777004,50.0,-35.0,9,38,0.0,139.0,0.0,1,2025-09-15,50.0,101.19250788098033,132.66717827270767
SUC-05,PROD-014,Accesorios,529.92,0.0,0.0,0.0,0.0,0.0,0.0,0.0,0.0,0.0,0.0,9,38,,33.0,0.0,1,2025-09-15,0.0,75.02411626618661,147.86016816761662
SUC-04,PROD-003,Decoración,154.22,0.0,68.0,49.0,51.0,50.0,51.0,47.0,7.348469228349516,188.0,0.0,9,38,1.446808510638298,195.0,19.0,0,2025-09-15,188.0,194.83155684257449,202.31300593904993
SUC-05,PROD-002,Accesorios,119.72,0.0,92.0,71.0,58.0,72.0,64.0,63.0,6.633249580710774,252.0,-6.0,9,38,1.4603174603174602,205.0,21.0,0,2025-09-15,252.0,222.00759889178008,209.46690504931374
SUC-03,PROD-002,Accesorios,122.23,0.0,24.0,24.0,61.0,47.0,48.0,51.5,6.4549722436790296,206.0,13.0,9,38,0.46601941747572817,218.0,0.0,1,2025-09-15,206.0,165.75872609019936,188.1857428424832
SUC-03,PROD-015,Decoración,480.66,1.0,72.0,44.0,34.0,22.0,32.0,28.5,5.507570547286104,114.0,2.0,9,38,2.526315789473684,152.0,28.0,0,2025-09-15,114.0,127.28172614659744,121.13400002974035
SUC-03,PROD-020,Herramientas,316.27,0.0,81.0,78.0,31.0,50.0,65.0,49.75,14.080127840328723,199.0,-34.0,9,38,1.6281407035175879,354.0,3.0,0,2025-09-15,199.0,193.00927034329914,179.3140972495856
SUC-05,PROD-019,Decoración,394.16,0.0,0.0,0.0,0.0,17.0,76.0,34.5,33.31165962041919,138.0,-76.0,9,38,0.0,380.0,0.0,1,2025-09-15,138.0,204.43195248495527,193.62536697448593
SUC-04,PROD-015,Decoración,577.34,0.0,54.0,36.0,39.0,41.0,32.0,36.0,4.6904157598234395,144.0,7.0,9,38,1.5,182.0,18.0,0,2025-09-15,144.0,143.1458551125332,131.47642077073522
SUC-03,PROD-013,Iluminación,452.96,0.0,48.0,48.0,45.0,62.0,44.0,46.25,11.615363389350614,185.0,1.0,9,38,1.037837837837838,170.0,0.0,1,2025-09-15,185.0,194.22467023239378,168.75686856852298
SUC-01,PROD-001,Iluminación,333.26,0.0,0.0,0.0,14.0,40.0,24.0,29.75,13.073510112692253,119.0,-10.0,9,38,0.0,129.0,0.0,1,2025-09-15,119.0,121.78999173409568,105.49101682168593
SUC-05,PROD-013,Iluminación,458.64,0.0,0.0,0.0,98.0,60.0,101.0,67.0,42.93405796489931,268.0,-3.0,9,38,0.0,272.0,0.0,1,2025-09-15,268.0,277.17759498966257,241.9841805300105
SUC-02,PROD-020,Herramientas,317.89,0.0,57.0,55.0,92.0,50.0,0.0,35.5,44.43347086750408,142.0,92.0,9,38,1.6056338028169015,255.0,2.0,0,2025-09-15,142.0,206.73746107181032,270.48676441835875
SUC-05,PROD-016,Herramientas,379.46,0.0,146.0,40.0,0.0,120.0,25.0,54.0,52.92132525425517,216.0,-25.0,9,39,2.7037037037037037,218.0,106.0,0,2025-09-22,216.0,224.635254399502,289.94573836328794
SUC-02,PROD-008,Herramientas,226.59,1.0,194.0,42.0,27.0,29.0,34.0,29.75,2.9860788111948198,119.0,-7.0,9,39,6.5210084033613445,139.0,152.0,0,2025-09-22,119.0,149.8877604805308,164.5803830116679
SUC-04,PROD-017,Iluminación,115.12,0.0,120.0,53.0,32.0,35.0,25.0,33.75,7.455423082115001,135.0,7.0,9,39,3.5555555555555554,141.0,67.0,0,2025-09-22,135.0,172.81184576038623,148.87857503712036
SUC-05,PROD-020,Herramientas,328.84,0.0,283.0,105.0,82.0,95.0,70.0,78.5,12.767145334803695,314.0,12.0,9,39,3.605095541401274,401.0,178.0,0,2025-09-22,314.0,315.5553678285353,323.97589832144973
SUC-03,PROD-020,Herramientas,331.12,0.0,289.0,98.0,78.0,31.0,53.0,53.0,19.30457631409368,212.0,25.0,9,39,5.452830188679245,350.0,191.0,0,2025-09-22,212.0,277.2912412961784,283.8741976918564
SUC-02,PROD-003,Decoración,147.38,0.0,175.0,57.0,53.0,44.0,37.0,41.5,9.1104335791443,166.0,16.0,9,39,4.216867469879518,231.0,118.0,0,2025-09-22,166.0,194.9045834825495,193.87776106724948
SUC-02,PROD-011,Decoración,317.89,0.0,96.0,39.0,48.0,32.0,22.0,33.25,10.812801055539058,133.0,26.0,9,39,2.887218045112782,136.0,57.0,0,2025-09-22,133.0,144.83041329212415,141.9983652771521
SUC-05,PROD-018,Accesorios,214.29,0.0,117.0,34.0,27.0,31.0,25.0,27.0,2.8284271247461943,108.0,2.0,9,39,4.333333333333333,118.0,83.0,0,2025-09-22,108.0,134.64535991900652,137.66146424817015
SUC-01,PROD-020,Herramientas,328.95,0.0,3.0,3.0,60.0,43.0,39.0,46.5,9.2556289179432,186.0,21.0,9,39,0.06451612903225806,0.0,0.0,1,2025-09-22,186.0,138.44086023738913,188.46974338423877
SUC-05,PROD-011,Decoración,331.6,0.0,168.0,72.0,47.0,57.0,39.0,46.25,7.889866919029757,185.0,8.0,9,39,3.6324324324324326,209.0,96.0,0,2025-09-22,185.0,212.72717262054104,188.47441694614284
SUC-05,PROD-013,Iluminación,463.67,0.0,211.0,60.0,0.0,98.0,9.0,41.75,45.87210481327405,167.0,-9.0,9,39,5.053892215568863,270.0,151.0,0,2025-09-22,167.0,284.3977849450687,262.46227125573364
SUC-01,PROD-002,Accesorios,117.2,0.0,99.0,33.0,38.0,33.0,0.0,26.75,17.95132307101624,107.0,38.0,9,39,3.7009345794392523,66.0,66.0,0,2025-09-22,107.0,147.7419480147453,131.51200166137025
SUC-03,PROD-001,Iluminación,336.85,0.0,160.0,52.0,0.0,0.0,63.0,15.75,31.5,63.0,-63.0,9,39,10.158730158730158,209.0,108.0,0,2025-09-22,63.0,218.28354458209262,198.2292237993488
SUC-01,PROD-014,Accesorios,536.37,0.0,48.0,16.0,0.0,0.0,0.0,0.0,0.0,0.0,0.0,9,39,,73.0,32.0,0,2025-09-22,0.0,44.15933670313473,148.81982389955525
SUC-03,PROD-011,Decoración,321.3,0.0,111.0,42.0,42.0,30.0,0.0,27.25,18.82153022471871,109.0,42.0,9,39,4.073394495412844,164.0,69.0,0,2025-09-22,109.0,160.2087838387834,147.7654930847876
SUC-04,PROD-005,Iluminación,531.39,0.0,140.0,29.0,48.0,46.0,41.0,49.75,9.945685831890422,199.0,7.0,9,39,2.814070351758794,212.0,111.0,0,2025-09-22,199.0,222.40322412812125,178.18435893170292
SUC-05,PROD-005,Iluminación,473.06,1.0,220.0,90.0,65.0,80.0,31.0,60.5,20.824664863249698,242.0,34.0,9,39,3.6363636363636362,207.0,130.0,0,2025-09-22,242.0,279.05683236133353,239.13474281269978
SUC-05,PROD-010,Accesorios,393.46,0.0,254.0,58.0,62.0,81.0,52.0,68.5,13.916417163432072,274.0,10.0,9,39,3.708029197080292,331.0,196.0,0,2025-09-22,274.0,305.0571996164333,285.28536906298336
SUC-01,PROD-019,Decoración,386.92,0.0,24.0,24.0,27.0,32.0,50.0,39.0,11.224972160321817,156.0,-23.0,9,39,0.6153846153846154,103.0,0.0,1,2025-09-22,156.0,148.86645419077476,144.76695746963154
SUC-04,PROD-016,Herramientas,374.17,0.0,152.0,52.0,32.0,40.0,14.0,30.75,11.644025649805712,123.0,18.0,9,39,4.943089430894309,200.0,100.0,0,2025-09-22,123.0,167.24309401939965,170.13307612181993
SUC-04,PROD-011,Decoración,,0.0,129.0,58.0,17.0,69.0,51.0,47.75,21.960191255997763,191.0,-34.0,9,39,2.701570680628272,189.0,71.0,0,2025-09-22,191.0,206.30468518173592,188.32168278102748
SUC-04,PROD-020,Herramientas,328.21,0.0,244.0,75.0,101.0,61.0,67.0,73.0,18.832595855767387,292.0,34.0,9,39,3.3424657534246576,364.0,169.0,0,2025-09-22,292.0,303.48053682769876,318.3017382885289
SUC-01,PROD-006,Accesorios,522.99,0.0,55.0,15.0,17.0,17.0,16.0,17.25,1.25830573921178,69.0,1.0,9,39,3.1884057971014492,68.0,40.0,0,2025-09-22,69.0,68.73393321090109,66.57192285668411
SUC-01,PROD-015,Decoración,550.63,0.0,86.0,19.0,26.0,33.0,27.0,26.0,6.1644140029689805,104.0,-1.0,9,39,3.3076923076923075,104.0,67.0,0,2025-09-22,104.0,103.83509162899497,117.80199155538595
SUC-02,PROD-006,Accesorios,523.8,0.0,81.0,21.0,0.0,0.0,15.0,6.75,7.889866919029751,27.0,-15.0,9,39,12.0,90.0,60.0,0,2025-09-22,27.0,86.68122542906562,86.89939136230697
SUC-02,PROD-009,Iluminación,522.9,0.0,31.0,8.0,5.0,13.0,9.0,10.75,4.78713553878169,43.0,-4.0,9,39,2.883720930232558,55.0,23.0,0,2025-09-22,43.0,38.490048654685125,45.929001163897475
SUC-05,PROD-001,Iluminación,289.57,1.0,329.0,80.0,0.0,0.0,66.0,16.5,33.0,66.0,-66.0,9,39,19.939393939393938,275.0,249.0,0,2025-09-22,66.0,303.8113802938503,345.3075135322194
SUC-02,PROD-018,Accesorios,210.78,0.0,0.0,0.0,15.0,23.0,22.0,19.75,3.5939764421413165,79.0,-7.0,9,39,0.0,38.0,0.0,1,2025-09-22,79.0,52.5461883085847,73.40892020082885
SUC-03,PROD-009,Iluminación,549.66,0.0,35.0,18.0,13.0,15.0,14.0,15.25,2.629955639676599,61.0,-1.0,9,39,2.2950819672131146,17.0,17.0,0,2025-09-22,61.0,55.445086289452746,52.91235485257776
SUC-04,PROD-007,Decoración,163.72,0.0,154.0,53.0,42.0,56.0,78.0,58.5,14.821156050277137,234.0,-36.0,9,39,2.6324786324786325,235.0,101.0,0,2025-09-22,234.0,224.49409925844114,184.2019604202988
SUC-04,PROD-014,Accesorios,548.83,0.0,95.0,34.0,0.0,0.0,15.0,3.75,7.500000000000008,15.0,-15.0,9,39,25.333333333333332,141.0,61.0,0,2025-09-22,15.0,125.16636191546526,105.02225411217327
SUC-04,PROD-001,Iluminación,326.61,0.0,199.0,60.0,37.0,66.0,60.0,55.5,12.714820748507094,222.0,-23.0,9,39,3.5855855855855854,208.0,139.0,0,2025-09-22,222.0,260.08687290175567,236.21783596531887
SUC-04,PROD-009,Iluminación,522.34,0.0,55.0,17.0,16.0,20.0,15.0,18.25,3.3040379335998353,73.0,1.0,9,39,3.0136986301369864,73.0,38.0,0,2025-09-22,73.0,84.99723650819956,72.64432249046114
SUC-03,PROD-017,Iluminación,114.22,0.0,98.0,29.0,20.0,41.0,1.0,25.25,18.73276986103941,101.0,19.0,9,39,3.881188118811881,163.0,69.0,0,2025-09-22,101.0,146.97661777644709,126.16155353578887
SUC-02,PROD-020,Herramientas,278.65,1.0,270.0,70.0,55.0,92.0,0.0,49.25,37.80101409574439,197.0,55.0,9,39,5.482233502538071,256.0,200.0,0,2025-09-22,197.0,267.6053915789276,274.15151902155577
SUC-03,PROD-007,Decoración,166.1,0.0,120.0,53.0,38.0,34.0,7.0,30.5,16.09347693943109,122.0,31.0,9,39,3.9344262295081966,160.0,67.0,0,2025-09-22,122.0,162.5455829982496,147.30558682887747
SUC-05,PROD-002,Accesorios,120.9,0.0,150.0,60.0,71.0,58.0,58.0,64.75,7.804912982645375,259.0,13.0,9,39,2.3166023166023164,223.0,90.0,0,2025-09-22,259.0,241.61338311717648,234.078542148111
SUC-03,PROD-018,Accesorios,212.14,0.0,81.0,15.0,19.0,29.0,19.0,24.0,5.773502691896258,96.0,0.0,9,39,3.375,81.0,66.0,0,2025-09-22,96.0,97.585504754596,99.54127233129788
SUC-05,PROD-009,Iluminación,447.18,1.0,89.0,27.0,19.0,17.0,21.0,19.5,1.9148542155126727,78.0,-2.0,9,39,4.564102564102564,68.0,62.0,0,2025-09-22,78.0,103.93631274457712,90.43667855914299
SUC-04,PROD-002,Accesorios,120.46,0.0,162.0,37.0,44.0,50.0,39.0,46.5,6.244997998398419,186.0,5.0,9,39,3.4838709677419355,262.0,125.0,0,2025-09-22,186.0,219.75022895274333,182.9633418297388
SUC-02,PROD-007,Decoración,166.15,0.0,143.0,38.0,0.0,0.0,27.0,8.25,12.816005617976293,33.0,-27.0,9,39,17.333333333333332,226.0,105.0,0,2025-09-22,33.0,140.84868072384361,152.40695137829996
SUC-01,PROD-001,Iluminación,285.74,1.0,123.0,28.0,0.0,14.0,41.0,23.75,20.17217555611359,95.0,-41.0,9,39,5.178947368421053,139.0,95.0,0,2025-09-22,95.0,166.1685089514515,155.59463492498782
SUC-01,PROD-010,Accesorios,405.08,0.0,158.0,40.0,47.0,42.0,21.0,36.5,11.269427669584642,146.0,26.0,9,39,4.328767123287672,175.0,118.0,0,2025-09-22,146.0,196.28502189119013,180.2108263511657
SUC-04,PROD-006,Accesorios,545.96,0.0,95.0,29.0,0.0,0.0,0.0,0.0,0.0,0.0,0.0,9,39,,130.0,66.0,0,2025-09-22,0.0,103.81106001503211,140.80848149073142
SUC-04,PROD-010,Accesorios,388.76,0.0,206.0,76.0,74.0,72.0,67.0,68.5,5.802298395176305,274.0,7.0,9,39,3.0072992700729926,278.0,130.0,0,2025-09-22,274.0,285.3513282504572,271.6208158619559
SUC-02,PROD-015,Decoración,555.82,0.0,94.0,31.0,0.0,0.0,26.0,11.25,13.30100246848585,45.0,-26.0,9,39,8.355555555555556,63.0,63.0,0,2025-09-22,45.0,106.50838730174601,111.91926239524149
SUC-01,PROD-017,Iluminación,115.95,0.0,72.0,24.0,15.0,28.0,35.0,27.5,8.812869377601531,110.0,-20.0,9,39,2.618181818181818,102.0,48.0,0,2025-09-22,110.0,110.30195681782557,111.59351022740304
SUC-03,PROD-005,Iluminación,458.37,1.0,219.0,72.0,57.0,44.0,24.0,42.25,13.622897391279638,169.0,33.0,9,39,5.183431952662722,202.0,147.0,0,2025-09-22,169.0,233.7699900107046,204.1182006261711
SUC-01,PROD-003,Decoración,150.36,0.0,96.0,35.0,36.0,24.0,31.0,30.0,4.9665548085837825,120.0,5.0,9,39,3.2,118.0,61.0,0,2025-09-22,120.0,138.24026650007985,127.6310479259303
SUC-03,PROD-006,Accesorios,522.73,0.0,89.0,31.0,18.0,25.0,23.0,23.75,4.573474244670758,95.0,-5.0,9,39,3.7473684210526317,126.0,58.0,0,2025-09-22,95.0,112.75876072902682,103.58278612781554
SUC-05,PROD-006,Accesorios,536.04,0.0,134.0,33.0,36.0,35.0,30.0,35.25,4.1129875597509375,141.0,6.0,9,39,3.801418439716312,158.0,101.0,0,2025-09-22,141.0,161.7739305707692,151.1668515632258
SUC-03,PROD-002,Accesorios,102.83,1.0,215.0,60.0,24.0,61.0,50.0,45.5,15.545631755148024,182.0,-26.0,9,39,4.725274725274725,193.0,155.0,0,2025-09-22,182.0,228.85106089690703,200.04121292131367
SUC-04,PROD-018,Accesorios,209.54,0.0,87.0,31.0,14.0,34.0,25.0,22.25,9.178779875342912,89.0,-11.0,9,39,3.9101123595505616,105.0,56.0,0,2025-09-22,89.0,123.3412490058311,104.92256894495834
SUC-03,PROD-014,Accesorios,558.76,0.0,84.0,18.0,22.0,25.0,32.0,27.75,5.057996968497833,111.0,-10.0,9,39,3.027027027027027,109.0,66.0,0,2025-09-22,111.0,113.55826884688912,114.32566137401471
SUC-01,PROD-007,Decoración,165.84,0.0,122.0,18.0,28.0,24.0,0.0,19.0,12.8062484748657,76.0,28.0,9,39,6.421052631578948,154.0,104.0,0,2025-09-22,76.0,126.99616951598395,132.16229442371355
SUC-02,PROD-010,Accesorios,389.81,0.0,154.0,44.0,59.0,54.0,37.0,50.25,9.42956343987713,201.0,22.0,9,39,3.0646766169154227,197.0,110.0,0,2025-09-22,201.0,218.4400647259223,178.31679099175955
SUC-02,PROD-017,Iluminación,117.27,0.0,118.0,31.0,36.0,34.0,33.0,35.0,1.8257418583505738,140.0,3.0,9,39,3.3714285714285714,86.0,87.0,0,2025-09-22,140.0,139.08992775489233,153.96708750009026
SUC-03,PROD-010,Accesorios,391.31,0.0,219.0,64.0,73.0,68.0,61.0,56.75,21.73131381210073,227.0,12.0,9,39,3.859030837004405,226.0,155.0,0,2025-09-22,227.0,284.44604958816285,241.7226428747551
SUC-01,PROD-008,Herramientas,221.41,1.0,0.0,0.0,11.0,34.0,25.0,25.25,10.21028892833107,101.0,-14.0,9,39,0.0,73.0,0.0,1,2025-09-22,101.0,72.38298005920402,102.7502062742326
SUC-05,PROD-007,Decoración,167.14,0.0,160.0,69.0,50.0,53.0,0.0,40.0,26.820390253188588,160.0,50.0,9,39,4.0,199.0,91.0,0,2025-09-22,160.0,216.8649712685601,187.58468115354137
SUC-03,PROD-003,Decoración,152.49,0.0,160.0,48.0,56.0,36.0,32.0,40.0,10.832051206181285,160.0,24.0,9,39,4.0,220.0,112.0,0,2025-09-22,160.0,201.78772703257158,182.2632552235346
SUC-03,PROD-012,Herramientas,251.84,0.0,270.0,91.0,63.0,68.0,70.0,64.5,5.802298395176444,258.0,-7.0,9,39,4.186046511627907,340.0,179.0,0,2025-09-22,258.0,284.9830821646782,262.9806966665088
SUC-01,PROD-018,Accesorios,208.18,0.0,45.0,13.0,14.0,12.0,14.0,12.75,1.5000000000000142,51.0,0.0,9,39,3.5294117647058822,76.0,32.0,0,2025-09-22,51.0,48.751831904085776,63.06988620264901
SUC-03,PROD-019,Decoración,322.36,1.0,401.0,74.0,62.0,70.0,63.0,68.5,7.852812659593156,274.0,-1.0,9,39,5.854014598540146,305.0,327.0,0,2025-09-22,274.0,326.052759825464,348.6361057912533
SUC-01,PROD-016,Herramientas,381.22,0.0,110.0,34.0,24.0,22.0,20.0,23.0,2.5819888974716054,92.0,4.0,9,39,4.782608695652174,131.0,76.0,0,2025-09-22,92.0,95.07554286363177,127.782416188573
SUC-05,PROD-004,Herramientas,152.85,0.0,94.0,27.0,50.0,28.0,20.0,31.5,12.897028081435403,126.0,30.0,9,39,2.984126984126984,130.0,67.0,0,2025-09-22,126.0,137.38286981369248,131.53054854350452
SUC-04,PROD-013,Iluminación,448.17,0.0,171.0,50.0,31.0,56.0,41.0,45.75,11.982626312012444,183.0,-10.0,9,39,3.737704918032787,207.0,121.0,0,2025-09-22,183.0,245.04179933599912,181.7872757727453
SUC-04,PROD-004,Herramientas,154.7,0.0,89.0,19.0,32.0,24.0,30.0,27.75,3.8622100754188167,111.0,2.0,9,39,3.2072072072072073,131.0,70.0,0,2025-09-22,111.0,117.47817536306671,122.23128568350008
SUC-05,PROD-019,Decoración,383.06,0.0,296.0,74.0,0.0,0.0,45.0,15.5,21.2367605815953,62.0,-45.0,9,39,19.096774193548388,424.0,222.0,0,2025-09-22,62.0,278.72992348342257,340.06851605994916
SUC-05,PROD-012,Herramientas,247.83,0.0,347.0,111.0,88.0,110.0,16.0,72.0,40.16632088371219,288.0,72.0,9,39,4.819444444444445,446.0,236.0,0,2025-09-22,288.0,371.3758264832619,386.988890452656
SUC-03,PROD-008,Herramientas,266.23,0.0,118.0,28.0,37.0,41.0,44.0,39.25,4.031128874149271,157.0,-7.0,9,39,3.0063694267515926,188.0,90.0,0,2025-09-22,157.0,147.2925834364948,171.98775460295363
SUC-04,PROD-019,Decoración,321.9,1.0,455.0,77.0,88.0,55.0,54.0,63.75,16.255768207008863,255.0,34.0,9,39,7.137254901960785,326.0,378.0,0,2025-09-22,255.0,375.1040102538417,360.2834991787682
SUC-05,PROD-015,Decoración,560.9,0.0,185.0,59.0,50.0,41.0,29.0,43.0,10.488088481701539,172.0,21.0,9,39,4.3023255813953485,212.0,126.0,0,2025-09-22,172.0,200.08385335988316,191.1279490566623
SUC-03,PROD-004,Herramientas,152.25,0.0,75.0,16.0,20.0,17.0,12.0,17.75,4.349329450233295,71.0,8.0,9,39,4.225352112676056,114.0,59.0,0,2025-09-22,71.0,81.62715533084632,78.99832395065947
SUC-05,PROD-003,Decoración,153.39,0.0,184.0,68.0,0.0,0.0,75.0,24.25,35.387144558440994,97.0,-75.0,9,39,7.587628865979381,297.0,116.0,0,2025-09-22,97.0,241.1149465252182,231.34975209363785
SUC-02,PROD-002,Accesorios,122.29,0.0,117.0,36.0,42.0,36.0,0.0,33.5,23.853720883753127,134.0,42.0,9,39,3.4925373134328357,152.0,81.0,0,2025-09-22,134.0,173.46566314294077,148.8741675820166
SUC-02,PROD-001,Iluminación,330.07,0.0,152.0,28.0,36.0,42.0,57.0,43.0,9.695359714832659,172.0,-21.0,9,39,3.5348837209302326,167.0,124.0,0,2025-09-22,172.0,201.95635669089543,176.29906266201115
SUC-03,PROD-013,Iluminación,448.37,0.0,168.0,36.0,48.0,45.0,34.0,47.25,11.528949070347505,189.0,14.0,9,39,3.5555555555555554,219.0,132.0,0,2025-09-22,189.0,226.71949662033023,176.59636075611692
SUC-02,PROD-004,Herramientas,159.43,0.0,69.0,21.0,0.0,3.0,14.0,8.75,8.61684396980704,35.0,-14.0,9,39,7.885714285714286,63.0,48.0,0,2025-09-22,35.0,61.087733868374656,85.42772171713735
SUC-01,PROD-013,Iluminación,445.7,0.0,112.0,25.0,7.0,38.0,11.0,23.75,17.114808402861733,95.0,-4.0,9,39,4.71578947368421,149.0,87.0,0,2025-09-22,95.0,162.91005531456094,140.54165380126412
SUC-02,PROD-013,Iluminación,400.27,1.0,193.0,38.0,0.0,0.0,32.0,8.0,15.999999999999996,32.0,-32.0,9,39,24.125,166.0,155.0,0,2025-09-22,32.0,203.47774748814874,175.9821685507475
SUC-01,PROD-004,Herramientas,154.47,0.0,56.0,17.0,14.0,16.0,8.0,12.5,3.415650255319863,50.0,6.0,9,39,4.48,70.0,39.0,0,2025-09-22,50.0,46.208097886845394,66.89893217974837
SUC-04,PROD-015,Decoración,560.07,0.0,137.0,59.0,36.0,39.0,32.0,37.0,3.9157800414902555,148.0,4.0,9,39,3.7027027027027026,163.0,78.0,0,2025-09-22,148.0,168.28463583857217,158.231865645878
SUC-04,PROD-008,Herramientas,227.84,1.0,182.0,67.0,50.0,45.0,32.0,44.75,8.99536917900909,179.0,18.0,9,39,4.067039106145251,251.0,115.0,0,2025-09-22,179.0,196.45007831550504,183.88187083261306
SUC-01,PROD-005,Iluminación,536.98,0.0,89.0,35.0,25.0,34.0,0.0,21.25,14.728091073410248,85.0,25.0,9,39,4.188235294117647,132.0,54.0,0,2025-09-22,85.0,140.38466033640805,116.95234717257857
SUC-05,PROD-017,Iluminación,113.44,0.0,125.0,50.0,51.0,66.0,64.0,61.5,7.047458170621956,246.0,-13.0,9,39,2.032520325203252,75.0,75.0,0,2025-09-22,246.0,208.33892705938365,207.5158843583318
SUC-04,PROD-012,Herramientas,256.83,0.0,236.0,81.0,89.0,109.0,64.0,87.0,18.421002506197503,348.0,25.0,9,39,2.7126436781609193,404.0,155.0,0,2025-09-22,348.0,325.84741577611896,355.94778554318924
SUC-02,PROD-005,Iluminación,531.25,0.0,136.0,39.0,0.0,0.0,39.0,18.5,21.424285285628557,74.0,-39.0,9,39,7.351351351351352,136.0,97.0,0,2025-09-22,74.0,169.6315487958621,173.2587443719134
SUC-03,PROD-015,Decoración,581.32,0.0,139.0,42.0,44.0,34.0,26.0,31.5,9.71253485622231,126.0,18.0,9,39,4.412698412698413,152.0,97.0,0,2025-09-22,126.0,156.28383702187622,166.10315713317172
SUC-04,PROD-003,Decoración,147.79,0.0,226.0,45.0,49.0,51.0,36.0,46.5,7.047458170621972,186.0,13.0,9,39,4.860215053763441,221.0,181.0,0,2025-09-22,186.0,240.67275020082528,224.85678855462558
SUC-02,PROD-019,Decoración,391.54,0.0,161.0,69.0,52.0,48.0,0.0,34.75,23.796008068581582,139.0,52.0,9,39,4.633093525179856,228.0,92.0,0,2025-09-22,139.0,215.8232389338108,192.44136565810624
SUC-05,PROD-014,Accesorios,533.51,0.0,0.0,0.0,0.0,0.0,0.0,0.0,0.0,0.0,0.0,9,39,,64.0,0.0,1,2025-09-22,0.0,74.71265121335982,151.84664981097322
SUC-05,PROD-008,Herramientas,268.72,0.0,0.0,0.0,20.0,55.0,44.0,43.25,16.27626083185776,173.0,-24.0,9,39,0.0,158.0,0.0,1,2025-09-22,173.0,139.68703249151844,152.72880275361882
SUC-02,PROD-012,Herramientas,250.15,0.0,197.0,64.0,37.0,76.0,44.0,54.25,17.404501333467355,217.0,-7.0,9,39,3.6313364055299537,336.0,133.0,0,2025-09-22,217.0,242.16274707663027,225.8966376034669
SUC-01,PROD-012,Herramientas,254.94,0.0,168.0,47.0,31.0,58.0,0.0,34.25,25.408331966765026,137.0,31.0,9,39,4.905109489051095,228.0,121.0,0,2025-09-22,137.0,206.6745525142618,200.5209236441663
SUC-02,PROD-016,Herramientas,393.78,0.0,130.0,36.0,39.0,31.0,0.0,24.0,16.87206764645835,96.0,39.0,9,39,5.416666666666667,142.0,94.0,0,2025-09-22,96.0,129.51274005905253,155.58516052497558
SUC-05,PROD-009,Iluminación,536.9,0.0,62.0,21.0,27.0,19.0,21.0,21.0,4.320493798938572,84.0,6.0,9,40,2.9523809523809526,71.0,41.0,0,2025-09-29,84.0,97.9941958245181,82.21551458919765
SUC-04,PROD-002,Accesorios,100.14,1.0,125.0,79.0,37.0,44.0,53.0,46.0,7.071067811865493,184.0,-16.0,9,40,2.717391304347826,236.0,46.0,0,2025-09-29,184.0,210.23120283773642,174.82727872073454
SUC-05,PROD-003,Decoración,148.13,0.0,116.0,74.0,68.0,0.0,22.0,22.5,32.05724047179773,90.0,46.0,9,40,5.155555555555556,323.0,42.0,0,2025-09-29,90.0,223.9337910415685,223.11713353148667
SUC-02,PROD-007,Decoración,137.93,1.0,105.0,64.0,38.0,0.0,6.0,11.0,18.220867158288595,44.0,32.0,9,40,9.545454545454545,195.0,41.0,0,2025-09-29,44.0,141.03596256634864,135.33100121467223
SUC-01,PROD-012,Herramientas,255.9,0.0,121.0,45.0,47.0,31.0,48.0,46.0,11.165422816296159,184.0,-1.0,9,40,2.630434782608696,239.0,76.0,0,2025-09-29,184.0,192.37301232040068,176.13930144634625
SUC-05,PROD-013,Iluminación,457.14,0.0,151.0,57.0,60.0,0.0,60.0,54.5,40.509258201058195,218.0,0.0,9,40,2.770642201834862,276.0,94.0,0,2025-09-29,218.0,276.07086305645777,252.07972230401185
SUC-03,PROD-004,Herramientas,136.12,1.0,59.0,30.0,16.0,20.0,22.0,18.75,2.753785273643048,75.0,-6.0,9,40,3.1466666666666665,122.0,29.0,0,2025-09-29,75.0,78.36607173642108,76.90609366231469
SUC-02,PROD-016,Herramientas,385.73,0.0,94.0,30.0,36.0,39.0,26.0,33.0,5.715476066494082,132.0,10.0,9,40,2.8484848484848486,152.0,64.0,0,2025-09-29,132.0,115.39863617136291,140.30813110394658
SUC-02,PROD-017,Iluminación,118.77,0.0,87.0,20.0,31.0,36.0,37.0,34.5,2.645751311064604,138.0,-6.0,9,40,2.5217391304347827,94.0,67.0,0,2025-09-29,138.0,129.20801361466366,124.993360102502
SUC-05,PROD-015,Decoración,494.38,1.0,126.0,66.0,59.0,50.0,52.0,50.5,7.416198487095698,202.0,7.0,9,40,2.495049504950495,201.0,60.0,0,2025-09-29,202.0,194.09031749043146,192.86982763723202
SUC-01,PROD-001,Iluminación,338.64,0.0,95.0,37.0,28.0,0.0,40.0,20.5,17.310882896798375,82.0,-12.0,9,40,4.634146341463414,129.0,58.0,0,2025-09-29,82.0,159.1061324288297,136.47978788174305
SUC-03,PROD-008,Herramientas,259.13,0.0,90.0,46.0,28.0,37.0,35.0,35.25,5.4390562906935696,141.0,-7.0,9,40,2.5531914893617023,180.0,44.0,0,2025-09-29,141.0,131.14423455404756,151.23756502619023
SUC-01,PROD-007,Decoración,136.93,1.0,104.0,41.0,18.0,28.0,24.0,23.5,4.12310562561767,94.0,-6.0,9,40,4.425531914893617,143.0,63.0,0,2025-09-29,94.0,118.26899335735266,102.31216765468504
SUC-05,PROD-012,Herramientas,245.81,0.0,236.0,122.0,111.0,88.0,74.0,95.75,17.96988221070653,383.0,37.0,9,40,2.464751958224543,450.0,114.0,0,2025-09-29,383.0,336.23838418838295,392.7512455061136
SUC-03,PROD-014,Accesorios,553.83,0.0,66.0,24.0,18.0,22.0,32.0,24.25,5.909032633745273,97.0,-14.0,9,40,2.7216494845360826,111.0,42.0,0,2025-09-29,97.0,105.78289313341321,102.39772105991419
SUC-02,PROD-010,Accesorios,394.6,0.0,110.0,45.0,44.0,59.0,51.0,52.0,6.271629240742318,208.0,-7.0,9,40,2.1153846153846154,204.0,65.0,0,2025-09-29,208.0,200.281788806158,196.4396367219525
SUC-04,PROD-005,Iluminación,452.2,1.0,111.0,62.0,29.0,48.0,64.0,46.75,14.31491064123929,187.0,-35.0,9,40,2.374331550802139,182.0,49.0,0,2025-09-29,187.0,220.79261953953082,173.56291096094304
SUC-02,PROD-005,Iluminación,533.25,0.0,97.0,37.0,39.0,0.0,35.0,18.5,21.424285285628557,74.0,4.0,9,40,5.243243243243243,139.0,60.0,0,2025-09-29,74.0,171.03268235301906,152.58580991693486
SUC-01,PROD-010,Accesorios,388.22,0.0,118.0,46.0,40.0,47.0,36.0,41.25,4.573474244670742,165.0,4.0,9,40,2.860606060606061,177.0,72.0,0,2025-09-29,165.0,179.6424611627617,180.65458407022322
SUC-05,PROD-002,Accesorios,122.37,0.0,90.0,65.0,60.0,71.0,72.0,65.25,7.274384280931708,261.0,-12.0,9,40,1.3793103448275863,223.0,25.0,0,2025-09-29,261.0,225.04108872325892,236.182261102703
SUC-03,PROD-013,Iluminación,453.49,0.0,132.0,43.0,36.0,48.0,62.0,47.75,10.781929326423908,191.0,-26.0,9,40,2.764397905759162,212.0,89.0,0,2025-09-29,191.0,219.6330623037784,174.6553098761259
SUC-04,PROD-011,Decoración,279.14,1.0,71.0,56.0,58.0,17.0,54.0,49.5,22.575798250929406,198.0,4.0,9,40,1.4343434343434343,199.0,15.0,0,2025-09-29,198.0,194.01658791463097,196.383828157681
SUC-03,PROD-005,Iluminación,524.65,0.0,147.0,52.0,72.0,57.0,44.0,54.25,13.326039671760459,217.0,28.0,9,40,2.7096774193548385,188.0,95.0,0,2025-09-29,217.0,224.0468474266639,180.6272275831467
SUC-02,PROD-008,Herramientas,257.6,0.0,152.0,27.0,42.0,27.0,29.0,31.75,6.898067362191626,127.0,13.0,9,40,4.78740157480315,146.0,125.0,0,2025-09-29,127.0,141.81707692403876,172.17153590731874
SUC-02,PROD-018,Accesorios,219.31,0.0,0.0,0.0,0.0,15.0,19.0,14.25,10.045728777279763,57.0,-19.0,9,40,0.0,52.0,0.0,1,2025-09-29,57.0,49.2505247206999,79.61664697143533
SUC-04,PROD-014,Accesorios,560.16,0.0,61.0,33.0,34.0,0.0,0.0,8.5,17.0,34.0,34.0,9,40,7.176470588235294,139.0,28.0,0,2025-09-29,34.0,125.1041995862061,113.1416175437934
SUC-03,PROD-009,Iluminación,539.3,0.0,17.0,17.0,18.0,13.0,19.0,16.25,2.753785273643066,65.0,-1.0,9,40,1.0461538461538462,0.0,0.0,1,2025-09-29,65.0,52.62337060774945,59.0548403793346
SUC-04,PROD-001,Iluminación,335.1,0.0,139.0,47.0,60.0,37.0,59.0,55.5,12.714820748507094,222.0,1.0,9,40,2.5045045045045047,198.0,92.0,0,2025-09-29,222.0,241.41646658564173,201.61712284566428
SUC-03,PROD-017,Iluminación,117.38,0.0,69.0,36.0,29.0,20.0,39.0,32.25,9.708243919473794,129.0,-10.0,9,40,2.13953488372093,159.0,33.0,0,2025-09-29,129.0,139.1288134202763,113.9190426628611
SUC-04,PROD-007,Decoración,164.55,0.0,101.0,40.0,53.0,42.0,58.0,52.25,7.13559154286921,209.0,-5.0,9,40,1.9330143540669857,212.0,61.0,0,2025-09-29,209.0,192.02030885100518,210.78663077989555
SUC-01,PROD-004,Herramientas,153.54,0.0,39.0,18.0,17.0,14.0,12.0,14.75,2.21735578260834,59.0,5.0,9,40,2.6440677966101696,67.0,21.0,0,2025-09-29,59.0,40.670386487487264,56.42335861201916
SUC-02,PROD-013,Iluminación,462.44,0.0,155.0,37.0,38.0,0.0,0.0,9.5,19.0,38.0,38.0,9,40,16.31578947368421,171.0,118.0,0,2025-09-29,38.0,192.92693684332704,189.63865837403333
SUC-05,PROD-001,Iluminación,325.47,0.0,249.0,75.0,80.0,0.0,0.0,20.0,40.0,80.0,80.0,9,40,12.45,255.0,174.0,0,2025-09-29,80.0,290.10031988879354,325.6785985860974
SUC-05,PROD-011,Decoración,286.32,1.0,96.0,78.0,72.0,47.0,42.0,54.5,13.228756555322958,218.0,30.0,9,40,1.761467889908257,211.0,18.0,0,2025-09-29,218.0,205.44172256893418,177.90331563425678
SUC-02,PROD-020,Herramientas,320.63,0.0,200.0,65.0,70.0,55.0,50.0,66.75,18.856917386819433,267.0,20.0,9,40,2.9962546816479403,242.0,135.0,0,2025-09-29,267.0,236.50391599707382,250.0222544649908
SUC-04,PROD-008,Herramientas,224.66,1.0,115.0,90.0,67.0,50.0,52.0,53.5,9.46924847422786,214.0,15.0,9,40,2.149532710280374,218.0,25.0,0,2025-09-29,214.0,190.495961075223,195.96728367316945
SUC-04,PROD-009,Iluminación,546.72,0.0,38.0,15.0,17.0,16.0,22.0,18.75,2.7537852736430515,75.0,-5.0,9,40,2.026666666666667,76.0,23.0,0,2025-09-29,75.0,79.72575081674725,68.83972875103913
SUC-01,PROD-013,Iluminación,455.21,0.0,87.0,38.0,25.0,7.0,39.0,27.25,14.930394055974096,109.0,-14.0,9,40,3.1926605504587156,138.0,49.0,0,2025-09-29,109.0,161.01517757426737,130.91389730195834
SUC-02,PROD-019,Decoración,388.86,0.0,92.0,47.0,69.0,52.0,39.0,52.0,12.56980508997652,208.0,30.0,9,40,1.7692307692307692,255.0,45.0,0,2025-09-29,208.0,203.16590428893062,205.81821552236605
SUC-04,PROD-019,Decoración,384.12,0.0,378.0,66.0,77.0,88.0,58.0,69.5,15.716233645501715,278.0,19.0,9,40,5.438848920863309,312.0,312.0,0,2025-09-29,278.0,352.2776081432046,381.2837904223828
SUC-03,PROD-007,Decoración,162.98,0.0,67.0,32.0,53.0,38.0,43.0,42.0,8.20568908339413,168.0,10.0,9,40,1.5952380952380953,190.0,35.0,0,2025-09-29,168.0,156.77668878219708,183.3664594797474
SUC-02,PROD-002,Accesorios,119.29,0.0,81.0,40.0,36.0,42.0,56.0,42.5,9.433981132056608,170.0,-20.0,9,40,1.9058823529411764,151.0,41.0,0,2025-09-29,170.0,165.3897375642884,176.25259028752862
SUC-03,PROD-002,Accesorios,120.44,0.0,155.0,76.0,60.0,24.0,47.0,48.0,17.224014243685083,192.0,13.0,9,40,3.2291666666666665,166.0,79.0,0,2025-09-29,192.0,213.09518377869156,187.03507177952764
SUC-02,PROD-004,Herramientas,151.19,0.0,48.0,13.0,21.0,0.0,18.0,10.5,10.535653752852737,42.0,3.0,9,40,4.571428571428571,71.0,35.0,0,2025-09-29,42.0,64.48248258387352,81.81085825546432
SUC-03,PROD-003,Decoración,155.19,0.0,112.0,51.0,48.0,56.0,36.0,44.0,9.797958971132719,176.0,12.0,9,40,2.5454545454545454,228.0,61.0,0,2025-09-29,176.0,187.88409010980922,184.33819020145373
SUC-03,PROD-018,Accesorios,213.13,0.0,66.0,16.0,15.0,19.0,29.0,23.0,7.118052168020874,92.0,-14.0,9,40,2.869565217391304,85.0,50.0,0,2025-09-29,92.0,92.92596373484164,96.57477170812504
SUC-04,PROD-018,Accesorios,210.24,0.0,56.0,41.0,31.0,14.0,16.0,23.75,10.210288928331071,95.0,15.0,9,40,2.357894736842105,96.0,15.0,0,2025-09-29,95.0,112.04389188985182,94.9158472520772
SUC-05,PROD-007,Decoración,158.45,0.0,91.0,39.0,69.0,50.0,57.0,57.25,8.341662504161462,229.0,12.0,9,40,1.5895196506550218,251.0,52.0,0,2025-09-29,229.0,202.30865403281538,178.49666829399533
SUC-01,PROD-018,Accesorios,212.66,0.0,32.0,18.0,13.0,14.0,11.0,12.5,1.2909944487358223,50.0,2.0,9,40,2.56,60.0,14.0,0,2025-09-29,50.0,42.600943032849614,59.64351542931609
SUC-02,PROD-009,Iluminación,536.28,0.0,23.0,12.0,8.0,5.0,16.0,10.5,4.932882862316246,42.0,-8.0,9,40,2.1904761904761907,43.0,11.0,0,2025-09-29,42.0,36.93904761375768,50.461800858455256
SUC-04,PROD-017,Iluminación,118.42,0.0,67.0,55.0,53.0,32.0,43.0,40.75,9.394147114027959,163.0,10.0,9,40,1.6441717791411044,134.0,12.0,0,2025-09-29,163.0,171.57233601847264,142.2608576173282
SUC-05,PROD-016,Herramientas,391.29,0.0,106.0,58.0,40.0,0.0,71.0,57.75,50.66474777068042,231.0,-31.0,9,40,1.8354978354978355,212.0,48.0,0,2025-09-29,231.0,209.79696467596148,273.920345143576
SUC-05,PROD-014,Accesorios,473.62,1.0,0.0,0.0,0.0,0.0,0.0,0.0,0.0,0.0,0.0,9,40,,104.0,0.0,1,2025-09-29,0.0,76.77999921608296,150.8625670386258
SUC-02,PROD-006,Accesorios,551.81,0.0,60.0,20.0,21.0,0.0,12.0,8.25,10.21028892833107,33.0,9.0,9,40,7.2727272727272725,95.0,40.0,0,2025-09-29,33.0,87.46678906521171,81.10570119561953
SUC-04,PROD-015,Decoración,556.31,0.0,78.0,52.0,59.0,36.0,41.0,43.75,10.372238588334412,175.0,18.0,9,40,1.782857142857143,149.0,26.0,0,2025-09-29,175.0,167.61511930419715,160.06886048780936
SUC-03,PROD-012,Herramientas,247.32,0.0,179.0,87.0,91.0,63.0,57.0,69.75,14.86326567974438,279.0,34.0,9,40,2.5663082437275984,362.0,92.0,0,2025-09-29,279.0,270.410138396234,279.4225927519763
SUC-03,PROD-019,Decoración,391.33,0.0,327.0,87.0,74.0,62.0,79.0,71.25,7.182153808805072,285.0,-5.0,9,40,4.589473684210526,240.0,240.0,0,2025-09-29,285.0,307.08977266220285,331.53133277871956
SUC-05,PROD-018,Accesorios,219.14,0.0,83.0,26.0,34.0,27.0,25.0,29.25,4.031128874149277,117.0,9.0,9,40,2.8376068376068377,97.0,57.0,0,2025-09-29,117.0,125.93430536436614,110.02024841998104
SUC-04,PROD-016,Herramientas,386.37,0.0,100.0,50.0,52.0,32.0,37.0,40.25,8.5,161.0,15.0,9,40,2.484472049689441,203.0,50.0,0,2025-09-29,161.0,160.58248526774705,170.0163409863912
SUC-04,PROD-020,Herramientas,326.2,0.0,169.0,94.0,75.0,101.0,63.0,75.0,18.402898322456355,300.0,12.0,9,40,2.2533333333333334,337.0,75.0,0,2025-09-29,300.0,276.5669462523567,304.8556382615208
SUC-02,PROD-012,Herramientas,252.52,0.0,133.0,79.0,64.0,37.0,60.0,59.25,16.317168872080728,237.0,4.0,9,40,2.2447257383966246,338.0,54.0,0,2025-09-29,237.0,226.34781848223813,192.66870048014718
SUC-03,PROD-001,Iluminación,331.5,0.0,108.0,46.0,52.0,0.0,0.0,13.0,26.0,52.0,52.0,9,40,8.307692307692308,215.0,62.0,0,2025-09-29,52.0,193.66917103717952,169.10668684099417
SUC-01,PROD-006,Accesorios,544.35,0.0,40.0,22.0,15.0,17.0,19.0,17.0,1.6329931618554432,68.0,-4.0,9,40,2.3529411764705883,69.0,18.0,0,2025-09-29,68.0,63.544437533518334,62.275390277879474
SUC-03,PROD-015,Decoración,555.54,0.0,97.0,32.0,42.0,44.0,22.0,35.5,9.983319421247959,142.0,20.0,9,40,2.732394366197183,168.0,65.0,0,2025-09-29,142.0,143.02622309264825,154.85684321530715
SUC-02,PROD-003,Decoración,150.65,0.0,118.0,61.0,57.0,53.0,32.0,46.5,11.090536506409418,186.0,25.0,9,40,2.5376344086021505,210.0,57.0,0,2025-09-29,186.0,180.0523688431582,183.0779820218339
SUC-04,PROD-003,Decoración,152.33,0.0,181.0,45.0,45.0,49.0,50.0,48.75,2.629955639676531,195.0,-5.0,9,40,3.712820512820513,265.0,136.0,0,2025-09-29,195.0,223.55572684191827,207.15684420835166
SUC-01,PROD-005,Iluminación,446.64,1.0,54.0,44.0,35.0,25.0,26.0,30.0,5.22812904711937,120.0,9.0,9,40,1.8,119.0,10.0,0,2025-09-29,120.0,132.07083467279642,121.7487534420917
SUC-01,PROD-002,Accesorios,121.37,0.0,66.0,39.0,33.0,38.0,36.0,35.0,2.449489742783183,140.0,-3.0,9,40,1.8857142857142857,27.0,27.0,0,2025-09-29,140.0,132.033851318811,153.74754254039155
SUC-01,PROD-016,Herramientas,325.71,1.0,76.0,28.0,34.0,24.0,26.0,26.5,5.259911279353164,106.0,8.0,9,40,2.8679245283018866,142.0,48.0,0,2025-09-29,106.0,95.2296466706369,119.64796691026832
SUC-05,PROD-005,Iluminación,520.49,0.0,130.0,59.0,90.0,65.0,66.0,75.25,11.982626312012457,301.0,24.0,9,40,1.7275747508305648,201.0,71.0,0,2025-09-29,301.0,257.1757210953102,285.0478681949859
SUC-03,PROD-011,Decoración,321.59,0.0,69.0,43.0,42.0,42.0,37.0,37.75,5.678908345800272,151.0,5.0,9,40,1.8278145695364238,156.0,26.0,0,2025-09-29,151.0,148.46725325408346,172.37618664478222
SUC-02,PROD-011,Decoración,325.83,0.0,57.0,41.0,39.0,48.0,31.0,37.5,7.85281265959316,150.0,8.0,9,40,1.52,138.0,16.0,0,2025-09-29,150.0,132.03125559584294,170.40855548058178
SUC-01,PROD-020,Herramientas,323.71,0.0,0.0,0.0,3.0,60.0,44.0,37.5,24.283053075481806,150.0,-41.0,9,40,0.0,0.0,0.0,1,2025-09-29,150.0,135.3504401880212,157.11260664118012
SUC-01,PROD-019,Decoración,391.84,0.0,0.0,0.0,24.0,27.0,47.0,32.5,10.2143689640297,130.0,-23.0,9,40,0.0,152.0,0.0,1,2025-09-29,130.0,135.56516427946153,128.66047379519634
SUC-05,PROD-010,Accesorios,387.31,0.0,196.0,69.0,58.0,62.0,79.0,70.0,11.690451944500126,280.0,-21.0,9,40,2.8,343.0,127.0,0,2025-09-29,280.0,286.52025529471456,275.43920084248685
SUC-05,PROD-019,Decoración,325.66,1.0,222.0,90.0,74.0,0.0,17.0,22.75,35.09392160094584,91.0,57.0,9,40,9.758241758241759,443.0,132.0,0,2025-09-29,91.0,289.1055006768066,269.2653897202586
SUC-05,PROD-006,Accesorios,464.86,1.0,101.0,40.0,33.0,36.0,40.0,36.0,2.943920288775834,144.0,-7.0,9,40,2.8055555555555554,155.0,61.0,0,2025-09-29,144.0,154.41326166144023,144.38691534802481
SUC-04,PROD-004,Herramientas,135.29,1.0,70.0,33.0,19.0,32.0,25.0,25.0,5.354126134736332,100.0,-6.0,9,40,2.8,119.0,37.0,0,2025-09-29,100.0,108.84329708483095,104.7773724440191
SUC-02,PROD-001,Iluminación,338.12,0.0,124.0,47.0,28.0,36.0,37.0,35.75,5.795112883571238,143.0,-9.0,9,40,3.4685314685314683,150.0,77.0,0,2025-09-29,143.0,175.7885441337879,163.84275747303377
SUC-03,PROD-010,Accesorios,397.18,0.0,155.0,68.0,64.0,73.0,25.0,57.5,21.97726097583591,230.0,39.0,9,40,2.6956521739130435,252.0,87.0,0,2025-09-29,230.0,247.5446992431007,178.51735044832776
SUC-01,PROD-015,Decoración,497.43,1.0,67.0,23.0,19.0,26.0,18.0,24.0,6.976149845485454,96.0,1.0,9,40,2.7916666666666665,104.0,44.0,0,2025-09-29,96.0,92.05800040636649,101.29753978267173
SUC-01,PROD-017,Iluminación,115.87,0.0,48.0,24.0,24.0,15.0,32.0,24.75,7.274384280931741,99.0,-8.0,9,40,1.9393939393939394,99.0,24.0,0,2025-09-29,99.0,99.51548411185092,91.07840518701855
SUC-01,PROD-014,Accesorios,554.65,0.0,32.0,20.0,16.0,0.0,0.0,4.0,8.0,16.0,16.0,9,40,8.0,73.0,12.0,0,2025-09-29,16.0,56.35961931264268,67.3282925061551
SUC-01,PROD-003,Decoración,155.59,0.0,61.0,31.0,35.0,36.0,29.0,31.0,5.597618541248891,124.0,6.0,9,40,1.967741935483871,141.0,30.0,0,2025-09-29,124.0,128.89406704753665,135.2926806417982
SUC-05,PROD-020,Herramientas,317.08,0.0,178.0,151.0,105.0,82.0,67.0,87.25,16.45954636879967,349.0,38.0,9,40,2.0401146131805157,360.0,27.0,0,2025-09-29,349.0,290.31423641585997,343.4123495534965
SUC-04,PROD-012,Herramientas,256.87,0.0,155.0,109.0,81.0,89.0,86.0,91.25,12.284814474246977,365.0,-5.0,9,40,1.6986301369863013,388.0,46.0,0,2025-09-29,365.0,291.7972894727814,389.7950210221353
SUC-04,PROD-006,Accesorios,542.91,0.0,66.0,30.0,29.0,0.0,0.0,7.25,14.5,29.0,29.0,9,40,9.10344827586207,141.0,36.0,0,2025-09-29,29.0,125.26699688003157,106.8095034942779
SUC-05,PROD-004,Herramientas,158.99,0.0,67.0,29.0,27.0,50.0,28.0,33.25,11.176612486199325,133.0,-1.0,9,40,2.0150375939849625,142.0,38.0,0,2025-09-29,133.0,125.22765620524306,132.12059685847925
SUC-04,PROD-013,Iluminación,460.12,0.0,121.0,39.0,50.0,31.0,55.0,48.0,11.633285577743415,192.0,-5.0,9,40,2.5208333333333335,205.0,82.0,0,2025-09-29,192.0,234.0394240028402,172.7317395352469
SUC-03,PROD-006,Accesorios,549.38,0.0,58.0,26.0,31.0,18.0,29.0,25.75,5.7373048260195105,103.0,2.0,9,40,2.2524271844660193,138.0,32.0,0,2025-09-29,103.0,108.51342181526377,99.36904632115392
SUC-03,PROD-020,Herramientas,323.61,0.0,191.0,84.0,98.0,78.0,50.0,64.25,29.64652874565025,257.0,48.0,9,40,2.972762645914397,309.0,107.0,0,2025-09-29,257.0,276.0871599858954,247.02621589773588
SUC-01,PROD-008,Herramientas,254.36,0.0,0.0,0.0,0.0,11.0,31.0,19.0,16.268579122549905,76.0,-31.0,9,40,0.0,87.0,0.0,1,2025-09-29,76.0,67.90814702552015,127.21950309000427
SUC-04,PROD-010,Accesorios,404.76,0.0,130.0,73.0,76.0,74.0,61.0,70.75,6.7019897542942815,283.0,15.0,9,40,1.8374558303886925,287.0,57.0,0,2025-09-29,283.0,260.0218182630939,287.16435846533636
SUC-02,PROD-015,Decoración,557.44,0.0,63.0,21.0,31.0,0.0,19.0,12.5,15.242484486898235,50.0,12.0,9,40,5.04,42.0,42.0,0,2025-09-29,50.0,107.55708401482204,118.72276938459962
SUC-05,PROD-017,Iluminación,97.31,1.0,75.0,41.0,50.0,51.0,65.0,58.0,8.679477710860995,232.0,-15.0,9,40,1.293103448275862,34.0,34.0,0,2025-09-29,232.0,190.69451017935887,169.7826577437727
SUC-05,PROD-008,Herramientas,,0.0,0.0,0.0,0.0,20.0,54.0,32.25,26.961392150010855,129.0,-54.0,9,40,0.0,215.0,0.0,1,2025-09-29,129.0,135.170295708711,158.0119845242478
SUC-01,PROD-015,Decoración,573.83,0.0,44.0,25.0,23.0,19.0,33.0,25.25,5.909032633745284,101.0,-10.0,10,41,1.7425742574257426,108.0,19.0,0,2025-10-06,101.0,86.55793864627572,108.99886148235721
SUC-04,PROD-017,Iluminación,115.48,0.0,12.0,12.0,55.0,53.0,35.0,43.75,11.926860441876554,175.0,20.0,10,41,0.2742857142857143,155.0,0.0,1,2025-10-06,175.0,160.51826022719544,121.72906620496518
SUC-02,PROD-009,Iluminación,457.76,1.0,,10.0,12.0,8.0,13.0,9.5,3.6968455021364712,38.0,-1.0,10,41,,45.0,,0,2025-10-06,38.0,63.40888417839204,68.45085548956833
SUC-05,PROD-014,Accesorios,548.05,0.0,0.0,0.0,0.0,0.0,0.0,0.0,0.0,0.0,0.0,10,41,,143.0,0.0,1,2025-10-06,0.0,74.9922185679005,152.76932032564375
SUC-05,PROD-008,Herramientas,263.09,0.0,0.0,0.0,0.0,0.0,55.0,18.75,25.94063736045564,75.0,-55.0,10,41,0.0,283.0,0.0,1,2025-10-06,75.0,130.66880995029513,135.37665711787926
SUC-04,PROD-001,Iluminación,278.64,1.0,92.0,44.0,47.0,60.0,66.0,52.5,13.02561578838661,210.0,-19.0,10,41,1.7523809523809524,202.0,48.0,0,2025-10-06,210.0,232.55766878653782,212.73884136330065
SUC-04,PROD-008,Herramientas,259.1,0.0,25.0,25.0,90.0,67.0,45.0,63.0,20.314198646923455,252.0,45.0,10,41,0.3968253968253968,268.0,0.0,1,2025-10-06,252.0,183.36744027343693,197.0905531538466
SUC-04,PROD-015,Decoración,560.0,0.0,26.0,26.0,52.0,59.0,39.0,46.5,10.847426730181992,186.0,13.0,10,41,0.5591397849462365,179.0,0.0,1,2025-10-06,186.0,154.17262316008058,200.613014478441
SUC-03,PROD-009,Iluminación,546.35,0.0,0.0,0.0,17.0,18.0,15.0,15.75,2.217355782608364,63.0,2.0,10,41,0.0,16.0,0.0,1,2025-10-06,63.0,46.235904263122194,53.08913715701797
SUC-05,PROD-011,Decoración,334.29,0.0,18.0,18.0,78.0,72.0,57.0,63.5,14.10673597966589,254.0,21.0,10,41,0.28346456692913385,288.0,0.0,1,2025-10-06,254.0,194.384441467137,186.32571547403975
SUC-02,PROD-016,Herramientas,334.23,1.0,64.0,32.0,30.0,36.0,31.0,34.0,4.242640687119285,136.0,-1.0,10,41,1.8823529411764706,132.0,32.0,0,2025-10-06,136.0,105.1664374961741,146.88011976226105
SUC-01,PROD-012,Herramientas,254.37,0.0,76.0,71.0,45.0,47.0,58.0,45.25,11.086778913041734,181.0,-13.0,10,41,1.6795580110497237,236.0,5.0,0,2025-10-06,181.0,185.36546217227686,203.61933761305184
SUC-05,PROD-020,Herramientas,321.52,0.0,27.0,27.0,151.0,105.0,95.0,108.25,30.015273889582723,433.0,56.0,10,41,0.24942263279445728,437.0,0.0,1,2025-10-06,433.0,292.73191925997924,358.32218810722867
SUC-02,PROD-012,Herramientas,212.4,1.0,54.0,54.0,79.0,64.0,76.0,64.0,19.131126469709,256.0,3.0,10,41,0.84375,357.0,0.0,1,2025-10-06,256.0,225.78188101171918,224.91289042901545
SUC-01,PROD-016,Herramientas,386.08,0.0,,34.0,28.0,34.0,22.0,27.0,5.291502622129179,108.0,6.0,10,41,,108.0,,0,2025-10-06,108.0,98.0171543348862,124.40613032710331
SUC-03,PROD-015,Decoración,568.62,0.0,65.0,40.0,32.0,42.0,34.0,38.0,5.887840577551898,152.0,-2.0,10,41,1.7105263157894737,179.0,25.0,0,2025-10-06,152.0,128.088800342022,145.3917933047345
SUC-04,PROD-011,Decoración,273.21,1.0,15.0,15.0,56.0,58.0,69.0,50.0,22.730302828309775,200.0,-13.0,10,41,0.3,241.0,0.0,1,2025-10-06,200.0,192.39857030177043,210.2283853249145
SUC-03,PROD-012,Herramientas,249.84,0.0,92.0,62.0,87.0,91.0,68.0,77.25,13.81725973797508,309.0,19.0,10,41,1.190938511326861,398.0,30.0,0,2025-10-06,309.0,251.53826241027292,311.5030933335671
SUC-02,PROD-001,Iluminación,321.68,0.0,77.0,43.0,47.0,28.0,42.0,38.25,8.180260794538684,153.0,5.0,10,41,2.0130718954248366,161.0,34.0,0,2025-10-06,153.0,171.47009077634934,167.48644372325123
SUC-04,PROD-012,Herramientas,252.38,0.0,46.0,46.0,109.0,81.0,109.0,97.0,14.236104336041796,388.0,0.0,10,41,0.4742268041237113,437.0,0.0,1,2025-10-06,388.0,277.4415945739879,380.04671554466034
SUC-05,PROD-015,Decoración,549.08,0.0,60.0,57.0,66.0,59.0,41.0,54.0,10.862780491200239,216.0,25.0,10,41,1.1111111111111112,201.0,3.0,0,2025-10-06,216.0,175.96037347511796,171.92396962096484
SUC-03,PROD-013,Iluminación,455.25,0.0,89.0,46.0,43.0,36.0,45.0,43.0,5.099019513592776,172.0,-2.0,10,41,2.0697674418604652,206.0,43.0,0,2025-10-06,172.0,193.52013397723172,148.93375136492043
SUC-05,PROD-012,Herramientas,245.91,0.0,114.0,114.0,122.0,111.0,110.0,107.75,14.244882121894411,431.0,12.0,10,41,1.0580046403712298,353.0,0.0,1,2025-10-06,431.0,317.5673887937512,396.56429975443933
SUC-01,PROD-013,Iluminación,439.45,0.0,49.0,31.0,38.0,25.0,38.0,27.0,14.674240468703424,108.0,0.0,10,41,1.8148148148148149,147.0,18.0,0,2025-10-06,108.0,159.0615722450294,123.78145269868868
SUC-02,PROD-013,Iluminación,452.27,0.0,118.0,36.0,37.0,38.0,0.0,18.75,21.654483754332883,75.0,37.0,10,41,6.293333333333333,183.0,82.0,0,2025-10-06,75.0,190.5906886433266,148.92525816821632
SUC-04,PROD-013,Iluminación,454.03,0.0,82.0,42.0,39.0,50.0,56.0,44.0,11.165422816296132,176.0,-17.0,10,41,1.8636363636363635,224.0,40.0,0,2025-10-06,176.0,222.36416338710663,165.94660106286616
SUC-05,PROD-013,Iluminación,453.5,0.0,94.0,75.0,57.0,60.0,98.0,53.75,40.40111384603153,215.0,-41.0,10,41,1.7488372093023257,265.0,19.0,0,2025-10-06,215.0,287.0363033363708,259.9176753361017
SUC-04,PROD-016,Herramientas,333.86,1.0,50.0,50.0,50.0,52.0,40.0,43.5,9.291573243177568,174.0,10.0,10,41,1.1494252873563218,212.0,0.0,1,2025-10-06,174.0,153.481753089794,179.52024485045104
SUC-03,PROD-011,Decoración,328.49,0.0,26.0,26.0,43.0,42.0,30.0,39.25,6.184658438426489,157.0,13.0,10,41,0.6624203821656051,180.0,0.0,1,2025-10-06,157.0,133.19873110262571,166.46649387829794
SUC-03,PROD-017,Iluminación,117.91,0.0,33.0,31.0,36.0,29.0,41.0,31.5,9.110433579144294,126.0,-5.0,10,41,1.0476190476190477,169.0,2.0,0,2025-10-06,126.0,133.35668940973895,119.31141411883317
SUC-04,PROD-009,Iluminación,549.21,0.0,23.0,15.0,15.0,17.0,20.0,17.0,2.160246899469288,68.0,-5.0,10,41,1.3529411764705883,78.0,8.0,0,2025-10-06,68.0,73.35804272730398,64.08439941766183
SUC-05,PROD-009,Iluminación,526.79,0.0,41.0,17.0,21.0,27.0,17.0,21.0,4.320493798938572,84.0,4.0,10,41,1.9523809523809523,81.0,24.0,0,2025-10-06,84.0,89.92288821890023,76.44338224955874
SUC-02,PROD-017,Iluminación,113.73,0.0,67.0,29.0,20.0,31.0,34.0,30.25,7.13559154286922,121.0,-14.0,10,41,2.2148760330578514,107.0,38.0,0,2025-10-06,121.0,121.07230505663108,113.7178581423164
SUC-01,PROD-010,Accesorios,386.21,0.0,72.0,38.0,46.0,40.0,42.0,43.75,3.304037933599827,175.0,4.0,10,41,1.6457142857142857,181.0,34.0,0,2025-10-06,175.0,166.6692200292258,168.79980294397444
SUC-03,PROD-014,Accesorios,542.69,0.0,42.0,33.0,24.0,18.0,25.0,22.25,3.095695936834441,89.0,-1.0,10,41,1.8876404494382022,111.0,9.0,0,2025-10-06,89.0,94.52612568301292,94.901478429413
SUC-02,PROD-010,Accesorios,401.43,0.0,65.0,46.0,45.0,44.0,54.0,50.5,7.234178138070287,202.0,-9.0,10,41,1.2871287128712872,158.0,19.0,0,2025-10-06,202.0,184.52444269528647,195.89884849409847
SUC-01,PROD-001,Iluminación,321.05,0.0,58.0,30.0,37.0,28.0,14.0,19.75,16.21470525993817,79.0,23.0,10,41,2.9367088607594938,139.0,28.0,0,2025-10-06,79.0,148.29671099063563,111.26308053009365
SUC-03,PROD-010,Accesorios,399.26,0.0,87.0,62.0,68.0,64.0,68.0,68.25,3.6855573979159897,273.0,0.0,10,41,1.2747252747252746,265.0,25.0,0,2025-10-06,273.0,221.4662094218845,275.28116407942764
SUC-01,PROD-017,Iluminación,117.8,0.0,24.0,23.0,24.0,24.0,28.0,22.75,5.500000000000012,91.0,-4.0,10,41,1.054945054945055,104.0,1.0,0,2025-10-06,91.0,91.19818946302632,86.36385365505015
SUC-04,PROD-010,Accesorios,333.96,1.0,57.0,57.0,73.0,76.0,72.0,73.75,1.7078251276596002,295.0,1.0,10,41,0.7728813559322034,325.0,0.0,1,2025-10-06,295.0,237.367838125506,303.6989002232001
SUC-02,PROD-015,Decoración,572.23,0.0,42.0,24.0,21.0,31.0,0.0,13.0,15.556349186104045,52.0,21.0,10,41,3.230769230769231,60.0,18.0,0,2025-10-06,52.0,98.0805862232053,103.37243625341802
SUC-01,PROD-014,Accesorios,475.61,1.0,12.0,12.0,20.0,16.0,0.0,9.0,10.519822558706334,36.0,20.0,10,41,1.3333333333333333,75.0,0.0,1,2025-10-06,36.0,59.33877477313129,68.80350693919658
SUC-05,PROD-010,Accesorios,388.93,0.0,127.0,43.0,69.0,58.0,81.0,67.5,10.082988974836121,270.0,-12.0,10,41,1.8814814814814815,405.0,84.0,0,2025-10-06,270.0,267.21415581429613,273.3330776715258
SUC-05,PROD-016,Herramientas,329.84,1.0,48.0,48.0,58.0,40.0,120.0,54.5,49.94330118577799,218.0,-62.0,10,41,0.8807339449541285,233.0,0.0,1,2025-10-06,218.0,229.57850679400988,268.55121252483315
SUC-03,PROD-001,Iluminación,291.92,1.0,62.0,62.0,46.0,52.0,0.0,24.5,28.396009109262756,98.0,46.0,10,41,2.5306122448979593,177.0,0.0,1,2025-10-06,98.0,193.4958980561416,189.89094866000013
SUC-02,PROD-011,Decoración,325.23,0.0,16.0,16.0,41.0,39.0,32.0,40.0,6.582805886043828,160.0,9.0,10,41,0.4,169.0,0.0,1,2025-10-06,160.0,116.59502342527966,161.8011029549798
SUC-04,PROD-014,Accesorios,477.11,1.0,28.0,28.0,33.0,34.0,0.0,16.75,19.345542122153102,67.0,33.0,10,41,1.671641791044776,151.0,0.0,1,2025-10-06,67.0,127.13470661097718,131.50281166591685
SUC-05,PROD-017,Iluminación,119.1,0.0,34.0,34.0,41.0,50.0,66.0,52.0,10.360180178613344,208.0,-25.0,10,41,0.6538461538461539,46.0,0.0,1,2025-10-06,208.0,174.31119629121795,179.90516039278342
SUC-03,PROD-002,Accesorios,119.39,0.0,79.0,46.0,76.0,60.0,61.0,55.25,22.081289213570237,221.0,15.0,10,41,1.4298642533936652,170.0,33.0,0,2025-10-06,221.0,215.7777316000261,203.47138781445588
SUC-01,PROD-007,Decoración,163.1,0.0,63.0,29.0,41.0,18.0,24.0,27.75,9.742518497116993,111.0,17.0,10,41,2.27027027027027,151.0,34.0,0,2025-10-06,111.0,116.40500261572949,121.5737137935594
SUC-01,PROD-006,Accesorios,533.87,0.0,18.0,15.0,22.0,15.0,17.0,17.75,2.986078811194815,71.0,5.0,10,41,1.0140845070422535,68.0,3.0,0,2025-10-06,71.0,60.02653688070862,64.33735533180271
SUC-05,PROD-004,Herramientas,137.33,1.0,38.0,38.0,29.0,27.0,28.0,33.5,11.030261405182864,134.0,1.0,10,41,1.1343283582089552,163.0,0.0,1,2025-10-06,134.0,112.3317632440992,123.5169068086053
SUC-01,PROD-003,Decoración,148.71,0.0,30.0,30.0,31.0,35.0,24.0,31.5,5.4467115461227325,126.0,7.0,10,41,0.9523809523809523,145.0,0.0,1,2025-10-06,126.0,115.41468994428023,131.09440508810349
SUC-03,PROD-019,Decoración,382.78,0.0,240.0,82.0,87.0,74.0,70.0,73.25,10.43631480296884,293.0,17.0,10,41,3.2764505119453924,291.0,158.0,0,2025-10-06,293.0,288.4746718129892,333.167964263162
SUC-05,PROD-007,Decoración,163.25,0.0,52.0,52.0,39.0,69.0,53.0,52.75,12.392874296680867,211.0,-14.0,10,41,0.985781990521327,268.0,0.0,1,2025-10-06,211.0,185.34158763374379,213.31886799094158
SUC-02,PROD-018,Accesorios,216.84,0.0,0.0,0.0,0.0,0.0,23.0,9.5,11.445523142259601,38.0,-23.0,10,41,0.0,73.0,0.0,1,2025-10-06,38.0,48.863036538969936,85.61978315178975
SUC-05,PROD-018,Accesorios,184.3,1.0,57.0,18.0,26.0,34.0,31.0,29.5,3.696845502136475,118.0,-5.0,10,41,1.9322033898305084,117.0,39.0,0,2025-10-06,118.0,120.15696983464676,120.3747008910709
SUC-02,PROD-006,Accesorios,525.0,0.0,40.0,24.0,20.0,21.0,0.0,10.25,11.84271928232701,41.0,20.0,10,41,3.902439024390244,101.0,16.0,0,2025-10-06,41.0,83.52023960750375,80.23601225816667
SUC-01,PROD-020,Herramientas,329.81,0.0,0.0,0.0,0.0,3.0,43.0,26.5,29.71531591620725,106.0,-43.0,10,41,0.0,73.0,0.0,1,2025-10-06,106.0,124.41590450353328,194.12291046426344
SUC-04,PROD-007,Decoración,141.41,1.0,61.0,61.0,40.0,53.0,56.0,47.75,7.932002689527192,191.0,-16.0,10,41,1.2774869109947644,210.0,0.0,1,2025-10-06,191.0,178.75630159158501,228.33283910234658
SUC-02,PROD-003,Decoración,153.67,0.0,57.0,53.0,61.0,57.0,44.0,53.75,7.274384280931731,215.0,17.0,10,41,1.0604651162790697,192.0,4.0,0,2025-10-06,215.0,163.76601486244002,193.83535659166535
SUC-05,PROD-001,Iluminación,329.41,0.0,174.0,81.0,75.0,80.0,0.0,38.75,44.791182167922294,155.0,75.0,10,41,4.490322580645161,275.0,93.0,0,2025-10-06,155.0,288.4010845289813,279.4762845929154
SUC-03,PROD-006,Accesorios,474.55,1.0,32.0,32.0,26.0,31.0,25.0,25.0,5.3541261347363465,100.0,1.0,10,41,1.28,138.0,0.0,1,2025-10-06,100.0,102.60941572303383,97.61749499604568
SUC-01,PROD-008,Herramientas,258.57,0.0,0.0,0.0,0.0,0.0,34.0,11.25,16.028620235898867,45.0,-34.0,10,41,0.0,133.0,0.0,1,2025-10-06,45.0,66.30356067694802,127.00325475255745
SUC-04,PROD-004,Herramientas,160.3,0.0,37.0,37.0,33.0,19.0,24.0,27.0,6.683312551921137,108.0,9.0,10,41,1.3703703703703705,102.0,0.0,1,2025-10-06,108.0,100.22961538506796,106.39850050058872
SUC-03,PROD-007,Decoración,165.25,0.0,35.0,35.0,32.0,53.0,34.0,39.25,9.500000000000014,157.0,-2.0,10,41,0.89171974522293,214.0,0.0,1,2025-10-06,157.0,140.06502841033858,172.0700610089658
SUC-04,PROD-003,Decoración,127.07,1.0,136.0,42.0,45.0,45.0,51.0,47.5,2.9999999999999547,190.0,-6.0,10,41,2.863157894736842,285.0,94.0,0,2025-10-06,190.0,210.8030218899985,200.8407949360294
SUC-03,PROD-018,Accesorios,185.43,1.0,50.0,21.0,16.0,15.0,29.0,19.75,6.3966136874651625,79.0,-13.0,10,41,2.5316455696202533,97.0,29.0,0,2025-10-06,79.0,88.63300816811096,84.77716390790151
SUC-04,PROD-006,Accesorios,537.12,0.0,36.0,36.0,30.0,29.0,0.0,14.75,17.03672503740082,59.0,30.0,10,41,2.440677966101695,142.0,0.0,1,2025-10-06,59.0,124.8056802765346,105.61001013890039
SUC-02,PROD-004,Herramientas,153.79,0.0,35.0,14.0,13.0,21.0,3.0,9.25,9.60468635614927,37.0,10.0,10,41,3.7837837837837838,85.0,21.0,0,2025-10-06,37.0,56.47756302962226,71.36189909246532
SUC-04,PROD-019,Decoración,390.55,0.0,312.0,81.0,66.0,77.0,55.0,71.5,14.200938936093868,286.0,11.0,10,41,4.363636363636363,231.0,231.0,0,2025-10-06,286.0,320.8437025637064,325.56188743670896
SUC-02,PROD-007,Decoración,158.68,0.0,41.0,41.0,64.0,38.0,0.0,25.5,31.29962726082639,102.0,64.0,10,41,1.607843137254902,195.0,0.0,1,2025-10-06,102.0,149.7106655539238,182.90545466488854
SUC-05,PROD-019,Decoración,340.37,1.0,132.0,116.0,90.0,74.0,0.0,41.0,47.791212581394085,164.0,90.0,10,41,3.2195121951219514,439.0,16.0,0,2025-10-06,164.0,292.5242173010889,300.5296840275737
SUC-04,PROD-018,Accesorios,216.97,0.0,15.0,15.0,41.0,31.0,34.0,30.0,11.460075625114058,120.0,7.0,10,41,0.5,116.0,0.0,1,2025-10-06,120.0,115.67865988133453,117.28272714023451
SUC-05,PROD-006,Accesorios,541.12,0.0,61.0,39.0,40.0,33.0,35.0,36.0,2.943920288775834,144.0,5.0,10,41,1.6944444444444444,153.0,22.0,0,2025-10-06,144.0,139.55121380758638,126.83363668415058
SUC-05,PROD-003,Decoración,128.82,1.0,42.0,42.0,74.0,68.0,0.0,35.5,41.06498914322678,142.0,74.0,10,41,1.1830985915492958,357.0,0.0,1,2025-10-06,142.0,223.6655506991555,268.9337659077391
SUC-01,PROD-004,Herramientas,158.17,0.0,21.0,15.0,18.0,17.0,16.0,16.25,1.7078251276599263,65.0,2.0,10,41,1.2923076923076924,73.0,6.0,0,2025-10-06,65.0,37.18935416408965,65.17488047385767
SUC-02,PROD-002,Accesorios,117.97,0.0,41.0,36.0,40.0,36.0,36.0,38.5,3.0000000000000155,154.0,4.0,10,41,1.0649350649350648,156.0,5.0,0,2025-10-06,154.0,138.70283976970418,158.5029296291227
SUC-03,PROD-004,Herramientas,155.71,0.0,29.0,29.0,30.0,16.0,17.0,20.75,6.396613687465162,83.0,13.0,10,41,1.3975903614457832,119.0,0.0,1,2025-10-06,83.0,74.14123450811451,86.59983720559347
SUC-03,PROD-020,Herramientas,329.95,0.0,107.0,86.0,84.0,98.0,31.0,72.75,29.067450295247202,291.0,53.0,10,41,1.470790378006873,313.0,21.0,0,2025-10-06,291.0,241.10817964101355,310.6338549465443
SUC-03,PROD-005,Iluminación,530.72,0.0,95.0,46.0,52.0,72.0,44.0,56.25,11.786291472158105,225.0,8.0,10,41,1.6888888888888889,173.0,49.0,0,2025-10-06,225.0,201.48322680415478,195.58135559456875
SUC-02,PROD-008,Herramientas,261.49,0.0,125.0,36.0,27.0,42.0,29.0,31.25,7.22841614740048,125.0,-2.0,10,41,4.0,142.0,89.0,0,2025-10-06,125.0,131.53156129617878,157.9526163311949
SUC-04,PROD-002,Accesorios,120.02,0.0,46.0,46.0,79.0,37.0,50.0,52.5,18.44812546936229,210.0,29.0,10,41,0.8761904761904762,217.0,0.0,1,2025-10-06,210.0,210.4086486481828,204.40603647666683
SUC-02,PROD-019,Decoración,374.71,0.0,45.0,45.0,47.0,69.0,48.0,54.0,10.230672835481853,216.0,-1.0,10,41,0.8333333333333334,287.0,0.0,1,2025-10-06,216.0,184.76390647269142,183.52385544085544
SUC-04,PROD-020,Herramientas,327.17,0.0,75.0,75.0,94.0,75.0,61.0,82.75,18.19111504737043,331.0,33.0,10,41,0.9063444108761329,346.0,0.0,1,2025-10-06,331.0,246.6833626446048,283.6916558650186
SUC-01,PROD-005,Iluminación,460.75,1.0,10.0,10.0,44.0,35.0,34.0,34.5,7.767453465154026,138.0,10.0,10,41,0.2898550724637681,142.0,0.0,1,2025-10-06,138.0,130.08891874444282,113.5835619354416
SUC-03,PROD-008,Herramientas,267.79,0.0,44.0,35.0,46.0,28.0,41.0,38.0,7.615773105863905,152.0,5.0,10,41,1.1578947368421053,145.0,9.0,0,2025-10-06,152.0,126.16422899754252,166.70355998520733
SUC-04,PROD-005,Iluminación,540.64,0.0,49.0,49.0,62.0,29.0,46.0,46.25,13.524668819112202,185.0,16.0,10,41,1.0594594594594595,198.0,0.0,1,2025-10-06,185.0,199.62492444421295,177.59088899145505
SUC-02,PROD-020,Herramientas,323.28,0.0,135.0,52.0,65.0,70.0,92.0,70.5,15.631165450257795,282.0,-27.0,10,41,1.9148936170212767,260.0,83.0,0,2025-10-06,282.0,229.84875887354275,285.18328421183224
SUC-01,PROD-019,Decoración,322.55,1.0,0.0,0.0,0.0,24.0,32.0,20.75,14.221462653327889,83.0,-32.0,10,41,0.0,221.0,0.0,1,2025-10-06,83.0,126.31623855397478,119.58663441188445
SUC-05,PROD-002,Accesorios,118.97,0.0,25.0,25.0,65.0,60.0,58.0,63.5,5.802298395176374,254.0,7.0,10,41,0.3937007874015748,282.0,0.0,1,2025-10-06,254.0,196.90018512145596,192.04965716574796
SUC-01,PROD-018,Accesorios,212.03,0.0,14.0,13.0,18.0,13.0,12.0,14.25,2.6299556396765915,57.0,6.0,10,41,0.9824561403508771,68.0,1.0,0,2025-10-06,57.0,40.61481742641834,58.548944444759435
SUC-05,PROD-005,Iluminación,550.89,0.0,71.0,59.0,59.0,90.0,80.0,73.5,14.10673597966588,294.0,-21.0,10,41,0.9659863945578231,199.0,12.0,0,2025-10-06,294.0,239.04508829651417,271.4965726767785
SUC-01,PROD-002,Accesorios,120.26,0.0,,27.0,39.0,33.0,33.0,35.75,3.2015621187164287,143.0,6.0,10,41,,37.0,,0,2025-10-06,143.0,142.98449392866442,154.67856944676416
SUC-02,PROD-005,Iluminación,541.03,0.0,60.0,25.0,37.0,39.0,0.0,19.0,21.954498400100153,76.0,37.0,10,41,3.1578947368421053,151.0,35.0,0,2025-10-06,76.0,156.35832347060682,131.29608963161843
SUC-05,PROD-005,Iluminación,547.25,0.0,208.0,47.0,59.0,59.0,65.0,68.25,14.773286702694152,273.0,-6.0,10,42,3.0476190476190474,219.0,161.0,0,2025-10-13,273.0,270.54756923267115,254.52608264636984
SUC-02,PROD-004,Herramientas,156.94,0.0,85.0,17.0,14.0,13.0,0.0,12.0,8.755950357709128,48.0,14.0,10,42,7.083333333333333,98.0,68.0,0,2025-10-13,48.0,70.0135034137007,93.04924897049978
SUC-04,PROD-006,Accesorios,532.92,0.0,118.0,34.0,36.0,30.0,0.0,23.75,16.132265804901678,95.0,36.0,10,42,4.968421052631579,159.0,84.0,0,2025-10-13,95.0,154.21207621780138,132.0564278799976
SUC-01,PROD-002,Accesorios,118.5,0.0,0.0,0.0,27.0,39.0,38.0,34.25,5.500000000000002,137.0,-11.0,10,42,0.0,75.0,0.0,1,2025-10-13,137.0,112.24389163334229,126.51270536641431
SUC-03,PROD-006,Accesorios,469.73,1.0,126.0,22.0,32.0,26.0,18.0,26.75,6.3966136874651705,107.0,14.0,10,42,4.710280373831775,151.0,104.0,0,2025-10-13,107.0,134.00944477098156,115.94310543003034
SUC-02,PROD-019,Decoración,376.36,0.0,255.0,73.0,45.0,47.0,52.0,53.25,10.904891868637042,213.0,-7.0,10,42,4.788732394366197,283.0,182.0,0,2025-10-13,213.0,249.19066863387565,255.74869038749938
SUC-04,PROD-019,Decoración,379.98,0.0,231.0,77.0,81.0,66.0,88.0,78.0,9.201449161228181,312.0,-7.0,10,42,2.9615384615384617,154.0,154.0,0,2025-10-13,312.0,304.39091653241775,322.4309642943629
SUC-04,PROD-018,Accesorios,207.42,0.0,81.0,21.0,15.0,41.0,14.0,25.25,13.073510112692258,101.0,1.0,10,42,3.207920792079208,123.0,60.0,0,2025-10-13,101.0,123.96867151510835,109.93093760174297
SUC-03,PROD-010,Accesorios,402.59,0.0,259.0,35.0,62.0,68.0,73.0,66.75,4.856267428111149,267.0,-11.0,10,42,3.8801498127340825,318.0,224.0,0,2025-10-13,267.0,279.3002104895801,284.25108166054235
SUC-01,PROD-012,Herramientas,249.99,0.0,180.0,85.0,71.0,45.0,31.0,48.5,16.6032125405497,194.0,40.0,10,42,3.711340206185567,249.0,95.0,0,2025-10-13,194.0,226.19285074801246,206.0638921242872
SUC-03,PROD-005,Iluminación,458.16,1.0,194.0,54.0,46.0,52.0,57.0,56.75,11.11680409710154,227.0,-11.0,10,42,3.4185022026431717,161.0,140.0,0,2025-10-13,227.0,232.4867687934382,239.12015254516726
SUC-05,PROD-006,Accesorios,540.03,0.0,116.0,36.0,39.0,40.0,36.0,37.0,3.162277660168275,148.0,3.0,10,42,3.135135135135135,159.0,80.0,0,2025-10-13,148.0,159.77878783773562,155.60160232846704
SUC-01,PROD-017,Iluminación,118.78,0.0,98.0,34.0,23.0,24.0,15.0,21.5,4.358898943540689,86.0,8.0,10,42,4.558139534883721,96.0,64.0,0,2025-10-13,86.0,109.85319398658856,97.98139830349392
SUC-04,PROD-015,Decoración,572.47,0.0,123.0,45.0,26.0,52.0,36.0,43.25,14.997221964972939,173.0,-10.0,10,42,2.8439306358381504,182.0,78.0,0,2025-10-13,173.0,176.21611560047884,167.02852797692495
SUC-01,PROD-004,Herramientas,151.52,0.0,52.0,20.0,15.0,18.0,14.0,16.0,1.8257418583505471,64.0,1.0,10,42,3.25,73.0,32.0,0,2025-10-13,64.0,46.28601651269693,70.63689848318181
SUC-05,PROD-011,Decoración,334.52,0.0,242.0,69.0,18.0,78.0,47.0,53.75,27.35415873317986,215.0,-29.0,10,42,4.502325581395349,287.0,173.0,0,2025-10-13,215.0,254.48379586804975,279.5489215918552
SUC-02,PROD-005,Iluminación,538.6,0.0,127.0,32.0,25.0,37.0,0.0,25.25,17.932744723921477,101.0,25.0,10,42,5.02970297029703,153.0,95.0,0,2025-10-13,101.0,168.72174823907568,135.37975395145796
SUC-02,PROD-010,Accesorios,401.42,0.0,158.0,46.0,46.0,45.0,59.0,48.5,7.047458170622045,194.0,-13.0,10,42,3.2577319587628866,112.0,112.0,0,2025-10-13,194.0,217.39498175057705,189.78632294258017
SUC-01,PROD-013,Iluminación,447.23,0.0,127.0,42.0,31.0,38.0,7.0,25.25,13.27591804735175,101.0,24.0,10,42,5.02970297029703,132.0,85.0,0,2025-10-13,101.0,172.84334418933457,138.32606780501638
SUC-02,PROD-012,Herramientas,213.98,1.0,435.0,117.0,54.0,79.0,37.0,58.5,17.635192088548404,234.0,17.0,10,42,7.435897435897436,356.0,318.0,0,2025-10-13,234.0,328.5143704765093,347.94880062865104
SUC-05,PROD-012,Herramientas,250.97,0.0,353.0,97.0,114.0,122.0,88.0,108.75,14.591664287073872,435.0,26.0,10,42,3.245977011494253,256.0,256.0,0,2025-10-13,435.0,387.0820109682577,475.0759025543026
SUC-04,PROD-011,Decoración,320.06,0.0,199.0,60.0,15.0,56.0,17.0,36.5,23.69950773047127,146.0,-2.0,10,42,5.4520547945205475,254.0,139.0,0,2025-10-13,146.0,215.21987870652003,228.06931521630236
SUC-03,PROD-012,Herramientas,,0.0,335.0,106.0,62.0,87.0,63.0,75.75,15.3920975395385,303.0,-1.0,10,42,4.422442244224422,361.0,229.0,0,2025-10-13,303.0,317.6363126578035,353.3112322290855
SUC-05,PROD-004,Herramientas,153.45,0.0,154.0,30.0,38.0,29.0,50.0,36.0,10.488088481701515,144.0,-12.0,10,42,4.277777777777778,187.0,124.0,0,2025-10-13,144.0,161.2582600956154,182.42487881873592
SUC-03,PROD-011,Decoración,329.24,0.0,130.0,40.0,26.0,43.0,42.0,38.25,8.180260794538682,153.0,-16.0,10,42,3.3986928104575163,201.0,90.0,0,2025-10-13,153.0,167.18309524787063,172.58598129378944
SUC-02,PROD-001,Iluminación,322.18,0.0,115.0,28.0,43.0,47.0,36.0,38.5,8.34665601703261,154.0,7.0,10,42,2.987012987012987,171.0,87.0,0,2025-10-13,154.0,185.3388060060292,181.34624742279485
SUC-01,PROD-005,Iluminación,457.94,1.0,109.0,32.0,10.0,44.0,25.0,28.5,14.571661996262927,114.0,-15.0,10,42,3.824561403508772,142.0,77.0,0,2025-10-13,114.0,155.13300193307606,126.27825682949951
SUC-02,PROD-011,Decoración,331.91,0.0,165.0,32.0,16.0,41.0,48.0,36.0,13.880441875771341,144.0,-32.0,10,42,4.583333333333333,185.0,133.0,0,2025-10-13,144.0,169.54111850606722,187.56052421691078
SUC-01,PROD-006,Accesorios,,0.0,70.0,20.0,15.0,22.0,17.0,17.25,3.3040379335998304,69.0,-2.0,10,42,4.057971014492754,78.0,50.0,0,2025-10-13,69.0,80.90538598959515,77.48506258786794
SUC-04,PROD-016,Herramientas,387.01,0.0,210.0,48.0,50.0,50.0,32.0,46.0,9.380831519646858,184.0,18.0,10,42,4.565217391304348,228.0,162.0,0,2025-10-13,184.0,200.74841935122717,220.03334962337289
SUC-03,PROD-019,Decoración,389.41,0.0,158.0,82.0,82.0,87.0,62.0,76.25,10.904891868637055,305.0,20.0,10,42,2.0721311475409836,316.0,76.0,0,2025-10-13,305.0,260.2031441338153,302.84661184419576
SUC-02,PROD-013,Iluminación,,1.0,198.0,28.0,36.0,37.0,0.0,27.75,18.518009252256753,111.0,36.0,10,42,7.135135135135135,214.0,170.0,0,2025-10-13,111.0,216.12973317644838,196.8357392544819
SUC-04,PROD-010,Accesorios,400.98,0.0,299.0,88.0,57.0,73.0,74.0,70.0,8.755950357709064,280.0,-17.0,10,42,4.271428571428571,304.0,211.0,0,2025-10-13,280.0,314.727068797785,311.80844886023556
SUC-02,PROD-006,Accesorios,521.16,0.0,75.0,27.0,24.0,20.0,0.0,16.25,10.965856099730654,65.0,24.0,10,42,4.615384615384615,101.0,48.0,0,2025-10-13,65.0,95.55373245886236,95.72692565508397
SUC-01,PROD-019,Decoración,339.89,1.0,189.0,55.0,0.0,0.0,27.0,12.75,14.773286702694154,51.0,-27.0,10,42,14.823529411764707,258.0,134.0,0,2025-10-13,51.0,185.1459633273485,171.80127535625132
SUC-05,PROD-016,Herramientas,386.46,0.0,164.0,47.0,48.0,58.0,0.0,36.5,25.423086620891127,146.0,48.0,10,42,4.493150684931507,270.0,117.0,0,2025-10-13,146.0,195.9623318242214,199.7052100623404
SUC-05,PROD-010,Accesorios,336.31,1.0,319.0,144.0,43.0,69.0,62.0,58.0,10.984838035522726,232.0,-19.0,10,42,5.5,368.0,175.0,0,2025-10-13,232.0,318.2786115614925,282.5685473759128
SUC-01,PROD-016,Herramientas,384.54,0.0,108.0,31.0,34.0,28.0,24.0,30.0,4.898979485566353,120.0,10.0,10,42,3.6,77.0,77.0,0,2025-10-13,120.0,104.15512608051571,133.53040339752843
SUC-05,PROD-015,Decoración,582.08,0.0,149.0,47.0,57.0,66.0,50.0,58.0,6.582805886043871,232.0,7.0,10,42,2.5689655172413794,228.0,102.0,0,2025-10-13,232.0,201.2991465282035,171.74296528036223
SUC-04,PROD-004,Herramientas,151.32,0.0,137.0,35.0,37.0,33.0,32.0,30.25,7.804912982645394,121.0,5.0,10,42,4.528925619834711,95.0,102.0,0,2025-10-13,121.0,143.47737538623977,154.83851357874138
SUC-04,PROD-005,Iluminación,534.39,0.0,133.0,59.0,49.0,62.0,48.0,47.0,13.589211407092977,188.0,1.0,10,42,2.8297872340425534,194.0,74.0,0,2025-10-13,188.0,231.60520235941192,188.71484435262863
SUC-03,PROD-001,Iluminación,339.36,0.0,185.0,64.0,62.0,46.0,0.0,40.0,27.47119703738202,160.0,62.0,10,42,4.625,154.0,121.0,0,2025-10-13,160.0,236.23259115663998,235.47883235310442
SUC-03,PROD-020,Herramientas,316.14,0.0,223.0,86.0,86.0,84.0,78.0,86.5,8.38649708360608,346.0,8.0,10,42,2.578034682080925,325.0,137.0,0,2025-10-13,346.0,271.4249497309835,333.84412201279105
SUC-03,PROD-004,Herramientas,136.21,1.0,112.0,20.0,29.0,30.0,20.0,23.75,6.849574196011504,95.0,9.0,10,42,4.71578947368421,132.0,92.0,0,2025-10-13,95.0,108.69880590393885,114.92802184308071
SUC-04,PROD-012,Herramientas,249.73,0.0,345.0,130.0,46.0,109.0,89.0,81.25,26.285293733695806,325.0,-43.0,10,42,4.246153846153846,472.0,215.0,0,2025-10-13,325.0,361.2012360455658,351.75818202861234
SUC-05,PROD-018,Accesorios,216.2,0.0,79.0,34.0,18.0,26.0,27.0,26.25,6.55108133567785,105.0,-9.0,10,42,3.0095238095238095,114.0,45.0,0,2025-10-13,105.0,121.59099236794233,108.3338225042931
SUC-05,PROD-007,Decoración,158.28,0.0,278.0,47.0,52.0,39.0,50.0,52.5,12.396235987858033,210.0,2.0,10,42,5.295238095238095,287.0,231.0,0,2025-10-13,210.0,256.13633068379175,270.1732862668378
SUC-02,PROD-015,Decoración,555.23,0.0,18.0,18.0,24.0,21.0,0.0,19.0,13.341664064126334,76.0,24.0,10,42,0.9473684210526315,77.0,0.0,1,2025-10-13,76.0,85.72643061996519,94.58501753595554
SUC-04,PROD-007,Decoración,160.74,0.0,151.0,62.0,61.0,40.0,42.0,49.0,9.831920802501747,196.0,19.0,10,42,3.0816326530612246,205.0,89.0,0,2025-10-13,196.0,209.0528231896784,217.97220548799612
SUC-03,PROD-017,Iluminación,101.9,1.0,128.0,61.0,31.0,36.0,20.0,29.0,6.683312551921134,116.0,11.0,10,42,4.413793103448276,152.0,67.0,0,2025-10-13,116.0,156.1056946196616,129.45506886394196
SUC-01,PROD-014,Accesorios,536.38,0.0,74.0,21.0,12.0,20.0,0.0,12.0,8.640987597877148,48.0,12.0,10,42,6.166666666666667,77.0,53.0,0,2025-10-13,48.0,74.57734118240693,91.88705145602597
SUC-03,PROD-009,Iluminación,523.42,0.0,0.0,0.0,0.0,17.0,13.0,12.0,8.28653526310404,48.0,-13.0,10,42,0.0,29.0,0.0,1,2025-10-13,48.0,44.56817456346829,54.541926557289194
SUC-01,PROD-007,Decoración,160.84,0.0,114.0,45.0,29.0,41.0,28.0,29.0,9.416297927883694,116.0,1.0,10,42,3.9310344827586206,147.0,69.0,0,2025-10-13,116.0,135.6580635137756,148.3419131418978
SUC-02,PROD-018,Accesorios,217.82,0.0,52.0,19.0,0.0,0.0,15.0,3.75,7.500000000000006,15.0,-15.0,10,42,13.866666666666667,79.0,33.0,0,2025-10-13,15.0,64.11575651901077,81.45947775318359
SUC-01,PROD-003,Decoración,149.68,0.0,151.0,23.0,30.0,31.0,36.0,33.0,2.9439202887759532,132.0,-6.0,10,42,4.575757575757576,165.0,128.0,0,2025-10-13,132.0,155.958102251666,179.720137241027
SUC-01,PROD-001,Iluminación,,0.0,122.0,34.0,30.0,37.0,0.0,23.75,16.296727687892844,95.0,30.0,10,42,5.136842105263158,138.0,88.0,0,2025-10-13,95.0,164.01749156106717,141.57243447048603
SUC-01,PROD-020,Herramientas,275.63,1.0,0.0,0.0,0.0,0.0,60.0,15.75,29.533878851244715,63.0,-60.0,10,42,0.0,149.0,0.0,1,2025-10-13,63.0,131.3842650800638,173.68175364042284
SUC-02,PROD-009,Iluminación,547.6,0.0,33.0,13.0,10.0,12.0,5.0,8.75,2.986078811194818,35.0,5.0,10,42,3.7714285714285714,42.0,20.0,0,2025-10-13,35.0,37.78981779848641,39.35271710759714
SUC-03,PROD-014,Accesorios,553.31,0.0,90.0,37.0,33.0,24.0,22.0,24.25,6.344288770224755,97.0,11.0,10,42,3.711340206185567,109.0,53.0,0,2025-10-13,97.0,118.2390958138678,112.66624965630355
SUC-01,PROD-008,Herramientas,261.18,0.0,87.0,29.0,0.0,0.0,11.0,2.75,5.500000000000003,11.0,-11.0,10,42,31.636363636363637,142.0,58.0,0,2025-10-13,11.0,87.93618349021241,87.71609166432694
SUC-04,PROD-001,Iluminación,335.3,0.0,154.0,50.0,44.0,47.0,37.0,47.0,9.62635271879576,188.0,7.0,10,42,3.276595744680851,235.0,104.0,0,2025-10-13,188.0,231.46348506810858,185.78919948705956
SUC-02,PROD-003,Decoración,151.68,0.0,159.0,55.0,53.0,61.0,53.0,56.0,3.82970843102535,224.0,0.0,10,42,2.8392857142857144,193.0,104.0,0,2025-10-13,224.0,194.53980513458256,241.82576251952952
SUC-05,PROD-002,Accesorios,117.03,0.0,247.0,55.0,25.0,65.0,71.0,55.25,20.6619618300554,221.0,-46.0,10,42,4.470588235294118,309.0,192.0,0,2025-10-13,221.0,274.79888815302047,280.4933027604227
SUC-04,PROD-002,Accesorios,121.4,0.0,217.0,60.0,46.0,79.0,44.0,51.5,18.7349939951952,206.0,2.0,10,42,4.213592233009709,157.0,157.0,0,2025-10-13,206.0,262.14738254420536,252.5016420764336
SUC-04,PROD-014,Accesorios,463.22,1.0,170.0,44.0,28.0,33.0,0.0,23.75,16.049402896473545,95.0,28.0,10,42,7.157894736842105,140.0,126.0,0,2025-10-13,95.0,169.49913491297514,151.84526344937026
SUC-05,PROD-008,Herramientas,260.45,0.0,215.0,85.0,0.0,0.0,20.0,5.0,10.000000000000012,20.0,-20.0,10,42,43.0,250.0,130.0,0,2025-10-13,20.0,188.27948988475498,225.08669043142964
SUC-01,PROD-018,Accesorios,211.97,0.0,47.0,13.0,13.0,18.0,14.0,14.5,2.3804761428476255,58.0,-1.0,10,42,3.2413793103448274,73.0,34.0,0,2025-10-13,58.0,51.69117266446108,67.45860644945014
SUC-02,PROD-008,Herramientas,257.38,0.0,160.0,34.0,36.0,27.0,27.0,33.0,7.3484692283495345,132.0,9.0,10,42,4.848484848484849,180.0,126.0,0,2025-10-13,132.0,142.18547502091042,175.20529854808635
SUC-01,PROD-015,Decoración,552.48,0.0,104.0,25.0,25.0,23.0,26.0,23.25,3.0956959368344608,93.0,-1.0,10,42,4.473118279569892,108.0,79.0,0,2025-10-13,93.0,103.54427776040094,119.59019180456912
SUC-02,PROD-020,Herramientas,333.25,0.0,190.0,68.0,52.0,65.0,55.0,60.5,8.426149773176338,242.0,-3.0,10,42,3.1404958677685952,276.0,122.0,0,2025-10-13,242.0,219.24911493470853,250.49461356237788
SUC-03,PROD-002,Accesorios,117.48,0.0,166.0,36.0,46.0,76.0,24.0,51.5,22.052966542697455,206.0,22.0,10,42,3.2233009708737863,192.0,130.0,0,2025-10-13,206.0,222.24370502900848,209.56354373656382
SUC-04,PROD-008,Herramientas,227.37,1.0,295.0,70.0,25.0,90.0,50.0,58.0,27.434771124736336,232.0,-25.0,10,42,5.086206896551724,255.0,225.0,0,2025-10-13,232.0,261.8505236844524,288.8521592173161
SUC-03,PROD-008,Herramientas,255.22,0.0,145.0,42.0,35.0,46.0,37.0,36.5,7.416198487095659,146.0,-2.0,10,42,3.9726027397260273,103.0,103.0,0,2025-10-13,146.0,158.41954706989685,182.11713468884062
SUC-05,PROD-014,Accesorios,557.85,0.0,136.0,33.0,0.0,0.0,0.0,0.0,0.0,0.0,0.0,10,42,,150.0,103.0,0,2025-10-13,0.0,118.38316684626423,149.84712819521954
SUC-04,PROD-020,Herramientas,319.23,0.0,308.0,107.0,75.0,94.0,101.0,86.25,13.301002468485859,345.0,-26.0,10,42,3.571014492753623,371.0,201.0,0,2025-10-13,345.0,329.4249170952475,351.01135447965595
SUC-05,PROD-017,Iluminación,118.29,0.0,0.0,0.0,34.0,41.0,51.0,44.0,8.04155872120985,176.0,-17.0,10,42,0.0,88.0,0.0,1,2025-10-13,176.0,149.2386777298047,127.00564502642754
SUC-04,PROD-017,Iluminación,113.17,0.0,136.0,36.0,12.0,55.0,32.0,38.0,20.21550560007507,152.0,-20.0,10,42,3.5789473684210527,156.0,100.0,0,2025-10-13,152.0,191.55675942370053,172.22724234534545
SUC-04,PROD-009,Iluminación,470.67,1.0,81.0,23.0,15.0,15.0,16.0,15.75,0.9574271077563412,63.0,-1.0,10,42,5.142857142857143,58.0,58.0,0,2025-10-13,63.0,92.77727652332182,74.1575274658692
SUC-02,PROD-016,Herramientas,384.2,0.0,132.0,39.0,32.0,30.0,39.0,34.25,4.031128874149275,137.0,-7.0,10,42,3.854014598540146,93.0,93.0,0,2025-10-13,137.0,127.49166354815343,168.70669582378412
SUC-05,PROD-019,Decoración,326.14,1.0,432.0,100.0,116.0,90.0,0.0,70.0,49.77281721314691,280.0,116.0,10,42,6.171428571428572,425.0,332.0,0,2025-10-13,280.0,408.66956260828096,403.34089457377837
SUC-03,PROD-013,Iluminación,444.99,0.0,189.0,45.0,46.0,43.0,48.0,43.25,5.251983752196234,173.0,-2.0,10,42,4.369942196531792,207.0,144.0,0,2025-10-13,173.0,231.14388220643846,203.70628270230506
SUC-05,PROD-009,Iluminación,537.42,0.0,57.0,12.0,17.0,21.0,19.0,21.0,4.320493798938572,84.0,-2.0,10,42,2.7142857142857144,90.0,45.0,0,2025-10-13,84.0,92.36099961487778,83.09993649852902
SUC-02,PROD-007,Decoración,140.5,1.0,159.0,65.0,41.0,64.0,0.0,35.75,26.512575632455377,143.0,41.0,10,42,4.4475524475524475,185.0,94.0,0,2025-10-13,143.0,182.64233542248937,183.0623522745619
SUC-02,PROD-017,Iluminación,116.13,0.0,92.0,16.0,29.0,20.0,36.0,29.0,6.683312551921145,116.0,-7.0,10,42,3.1724137931034484,127.0,76.0,0,2025-10-13,116.0,130.31738526386783,122.21529935061781
SUC-03,PROD-015,Decoración,573.45,0.0,128.0,38.0,40.0,32.0,44.0,39.5,5.259911279353166,158.0,-4.0,10,42,3.240506329113924,183.0,90.0,0,2025-10-13,158.0,152.43689353576875,163.64686317177254
SUC-01,PROD-010,Accesorios,401.67,0.0,173.0,39.0,38.0,46.0,47.0,42.75,4.425306015783912,171.0,-9.0,10,42,4.046783625730995,191.0,134.0,0,2025-10-13,171.0,200.96714814969977,190.49589983953956
SUC-04,PROD-003,Decoración,151.03,0.0,245.0,63.0,42.0,45.0,49.0,45.25,2.872281323268968,181.0,-7.0,10,42,5.414364640883978,287.0,182.0,0,2025-10-13,181.0,242.93418149989463,221.81873371943962
SUC-05,PROD-001,Iluminación,327.49,0.0,174.0,72.0,81.0,75.0,0.0,59.0,39.42080668885405,236.0,81.0,10,42,2.9491525423728815,277.0,102.0,0,2025-10-13,236.0,283.3932060448435,266.68083962767827
SUC-04,PROD-013,Iluminación,459.29,0.0,163.0,55.0,42.0,39.0,31.0,40.5,7.8528126595931385,162.0,11.0,10,42,4.0246913580246915,228.0,108.0,0,2025-10-13,162.0,234.53602785002664,176.84121470196467
SUC-05,PROD-003,Decoración,148.91,0.0,282.0,90.0,42.0,74.0,0.0,46.0,33.665016461206925,184.0,42.0,10,42,6.130434782608695,364.0,192.0,0,2025-10-13,184.0,281.60322475095376,273.3647507127233
SUC-05,PROD-020,Herramientas,321.16,0.0,424.0,122.0,27.0,151.0,82.0,91.25,51.551753930718334,365.0,-55.0,10,42,4.646575342465753,414.0,302.0,0,2025-10-13,365.0,399.88421139273805,388.0848876312028
SUC-03,PROD-018,Accesorios,218.11,0.0,85.0,22.0,21.0,16.0,19.0,17.75,2.753785273643051,71.0,2.0,10,42,4.788732394366197,98.0,63.0,0,2025-10-13,71.0,93.62425136109226,84.74853268192939
SUC-02,PROD-002,Accesorios,102.46,1.0,234.0,45.0,36.0,40.0,42.0,38.5,3.0000000000000155,154.0,-6.0,10,42,6.077922077922078,154.0,189.0,0,2025-10-13,154.0,205.91202449456205,183.81303204366444
SUC-05,PROD-013,Iluminación,445.99,0.0,201.0,80.0,75.0,57.0,0.0,48.0,32.95451410656817,192.0,75.0,10,42,4.1875,235.0,121.0,0,2025-10-13,192.0,285.23112718266134,254.69634120063787
SUC-03,PROD-007,Decoración,140.57,1.0,238.0,52.0,35.0,32.0,38.0,39.5,9.32737905308883,158.0,-3.0,10,42,6.025316455696203,219.0,186.0,0,2025-10-13,158.0,205.96854087708843,186.69018394486775
SUC-03,PROD-013,Iluminación,389.35,1.0,144.0,85.0,45.0,46.0,36.0,42.5,4.509249752822884,170.0,9.0,10,43,3.388235294117647,161.0,59.0,0,2025-10-20,170.0,213.3798120706222,181.77136447417664
SUC-02,PROD-012,Herramientas,218.79,1.0,318.0,86.0,117.0,54.0,64.0,78.5,27.646579052991957,314.0,53.0,10,43,4.050955414012739,347.0,232.0,0,2025-10-20,314.0,330.12200517405387,331.05204034252614
SUC-01,PROD-016,Herramientas,339.61,1.0,77.0,38.0,31.0,34.0,34.0,31.75,2.8722813232690085,127.0,-3.0,10,43,2.425196850393701,39.0,39.0,0,2025-10-20,127.0,97.3467218519411,140.33007769155793
SUC-04,PROD-015,Decoración,571.07,0.0,78.0,40.0,45.0,26.0,59.0,45.5,14.200938936093866,182.0,-14.0,10,43,1.7142857142857142,194.0,38.0,0,2025-10-20,182.0,169.6624725624884,193.1945819877288
SUC-05,PROD-020,Herramientas,325.71,0.0,302.0,101.0,122.0,27.0,105.0,101.25,53.018078677623414,405.0,17.0,10,43,2.982716049382716,444.0,201.0,0,2025-10-20,405.0,376.4526503691567,379.68288800170427
SUC-04,PROD-014,Accesorios,532.86,0.0,126.0,36.0,44.0,28.0,34.0,34.75,6.7019897542943685,139.0,10.0,10,43,3.6258992805755397,145.0,90.0,0,2025-10-20,139.0,159.2245158392538,155.14882166931508
SUC-05,PROD-013,Iluminación,443.8,0.0,121.0,58.0,80.0,75.0,60.0,68.0,11.224972160321851,272.0,20.0,10,43,1.7794117647058822,237.0,63.0,0,2025-10-20,272.0,264.4498198626045,278.48471043262725
SUC-01,PROD-005,Iluminación,530.38,0.0,77.0,46.0,32.0,10.0,35.0,30.25,14.430869689661812,121.0,-3.0,10,43,2.5454545454545454,119.0,31.0,0,2025-10-20,121.0,145.14646028943602,134.73235879647527
SUC-03,PROD-002,Accesorios,118.5,0.0,130.0,35.0,36.0,46.0,60.0,54.5,17.3877351409933,218.0,-24.0,10,43,2.385321100917431,216.0,95.0,0,2025-10-20,218.0,205.8604057998711,228.43996506941636
SUC-02,PROD-019,Decoración,395.6,0.0,182.0,63.0,73.0,45.0,69.0,58.5,14.54876856186345,234.0,4.0,10,43,3.111111111111111,302.0,119.0,0,2025-10-20,234.0,245.99714451076204,233.89539353149132
SUC-01,PROD-004,Herramientas,156.59,0.0,32.0,17.0,20.0,15.0,17.0,17.5,2.081665999466127,70.0,3.0,10,43,1.8285714285714285,77.0,15.0,0,2025-10-20,70.0,41.606288976534415,69.56495228550264
SUC-03,PROD-020,Herramientas,317.66,0.0,137.0,94.0,86.0,86.0,98.0,88.5,6.403124237432846,354.0,-12.0,10,43,1.5480225988700564,354.0,43.0,0,2025-10-20,354.0,248.80711338937792,372.9347531614556
SUC-02,PROD-002,Accesorios,115.78,0.0,189.0,31.0,45.0,36.0,36.0,39.25,4.272001872658777,157.0,9.0,10,43,4.8152866242038215,166.0,158.0,0,2025-10-20,157.0,191.07973689301627,199.3274901024186
SUC-01,PROD-012,Herramientas,245.84,0.0,95.0,27.0,85.0,71.0,47.0,62.0,19.35630818794397,248.0,38.0,10,43,1.532258064516129,272.0,68.0,0,2025-10-20,248.0,219.8627645725764,254.91783325072765
SUC-05,PROD-003,Decoración,152.58,0.0,192.0,91.0,90.0,42.0,68.0,68.5,19.958289839896935,274.0,22.0,10,43,2.802919708029197,341.0,101.0,0,2025-10-20,274.0,273.3743402201072,282.3677492088093
SUC-05,PROD-014,Accesorios,546.23,0.0,103.0,31.0,33.0,0.0,0.0,8.25,16.5,33.0,33.0,10,43,12.484848484848484,155.0,72.0,0,2025-10-20,33.0,144.050204451469,118.63280330725921
SUC-02,PROD-005,Iluminación,521.42,0.0,95.0,42.0,32.0,25.0,39.0,33.25,6.23832242407099,133.0,-7.0,10,43,2.857142857142857,157.0,53.0,0,2025-10-20,133.0,159.2250605591987,141.5484068499727
SUC-02,PROD-020,Herramientas,319.73,0.0,122.0,71.0,68.0,52.0,70.0,63.75,8.098353742170874,255.0,-2.0,10,43,1.9137254901960785,267.0,51.0,0,2025-10-20,255.0,205.31549553527236,246.867960660226
SUC-03,PROD-015,Decoración,567.57,0.0,90.0,42.0,38.0,40.0,42.0,38.0,4.320493798938573,152.0,-4.0,10,43,2.3684210526315788,184.0,48.0,0,2025-10-20,152.0,139.23327820701954,151.2949302271801
SUC-05,PROD-002,Accesorios,119.79,0.0,192.0,78.0,55.0,25.0,60.0,51.25,17.96988221070651,205.0,-5.0,10,43,3.7463414634146344,294.0,114.0,0,2025-10-20,205.0,251.34567940218028,242.3704912007641
SUC-01,PROD-013,Iluminación,455.16,0.0,85.0,38.0,42.0,31.0,25.0,34.0,7.527726527090805,136.0,17.0,10,43,2.5,128.0,47.0,0,2025-10-20,136.0,161.24514571867982,131.4961562759423
SUC-02,PROD-003,Decoración,147.69,0.0,104.0,62.0,55.0,53.0,57.0,56.5,3.4156502553198633,226.0,-2.0,10,43,1.8407079646017699,191.0,42.0,0,2025-10-20,226.0,175.9196284113796,234.0392234832161
SUC-01,PROD-001,Iluminación,325.62,0.0,88.0,38.0,34.0,30.0,28.0,32.25,4.031128874149264,129.0,6.0,10,43,2.7286821705426356,139.0,50.0,0,2025-10-20,129.0,148.92794034693623,136.18365586877
SUC-04,PROD-004,Herramientas,160.18,0.0,102.0,26.0,35.0,37.0,19.0,31.0,8.164965809277257,124.0,16.0,10,43,3.2903225806451615,101.0,76.0,0,2025-10-20,124.0,127.11647083670842,129.42768800744042
SUC-05,PROD-012,Herramientas,255.81,0.0,256.0,113.0,97.0,114.0,111.0,111.0,10.42433051407461,444.0,-14.0,10,43,2.3063063063063063,143.0,143.0,0,2025-10-20,444.0,349.68833974955146,427.61769711523397
SUC-05,PROD-019,Decoración,392.01,0.0,332.0,118.0,100.0,116.0,74.0,95.0,17.625738755203052,380.0,26.0,10,43,3.4947368421052634,438.0,214.0,0,2025-10-20,380.0,366.18665129543206,419.05711760811147
SUC-05,PROD-015,Decoración,497.79,1.0,102.0,42.0,47.0,57.0,59.0,57.25,7.847504911329067,229.0,-12.0,10,43,1.7816593886462881,267.0,60.0,0,2025-10-20,229.0,186.25110752819094,220.51803923745086
SUC-04,PROD-012,Herramientas,247.11,0.0,215.0,119.0,130.0,46.0,81.0,91.5,36.37306695894644,366.0,49.0,10,43,2.349726775956284,445.0,96.0,0,2025-10-20,366.0,345.0159359028695,383.20792648174245
SUC-01,PROD-014,Accesorios,535.93,0.0,53.0,20.0,21.0,12.0,16.0,17.25,4.112987559751022,69.0,5.0,10,43,3.072463768115942,78.0,33.0,0,2025-10-20,69.0,69.02382741032122,70.9430437548491
SUC-02,PROD-015,Decoración,580.93,0.0,0.0,0.0,18.0,24.0,31.0,23.5,5.567764362830022,94.0,-13.0,10,43,0.0,117.0,0.0,1,2025-10-20,94.0,80.21845331626713,100.61045106731282
SUC-02,PROD-004,Herramientas,153.2,0.0,68.0,19.0,17.0,14.0,21.0,16.25,3.593976442141296,65.0,-4.0,10,43,4.184615384615385,100.0,49.0,0,2025-10-20,65.0,66.92704476910481,77.64101166320206
SUC-04,PROD-002,Accesorios,118.38,0.0,157.0,77.0,60.0,46.0,37.0,55.5,18.303005217723133,222.0,23.0,10,43,2.828828828828829,80.0,80.0,0,2025-10-20,222.0,236.04284704869767,237.7162763649175
SUC-03,PROD-019,Decoración,381.06,0.0,76.0,54.0,82.0,82.0,74.0,81.25,5.377421934967216,325.0,8.0,10,43,0.9353846153846154,368.0,22.0,0,2025-10-20,325.0,230.4296409475409,278.97355692661887
SUC-04,PROD-013,Iluminación,381.69,1.0,108.0,71.0,55.0,42.0,50.0,46.5,7.325753658611944,186.0,5.0,10,43,2.3225806451612905,217.0,37.0,0,2025-10-20,186.0,231.37255092404374,208.38382178668707
SUC-01,PROD-020,Herramientas,324.36,0.0,0.0,0.0,0.0,0.0,3.0,0.75,1.4999999999999496,3.0,-3.0,10,43,0.0,215.0,0.0,1,2025-10-20,3.0,77.76668403689462,131.08383777922288
SUC-04,PROD-003,Decoración,150.88,0.0,182.0,71.0,63.0,42.0,45.0,48.75,9.604686356149259,195.0,18.0,10,43,3.7333333333333334,269.0,111.0,0,2025-10-20,195.0,235.61174419535553,226.32554029596136
SUC-03,PROD-012,Herramientas,246.39,0.0,229.0,85.0,106.0,62.0,91.0,86.5,18.266545011760357,346.0,15.0,10,43,2.647398843930636,368.0,144.0,0,2025-10-20,346.0,309.48479751712625,335.19818584409774
SUC-03,PROD-014,Accesorios,555.78,0.0,53.0,15.0,37.0,33.0,18.0,28.0,8.602325267042623,112.0,19.0,10,43,1.8928571428571428,126.0,38.0,0,2025-10-20,112.0,110.42286793749108,120.07193445361823
SUC-05,PROD-004,Herramientas,159.61,0.0,124.0,33.0,30.0,38.0,27.0,31.0,4.830458915396476,124.0,3.0,10,43,4.0,192.0,91.0,0,2025-10-20,124.0,135.54490549845684,156.34157912656954
SUC-04,PROD-019,Decoración,393.24,0.0,154.0,102.0,77.0,81.0,77.0,75.25,6.448514040717714,301.0,0.0,10,43,2.046511627906977,52.0,52.0,0,2025-10-20,301.0,274.03536331583314,302.5423036394146
SUC-02,PROD-001,Iluminación,323.43,0.0,87.0,49.0,28.0,43.0,28.0,36.5,9.9498743710662,146.0,0.0,10,43,2.3835616438356166,166.0,38.0,0,2025-10-20,146.0,167.03092786034034,157.38539989420892
SUC-03,PROD-004,Herramientas,132.07,1.0,92.0,35.0,20.0,29.0,16.0,23.75,6.849574196011504,95.0,4.0,10,43,3.873684210526316,131.0,57.0,0,2025-10-20,95.0,96.13667397724379,100.92231836409779
SUC-01,PROD-015,Decoración,574.89,0.0,79.0,31.0,25.0,25.0,19.0,23.0,2.8284271247462005,92.0,6.0,10,43,3.4347826086956523,107.0,48.0,0,2025-10-20,92.0,92.06328545518099,105.73887128739565
SUC-01,PROD-003,Decoración,153.82,0.0,128.0,34.0,23.0,30.0,35.0,29.75,4.991659710623981,119.0,-12.0,10,43,4.302521008403361,174.0,94.0,0,2025-10-20,119.0,146.60426018703924,148.24099716352615
SUC-02,PROD-013,Iluminación,382.97,1.0,170.0,65.0,28.0,36.0,38.0,34.75,4.573474244670748,139.0,-10.0,10,43,4.892086330935252,158.0,105.0,0,2025-10-20,139.0,200.35654902295147,159.8199305042653
SUC-05,PROD-017,Iluminación,115.28,0.0,0.0,0.0,0.0,34.0,50.0,31.25,21.838421798899894,125.0,-50.0,10,43,0.0,138.0,0.0,1,2025-10-20,125.0,146.7658906679315,126.96235671167209
SUC-01,PROD-010,Accesorios,397.11,0.0,134.0,52.0,39.0,38.0,40.0,40.75,3.593976442141298,163.0,-1.0,10,43,3.2883435582822087,186.0,82.0,0,2025-10-20,163.0,182.6499622260871,168.05845376301275
SUC-04,PROD-006,Accesorios,549.68,0.0,84.0,30.0,34.0,36.0,29.0,32.25,3.3040379335998327,129.0,5.0,10,43,2.604651162790698,161.0,54.0,0,2025-10-20,129.0,139.5599038560731,122.50176284896695
SUC-01,PROD-008,Herramientas,220.53,1.0,58.0,44.0,29.0,0.0,0.0,7.25,14.5,29.0,29.0,10,43,8.0,131.0,14.0,0,2025-10-20,29.0,88.05959750635219,105.9484738064224
SUC-02,PROD-007,Decoración,161.48,0.0,94.0,56.0,65.0,41.0,38.0,52.0,14.49137674618944,208.0,27.0,10,43,1.8076923076923077,204.0,38.0,0,2025-10-20,208.0,164.1035719916655,211.3648987035209
SUC-02,PROD-011,Decoración,273.56,1.0,133.0,47.0,32.0,16.0,39.0,32.0,11.3431330181157,128.0,-7.0,10,43,4.15625,183.0,86.0,0,2025-10-20,128.0,154.98309644587863,156.32912938722498
SUC-01,PROD-017,Iluminación,119.31,0.0,64.0,21.0,34.0,23.0,24.0,26.25,5.18812747209114,105.0,10.0,10,43,2.4380952380952383,86.0,43.0,0,2025-10-20,105.0,106.43317185352436,112.9108766900311
SUC-01,PROD-006,Accesorios,533.92,0.0,50.0,11.0,20.0,15.0,15.0,18.0,3.559026084010433,72.0,5.0,10,43,2.7777777777777777,96.0,39.0,0,2025-10-20,72.0,69.64371100206709,72.81299480965657
SUC-02,PROD-009,Iluminación,470.49,1.0,20.0,20.0,13.0,10.0,8.0,10.75,2.217355782608343,43.0,5.0,10,43,1.8604651162790697,38.0,0.0,1,2025-10-20,43.0,36.2068843082657,46.597554502085444
SUC-05,PROD-018,Accesorios,185.58,1.0,45.0,40.0,34.0,18.0,34.0,28.0,7.659416862050706,112.0,0.0,10,43,1.6071428571428572,100.0,5.0,0,2025-10-20,112.0,119.99411920664869,104.7517092950623
SUC-05,PROD-006,Accesorios,526.56,0.0,80.0,43.0,36.0,39.0,33.0,37.0,3.162277660168275,148.0,3.0,10,43,2.1621621621621623,173.0,37.0,0,2025-10-20,148.0,145.1026881366878,140.9654696879345
SUC-02,PROD-006,Accesorios,539.36,0.0,48.0,19.0,27.0,24.0,21.0,23.0,3.1622776601683773,92.0,6.0,10,43,2.0869565217391304,93.0,29.0,0,2025-10-20,92.0,87.0484170526187,91.82260910729559
SUC-05,PROD-007,Decoración,165.69,0.0,231.0,61.0,47.0,52.0,69.0,51.75,12.685293322058683,207.0,-22.0,10,43,4.463768115942029,327.0,170.0,0,2025-10-20,207.0,248.9368817810688,250.5546278903271
SUC-03,PROD-007,Decoración,163.55,0.0,186.0,41.0,52.0,35.0,53.0,43.0,11.045361017187274,172.0,-1.0,10,43,4.325581395348837,246.0,145.0,0,2025-10-20,172.0,202.08577958759673,211.83397614021683
SUC-05,PROD-010,Accesorios,401.06,0.0,175.0,75.0,144.0,43.0,58.0,78.5,44.948118240181465,314.0,86.0,10,43,2.229299363057325,373.0,100.0,0,2025-10-20,314.0,339.1210202071985,318.29428259194947
SUC-04,PROD-007,Decoración,164.86,0.0,89.0,72.0,62.0,61.0,53.0,54.0,10.165300454651268,216.0,9.0,10,43,1.6481481481481481,192.0,17.0,0,2025-10-20,216.0,198.7903674215673,235.59344780623573
SUC-03,PROD-010,Accesorios,341.2,1.0,224.0,61.0,35.0,62.0,64.0,57.25,15.041608956491324,229.0,-29.0,10,43,3.912663755458515,277.0,163.0,0,2025-10-20,229.0,264.37359604291464,266.1863583608658
SUC-03,PROD-009,Iluminación,545.53,0.0,0.0,0.0,0.0,0.0,18.0,8.75,10.111874208078346,35.0,-18.0,10,43,0.0,40.0,0.0,1,2025-10-20,35.0,43.00161293153107,57.96875305423566
SUC-05,PROD-016,Herramientas,379.24,0.0,117.0,65.0,47.0,48.0,40.0,48.25,7.410578025138577,193.0,7.0,10,43,2.4248704663212437,253.0,52.0,0,2025-10-20,193.0,172.31246349961708,211.20660958467332
SUC-04,PROD-018,Accesorios,211.54,0.0,60.0,28.0,21.0,15.0,31.0,27.0,11.430952132988166,108.0,-10.0,10,43,2.2222222222222223,116.0,32.0,0,2025-10-20,108.0,116.44259747805005,109.31097109263283
SUC-03,PROD-017,Iluminación,116.25,0.0,67.0,35.0,61.0,31.0,29.0,39.25,14.795832746644123,157.0,32.0,10,43,1.7070063694267517,145.0,32.0,0,2025-10-20,157.0,157.18858750614112,126.7758402549892
SUC-02,PROD-018,Accesorios,219.4,0.0,33.0,19.0,19.0,0.0,0.0,4.75,9.5,19.0,19.0,10,43,6.947368421052632,76.0,14.0,0,2025-10-20,19.0,59.459230382622735,77.28350191180222
SUC-03,PROD-001,Iluminación,336.94,0.0,121.0,37.0,64.0,62.0,52.0,56.0,8.485281374238568,224.0,12.0,10,43,2.1607142857142856,183.0,84.0,0,2025-10-20,224.0,218.67384531255837,231.17536061338606
SUC-04,PROD-009,Iluminación,545.05,0.0,58.0,20.0,23.0,15.0,17.0,17.5,3.7859388972001833,70.0,6.0,10,43,3.3142857142857145,38.0,38.0,0,2025-10-20,70.0,88.59018689441197,71.12053736262015
SUC-04,PROD-010,Accesorios,383.69,0.0,211.0,60.0,88.0,57.0,76.0,73.5,12.76714533480366,294.0,12.0,10,43,2.870748299319728,318.0,151.0,0,2025-10-20,294.0,299.79755750961533,310.55058822465537
SUC-05,PROD-009,Iluminación,470.24,1.0,45.0,18.0,12.0,17.0,27.0,19.25,6.344288770224759,77.0,-15.0,10,43,2.3376623376623376,96.0,27.0,0,2025-10-20,77.0,92.3756637327246,73.45745707032046
SUC-02,PROD-010,Accesorios,333.76,1.0,112.0,60.0,46.0,46.0,44.0,45.25,0.957427107756729,181.0,2.0,10,43,2.4751381215469612,52.0,52.0,0,2025-10-20,181.0,192.61835037643013,188.53416423119359
SUC-04,PROD-016,Herramientas,379.47,0.0,162.0,52.0,48.0,50.0,52.0,50.0,1.6329931618554419,200.0,-4.0,10,43,3.24,228.0,110.0,0,2025-10-20,200.0,182.88394103757466,216.1078909690526
SUC-04,PROD-017,Iluminación,113.94,0.0,100.0,38.0,36.0,12.0,53.0,39.0,19.9164923283862,156.0,-17.0,10,43,2.5641025641025643,155.0,62.0,0,2025-10-20,156.0,185.1794730752572,132.87061534047012
SUC-03,PROD-018,Accesorios,213.37,0.0,63.0,22.0,22.0,21.0,15.0,18.5,3.5118845842842465,74.0,7.0,10,43,3.4054054054054053,89.0,41.0,0,2025-10-20,74.0,86.92279239280819,75.15331279590725
SUC-03,PROD-008,Herramientas,255.22,0.0,103.0,65.0,42.0,35.0,28.0,37.75,7.932002689527192,151.0,14.0,10,43,2.728476821192053,38.0,38.0,0,2025-10-20,151.0,141.35742248018667,168.2925287697912
SUC-05,PROD-011,Decoración,278.71,1.0,173.0,44.0,69.0,18.0,72.0,59.25,27.753378172755838,237.0,-3.0,10,43,2.919831223628692,324.0,129.0,0,2025-10-20,237.0,248.6716109190631,250.91614836003907
SUC-03,PROD-005,Iluminación,540.58,0.0,140.0,50.0,54.0,46.0,72.0,56.0,11.195237082497787,224.0,-18.0,10,43,2.5,147.0,90.0,0,2025-10-20,224.0,219.07149317847814,215.4174087619896
SUC-04,PROD-008,Herramientas,230.28,1.0,225.0,66.0,70.0,25.0,67.0,63.0,27.313000567495326,252.0,3.0,10,43,3.5714285714285716,204.0,159.0,0,2025-10-20,252.0,246.02342463412253,296.39140959557864
SUC-01,PROD-007,Decoración,138.03,1.0,69.0,39.0,45.0,29.0,18.0,33.25,12.23042653930489,133.0,27.0,10,43,2.075187969924812,126.0,30.0,0,2025-10-20,133.0,124.71853205541639,139.88884210968757
SUC-01,PROD-002,Accesorios,116.43,0.0,0.0,0.0,0.0,27.0,33.0,24.75,17.211914478058507,99.0,-33.0,10,43,0.0,122.0,0.0,1,2025-10-20,99.0,107.74345056409038,121.00576327034092
SUC-02,PROD-016,Herramientas,380.02,0.0,93.0,41.0,39.0,32.0,36.0,34.25,4.031128874149275,137.0,3.0,10,43,2.7153284671532845,52.0,52.0,0,2025-10-20,137.0,116.69080809227367,149.65340233571047
SUC-05,PROD-001,Iluminación,337.05,0.0,102.0,47.0,72.0,81.0,80.0,77.0,4.242640687119262,308.0,-8.0,10,43,1.3246753246753247,324.0,55.0,0,2025-10-20,308.0,248.97958593215543,284.90292240058426
SUC-01,PROD-018,Accesorios,213.63,0.0,34.0,32.0,13.0,13.0,13.0,14.25,2.5000000000000084,57.0,0.0,10,43,2.3859649122807016,49.0,2.0,0,2025-10-20,57.0,45.245043795047906,65.50690975861367
SUC-04,PROD-020,Herramientas,322.94,0.0,201.0,88.0,107.0,75.0,75.0,87.75,15.649813630413203,351.0,32.0,10,43,2.2905982905982905,378.0,113.0,0,2025-10-20,351.0,295.54185330888674,346.98480072433
SUC-04,PROD-001,Iluminación,325.7,0.0,104.0,67.0,50.0,44.0,60.0,50.25,6.94622199472489,201.0,-10.0,10,43,2.0696517412935322,239.0,37.0,0,2025-10-20,201.0,222.14898227606994,219.74174114918713
SUC-02,PROD-008,Herramientas,259.69,0.0,126.0,42.0,34.0,36.0,42.0,34.75,6.18465843842649,139.0,-8.0,10,43,3.6258992805755397,165.0,84.0,0,2025-10-20,139.0,136.3140334063135,163.37697845616998
SUC-02,PROD-017,Iluminación,113.66,0.0,76.0,21.0,16.0,29.0,31.0,24.0,7.164728420068231,96.0,-15.0,10,43,3.1666666666666665,144.0,55.0,0,2025-10-20,96.0,120.4421000893418,100.78590571764838
SUC-01,PROD-019,Decoración,387.13,0.0,134.0,48.0,55.0,0.0,24.0,19.75,26.08160271148995,79.0,31.0,10,43,6.784810126582278,297.0,86.0,0,2025-10-20,79.0,196.2065902867451,186.0703371574389
SUC-05,PROD-008,Herramientas,254.2,0.0,130.0,73.0,85.0,0.0,0.0,21.25,42.5,85.0,85.0,10,43,6.117647058823529,262.0,57.0,0,2025-10-20,85.0,208.7241982616437,298.3391894868116
SUC-05,PROD-005,Iluminación,524.0,0.0,161.0,42.0,47.0,59.0,90.0,63.75,18.391574157749517,255.0,-43.0,10,43,2.5254901960784313,230.0,119.0,0,2025-10-20,255.0,263.20105160973714,242.59451113759803
SUC-04,PROD-011,Decoración,333.88,0.0,139.0,58.0,60.0,15.0,58.0,47.25,21.56192632087095,189.0,2.0,10,43,2.941798941798942,243.0,81.0,0,2025-10-20,189.0,215.3082023171919,213.66880725452162
SUC-04,PROD-005,Iluminación,551.0,0.0,74.0,42.0,59.0,49.0,29.0,49.75,14.908051515875547,199.0,30.0,10,43,1.4874371859296482,197.0,32.0,0,2025-10-20,199.0,206.6704750335672,193.88525458256325
SUC-03,PROD-011,Decoración,316.69,0.0,90.0,55.0,40.0,26.0,42.0,37.75,7.932002689527195,151.0,-2.0,10,43,2.384105960264901,192.0,35.0,0,2025-10-20,151.0,154.89631404811362,168.83803793077234
SUC-03,PROD-015,Decoración,562.78,0.0,48.0,48.0,42.0,38.0,32.0,38.0,4.320493798938573,152.0,10.0,10,44,1.263157894736842,136.0,0.0,1,2025-10-27,152.0,122.54909755002853,133.29959346318154
SUC-04,PROD-009,Iluminación,533.59,0.0,38.0,18.0,20.0,23.0,15.0,18.25,3.9475730941090044,73.0,5.0,10,44,2.0821917808219177,37.0,20.0,0,2025-10-27,73.0,81.93053587416217,69.19727279756422
SUC-05,PROD-009,Iluminación,537.75,0.0,27.0,24.0,18.0,12.0,21.0,17.0,3.74165738677394,68.0,-3.0,10,44,1.588235294117647,83.0,3.0,0,2025-10-27,68.0,79.70935992510888,65.46845515695742
SUC-04,PROD-013,Iluminación,386.17,1.0,37.0,37.0,71.0,55.0,39.0,51.75,14.591664287073845,207.0,32.0,10,44,0.714975845410628,232.0,0.0,1,2025-10-27,207.0,221.68815000987817,205.45134412156472
SUC-02,PROD-003,Decoración,154.76,0.0,42.0,40.0,62.0,55.0,61.0,57.75,4.4253060157839155,231.0,1.0,10,44,0.7272727272727273,206.0,2.0,0,2025-10-27,231.0,161.1921213518222,211.9217151257183
SUC-02,PROD-002,Accesorios,119.08,0.0,158.0,39.0,31.0,45.0,40.0,38.0,5.944184833375677,152.0,-9.0,10,44,4.157894736842105,191.0,119.0,0,2025-10-27,152.0,180.2152863403423,181.1917077348034
SUC-02,PROD-007,Decoración,160.41,0.0,38.0,33.0,56.0,65.0,64.0,56.5,11.09053650640942,226.0,-8.0,10,44,0.672566371681416,224.0,5.0,0,2025-10-27,226.0,154.05477943726163,205.4294444629015
SUC-04,PROD-003,Decoración,150.65,0.0,111.0,89.0,71.0,63.0,45.0,55.25,14.008925726121891,221.0,26.0,10,44,2.009049773755656,245.0,22.0,0,2025-10-27,221.0,225.73679929343817,241.49171854952468
SUC-05,PROD-020,Herramientas,320.59,0.0,201.0,110.0,101.0,122.0,151.0,100.25,52.96146397775147,401.0,-50.0,10,44,2.0049875311720697,438.0,91.0,0,2025-10-27,401.0,377.10941002695813,362.15585137357175
SUC-05,PROD-019,Decoración,377.17,0.0,214.0,109.0,118.0,100.0,90.0,106.0,13.366625103842285,424.0,28.0,10,44,2.018867924528302,460.0,105.0,0,2025-10-27,424.0,332.4174009540665,394.1606073852904
SUC-02,PROD-017,Iluminación,119.22,0.0,55.0,28.0,21.0,16.0,20.0,21.5,5.446711546122738,86.0,1.0,10,44,2.558139534883721,136.0,27.0,0,2025-10-27,86.0,105.7172275947558,94.96617463943502
SUC-05,PROD-013,Iluminación,461.85,0.0,63.0,63.0,58.0,80.0,57.0,67.5,11.733143937865387,270.0,1.0,10,44,0.9333333333333333,228.0,0.0,1,2025-10-27,270.0,236.22827568579163,227.127027854384
SUC-01,PROD-002,Accesorios,115.8,0.0,0.0,0.0,0.0,0.0,39.0,16.5,19.672315572906,66.0,-39.0,10,44,0.0,159.0,0.0,1,2025-10-27,66.0,104.80729637453726,135.37718161141694
SUC-01,PROD-001,Iluminación,321.34,0.0,50.0,27.0,38.0,34.0,37.0,34.75,3.5939764421412925,139.0,1.0,10,44,1.4388489208633093,160.0,23.0,0,2025-10-27,139.0,141.64424931759183,145.3683676554927
SUC-05,PROD-014,Accesorios,548.52,0.0,72.0,40.0,31.0,33.0,0.0,16.0,18.49324200890693,64.0,31.0,10,44,4.5,170.0,32.0,0,2025-10-27,64.0,140.7396585627364,119.25355448438721
SUC-03,PROD-008,Herramientas,269.06,0.0,38.0,38.0,65.0,42.0,46.0,47.0,12.832251036613435,188.0,19.0,10,44,0.8085106382978723,51.0,0.0,1,2025-10-27,188.0,142.85349814622316,200.77681118517418
SUC-04,PROD-008,Herramientas,269.14,0.0,159.0,57.0,66.0,70.0,90.0,62.75,27.268724453727817,251.0,-24.0,10,44,2.5338645418326693,232.0,102.0,0,2025-10-27,251.0,241.10055109227105,262.72233003994336
SUC-03,PROD-002,Accesorios,120.44,0.0,95.0,49.0,35.0,36.0,76.0,48.25,19.155068954891984,193.0,-41.0,10,44,1.9689119170984455,235.0,46.0,0,2025-10-27,193.0,198.60439837063035,206.67980873906217
SUC-02,PROD-020,Herramientas,318.27,0.0,51.0,51.0,71.0,68.0,65.0,64.0,8.366600265340734,256.0,6.0,10,44,0.796875,287.0,0.0,1,2025-10-27,256.0,185.83513578746906,224.33792845573194
SUC-02,PROD-008,Herramientas,260.09,0.0,84.0,34.0,42.0,34.0,27.0,34.75,6.18465843842649,139.0,15.0,10,44,2.41726618705036,173.0,50.0,0,2025-10-27,139.0,119.35918337321468,152.88401049984873
SUC-04,PROD-001,Iluminación,320.69,0.0,37.0,37.0,67.0,50.0,47.0,52.0,10.295630140986992,208.0,20.0,10,44,0.7115384615384616,254.0,0.0,1,2025-10-27,208.0,207.5522465413851,217.1268975828093
SUC-04,PROD-014,Accesorios,560.42,0.0,90.0,31.0,36.0,44.0,33.0,35.25,6.7019897542943685,141.0,3.0,10,44,2.5531914893617023,121.0,59.0,0,2025-10-27,141.0,147.00276962591715,151.6431348656384
SUC-05,PROD-008,Herramientas,254.24,0.0,57.0,57.0,73.0,85.0,0.0,39.5,45.873013126819274,158.0,73.0,10,44,1.4430379746835442,282.0,0.0,1,2025-10-27,158.0,204.98518232489837,277.65355784337225
SUC-04,PROD-017,Iluminación,115.99,0.0,62.0,48.0,38.0,36.0,55.0,35.25,17.689450716929183,141.0,-17.0,10,44,1.7588652482269505,142.0,14.0,0,2025-10-27,141.0,177.97456968176644,118.1703598419554
SUC-04,PROD-002,Accesorios,115.96,0.0,80.0,53.0,77.0,60.0,79.0,65.5,15.545631755148033,262.0,-2.0,10,44,1.2213740458015268,95.0,27.0,0,2025-10-27,262.0,234.09317713495372,249.78081530546703
SUC-01,PROD-008,Herramientas,261.39,0.0,14.0,14.0,44.0,29.0,0.0,18.25,21.94500702513748,73.0,44.0,10,44,0.7671232876712328,149.0,0.0,1,2025-10-27,73.0,91.03140064683885,131.2267776260404
SUC-03,PROD-007,Decoración,143.62,1.0,145.0,62.0,41.0,52.0,32.0,40.0,8.831760866327862,160.0,9.0,10,44,3.625,248.0,83.0,0,2025-10-27,160.0,179.70354137319754,178.38126211874362
SUC-01,PROD-015,Decoración,557.48,0.0,48.0,23.0,31.0,25.0,23.0,26.0,3.4641016151377637,104.0,8.0,10,44,1.8461538461538463,107.0,25.0,0,2025-10-27,104.0,86.22927877466539,115.2748638363296
SUC-01,PROD-018,Accesorios,219.06,0.0,2.0,2.0,32.0,13.0,18.0,19.0,8.98146239020499,76.0,14.0,10,44,0.10526315789473684,70.0,0.0,1,2025-10-27,76.0,50.57564995871127,74.27026674235931
SUC-05,PROD-002,Accesorios,120.41,0.0,114.0,65.0,78.0,55.0,65.0,55.75,22.559181427229717,223.0,13.0,10,44,2.0448430493273544,321.0,49.0,0,2025-10-27,223.0,250.0566502900149,238.9405881579005
SUC-01,PROD-020,Herramientas,279.9,1.0,0.0,0.0,0.0,0.0,0.0,0.0,0.0,0.0,0.0,10,44,,267.0,0.0,1,2025-10-27,0.0,77.85320916349943,133.67595577554832
SUC-02,PROD-009,Iluminación,448.95,1.0,0.0,0.0,20.0,13.0,12.0,13.75,4.349329450233295,55.0,8.0,10,44,0.0,60.0,0.0,1,2025-10-27,55.0,36.72062848977242,53.63453884926565
SUC-05,PROD-007,Decoración,159.23,0.0,170.0,91.0,61.0,47.0,39.0,49.75,9.21502396451939,199.0,22.0,10,44,3.4170854271356785,308.0,79.0,0,2025-10-27,199.0,218.53094020855508,226.5813579873143
SUC-03,PROD-017,Iluminación,118.72,0.0,32.0,32.0,35.0,61.0,36.0,40.75,13.671747023210553,163.0,-1.0,10,44,0.7852760736196319,156.0,0.0,1,2025-10-27,163.0,143.71217738036378,133.3711366707911
SUC-03,PROD-013,Iluminación,444.37,0.0,59.0,36.0,85.0,45.0,43.0,54.75,20.20519735117675,219.0,42.0,10,44,1.0776255707762556,182.0,23.0,0,2025-10-27,219.0,218.93946472618816,205.31537108128938
SUC-01,PROD-014,Accesorios,537.33,0.0,33.0,20.0,20.0,21.0,20.0,18.25,4.193248541803041,73.0,0.0,10,44,1.8082191780821917,80.0,13.0,0,2025-10-27,73.0,65.36277595202448,75.88139114358579
SUC-03,PROD-009,Iluminación,534.35,0.0,0.0,0.0,0.0,0.0,17.0,4.25,8.500000000000004,17.0,-17.0,10,44,0.0,50.0,0.0,1,2025-10-27,17.0,40.77321972337941,60.689624596736856
SUC-01,PROD-003,Decoración,149.28,0.0,94.0,54.0,34.0,23.0,31.0,29.5,4.6547466812563165,118.0,3.0,10,44,3.1864406779661016,166.0,40.0,0,2025-10-27,118.0,135.94862997112955,132.44417890679156
SUC-02,PROD-018,Accesorios,208.72,0.0,14.0,14.0,19.0,19.0,0.0,9.5,10.969655114602888,38.0,19.0,10,44,1.4736842105263157,82.0,0.0,1,2025-10-27,38.0,57.75776093359532,77.79245053355662
SUC-02,PROD-015,Decoración,561.06,0.0,0.0,0.0,0.0,18.0,21.0,15.75,10.781929326423912,63.0,-21.0,10,44,0.0,142.0,0.0,1,2025-10-27,63.0,72.76547382035204,90.39511081019947
SUC-03,PROD-014,Accesorios,538.49,0.0,38.0,26.0,15.0,37.0,24.0,27.25,9.81070843517429,109.0,-9.0,10,44,1.3944954128440368,123.0,12.0,0,2025-10-27,109.0,100.63213858356255,110.82182827983566
SUC-04,PROD-007,Decoración,160.14,0.0,17.0,17.0,72.0,62.0,40.0,58.75,13.45052663157345,235.0,32.0,10,44,0.28936170212765955,241.0,0.0,1,2025-10-27,235.0,178.2215937192713,208.2517953252744
SUC-04,PROD-020,Herramientas,318.8,0.0,113.0,67.0,88.0,107.0,94.0,91.0,13.291601358251265,364.0,-6.0,10,44,1.2417582417582418,408.0,46.0,0,2025-10-27,364.0,271.7118222218106,370.15572395455126
SUC-01,PROD-010,Accesorios,,0.0,82.0,48.0,52.0,39.0,46.0,43.75,6.5510813356778455,175.0,6.0,10,44,1.8742857142857143,199.0,34.0,0,2025-10-27,175.0,177.5694212832414,187.4198681072464
SUC-03,PROD-020,Herramientas,319.84,0.0,43.0,43.0,94.0,86.0,84.0,87.5,4.434711565216686,350.0,10.0,10,44,0.49142857142857144,419.0,0.0,1,2025-10-27,350.0,213.91756227515774,349.5695806498711
SUC-02,PROD-006,Accesorios,469.11,1.0,29.0,25.0,19.0,27.0,20.0,22.5,3.6968455021364703,90.0,-1.0,10,44,1.288888888888889,103.0,4.0,0,2025-10-27,90.0,80.43622888508284,93.59044214307286
SUC-03,PROD-018,Accesorios,179.65,1.0,41.0,20.0,22.0,22.0,16.0,20.25,2.872281323269014,81.0,6.0,10,44,2.0246913580246915,105.0,21.0,0,2025-10-27,81.0,80.81291517905683,79.86147255410572
SUC-04,PROD-012,Herramientas,253.09,0.0,96.0,93.0,119.0,130.0,109.0,101.0,37.65634076752548,404.0,10.0,10,44,0.9504950495049505,460.0,3.0,0,2025-10-27,404.0,335.7945659321099,392.8163206390557
SUC-05,PROD-010,Accesorios,389.38,0.0,100.0,81.0,75.0,144.0,69.0,82.75,43.1306155764093,331.0,6.0,10,44,1.2084592145015105,401.0,19.0,0,2025-10-27,331.0,314.784439169033,294.1979380996399
SUC-04,PROD-004,Herramientas,157.14,0.0,76.0,21.0,26.0,35.0,33.0,32.75,4.787135538781684,131.0,-7.0,10,44,2.3206106870229006,104.0,55.0,0,2025-10-27,131.0,115.30659616560234,135.1450506096214
SUC-03,PROD-019,Decoración,395.93,0.0,22.0,22.0,54.0,82.0,87.0,76.25,15.019431857874427,305.0,-33.0,10,44,0.28852459016393445,447.0,0.0,1,2025-10-27,305.0,215.27798652244635,245.53932291183747
SUC-01,PROD-006,Accesorios,525.48,0.0,39.0,23.0,11.0,20.0,22.0,17.0,4.966554808583777,68.0,-11.0,10,44,2.2941176470588234,97.0,16.0,0,2025-10-27,68.0,67.37963330491556,67.25627481997994
SUC-02,PROD-011,Decoración,,0.0,86.0,43.0,47.0,32.0,41.0,34.0,13.490737563232038,136.0,6.0,10,44,2.5294117647058822,171.0,43.0,0,2025-10-27,136.0,150.52888129646135,152.57492111564903
SUC-03,PROD-012,Herramientas,248.48,0.0,144.0,109.0,85.0,106.0,87.0,85.0,18.01850900231945,340.0,-2.0,10,44,1.6941176470588235,387.0,35.0,0,2025-10-27,340.0,282.6782478931355,322.55047670197587
SUC-04,PROD-016,Herramientas,389.78,0.0,110.0,53.0,52.0,48.0,50.0,50.0,1.6329931618554419,200.0,2.0,10,44,2.2,246.0,57.0,0,2025-10-27,200.0,165.6685592155825,219.4128825295218
SUC-05,PROD-018,Accesorios,219.27,0.0,5.0,5.0,40.0,34.0,26.0,29.5,9.574271077563383,118.0,14.0,10,44,0.1694915254237288,135.0,0.0,1,2025-10-27,118.0,110.46847874691267,109.41382109121815
SUC-05,PROD-004,Herramientas,159.65,0.0,91.0,41.0,33.0,30.0,29.0,32.5,4.041451884327376,130.0,4.0,10,44,2.8,199.0,50.0,0,2025-10-27,130.0,123.16257693582367,135.84274186371482
SUC-05,PROD-005,Iluminación,526.74,0.0,119.0,53.0,42.0,47.0,59.0,51.75,8.616843969807032,207.0,-17.0,10,44,2.2995169082125604,253.0,66.0,0,2025-10-27,207.0,221.76419711961677,204.35742013864174
SUC-03,PROD-011,Decoración,334.14,0.0,35.0,35.0,55.0,40.0,43.0,41.0,11.916375287812984,164.0,12.0,10,44,0.8536585365853658,222.0,0.0,1,2025-10-27,164.0,150.86252550895298,179.14743934170406
SUC-04,PROD-005,Iluminación,531.72,0.0,32.0,32.0,42.0,59.0,62.0,53.0,9.201449161228132,212.0,-20.0,10,44,0.6037735849056604,209.0,0.0,1,2025-10-27,212.0,194.42077875064524,202.60008639563043
SUC-02,PROD-012,Herramientas,249.25,0.0,232.0,81.0,86.0,117.0,79.0,84.0,25.935818218569217,336.0,7.0,10,44,2.761904761904762,383.0,151.0,0,2025-10-27,336.0,307.5910009487186,316.07689332913674
SUC-04,PROD-011,Decoración,325.11,0.0,81.0,66.0,58.0,60.0,56.0,47.25,21.56192632087095,189.0,2.0,10,44,1.7142857142857142,241.0,15.0,0,2025-10-27,189.0,206.68991297766584,218.58084169849172
SUC-01,PROD-005,Iluminación,529.31,0.0,31.0,31.0,46.0,32.0,44.0,33.0,16.53279569018299,132.0,2.0,10,44,0.9393939393939394,114.0,0.0,1,2025-10-27,132.0,146.988052025736,132.48653184728062
SUC-02,PROD-019,Decoración,390.11,0.0,119.0,74.0,63.0,73.0,47.0,57.0,13.366625103842267,228.0,16.0,10,44,2.087719298245614,256.0,45.0,0,2025-10-27,228.0,219.1021396566443,225.6381146648901
SUC-02,PROD-001,Iluminación,326.12,0.0,38.0,30.0,49.0,28.0,47.0,41.75,9.5,167.0,2.0,10,44,0.9101796407185628,176.0,8.0,0,2025-10-27,167.0,161.78237867779634,180.70037113804955
SUC-01,PROD-019,Decoración,326.34,1.0,86.0,49.0,48.0,55.0,0.0,25.75,29.87055406248769,103.0,48.0,10,44,3.3398058252427183,282.0,37.0,0,2025-10-27,103.0,188.70719178757986,201.96380192465492
SUC-01,PROD-012,Herramientas,258.17,0.0,68.0,56.0,27.0,85.0,45.0,57.0,25.97434631837088,228.0,-18.0,10,44,1.1929824561403508,258.0,12.0,0,2025-10-27,228.0,195.86477155679722,201.12050866213238
SUC-05,PROD-017,Iluminación,97.32,1.0,0.0,0.0,0.0,0.0,41.0,18.75,21.838421798899894,75.0,-41.0,10,44,0.0,197.0,0.0,1,2025-10-27,75.0,135.2191840293222,136.6492030276656
SUC-05,PROD-011,Decoración,284.08,1.0,129.0,80.0,44.0,69.0,78.0,52.25,26.986107537027273,209.0,-34.0,10,44,2.4688995215311005,244.0,49.0,0,2025-10-27,209.0,238.438322699013,222.86656619144986
SUC-02,PROD-005,Iluminación,529.04,0.0,53.0,40.0,42.0,32.0,37.0,34.0,7.2571803523591,136.0,5.0,10,44,1.5588235294117647,161.0,13.0,0,2025-10-27,136.0,151.2893132146746,124.34421623254049
SUC-02,PROD-016,Herramientas,372.64,0.0,52.0,40.0,41.0,39.0,30.0,35.5,5.32290647422377,142.0,11.0,10,44,1.4647887323943662,59.0,12.0,0,2025-10-27,142.0,104.7935202349568,152.73038205780009
SUC-03,PROD-004,Herramientas,155.45,0.0,57.0,38.0,35.0,20.0,30.0,28.5,6.244997998398397,114.0,5.0,10,44,2.0,129.0,19.0,0,2025-10-27,114.0,90.69393108863488,121.11182419936446
SUC-05,PROD-016,Herramientas,376.52,0.0,52.0,52.0,65.0,47.0,58.0,54.5,8.582928793055828,218.0,7.0,10,44,0.9541284403669725,254.0,0.0,1,2025-10-27,218.0,165.93899194566131,215.38438917824533
SUC-05,PROD-015,Decoración,573.16,0.0,60.0,55.0,42.0,47.0,66.0,53.0,10.677078252031334,212.0,-24.0,10,44,1.1320754716981132,270.0,5.0,0,2025-10-27,212.0,170.24353086095363,183.14746234611903
SUC-04,PROD-015,Decoración,563.53,0.0,38.0,38.0,40.0,45.0,52.0,40.75,10.996211468804463,163.0,-12.0,10,44,0.9325153374233128,206.0,0.0,1,2025-10-27,163.0,153.27518148150665,141.92421386048585
SUC-01,PROD-007,Decoración,158.94,0.0,30.0,30.0,39.0,45.0,41.0,38.5,6.806859285554051,154.0,-2.0,10,44,0.7792207792207793,144.0,0.0,1,2025-10-27,154.0,114.304556918477,168.60905093599214
SUC-05,PROD-003,Decoración,149.53,0.0,101.0,100.0,91.0,90.0,74.0,74.25,22.86737122335374,297.0,17.0,10,44,1.3602693602693603,323.0,1.0,0,2025-10-27,297.0,262.19782038521504,262.3209872765264
SUC-04,PROD-019,Decoración,388.58,0.0,52.0,52.0,102.0,77.0,66.0,81.5,15.066519173319369,326.0,36.0,10,44,0.6380368098159509,87.0,0.0,1,2025-10-27,326.0,255.28787011647825,270.61925251616003
SUC-02,PROD-013,Iluminación,400.02,1.0,105.0,42.0,65.0,28.0,37.0,41.5,16.176114078067904,166.0,28.0,10,44,2.5301204819277108,172.0,63.0,0,2025-10-27,166.0,203.62273053527267,163.40037025882623
SUC-05,PROD-001,Iluminación,276.23,1.0,55.0,55.0,47.0,72.0,75.0,68.75,14.974979131871931,275.0,-28.0,10,44,0.8,351.0,0.0,1,2025-10-27,275.0,232.04954069985297,249.57653548811868
SUC-05,PROD-006,Accesorios,550.76,0.0,37.0,37.0,43.0,36.0,40.0,39.5,2.886751345948024,158.0,3.0,10,44,0.9367088607594937,190.0,0.0,1,2025-10-27,158.0,134.5225398356758,118.70945489814335
SUC-02,PROD-010,Accesorios,398.14,0.0,52.0,52.0,60.0,46.0,45.0,49.25,7.1821538088051335,197.0,15.0,10,44,1.0558375634517767,92.0,0.0,1,2025-10-27,197.0,183.114744884953,206.93837051258575
SUC-01,PROD-017,Iluminación,118.44,0.0,43.0,21.0,21.0,34.0,24.0,25.5,5.802298395176415,102.0,-3.0,10,44,1.6862745098039216,95.0,22.0,0,2025-10-27,102.0,97.20657933061517,103.09238091946182
SUC-01,PROD-004,Herramientas,154.11,0.0,15.0,15.0,17.0,20.0,18.0,17.5,2.081665999466127,70.0,-1.0,10,44,0.8571428571428571,81.0,0.0,1,2025-10-27,70.0,35.957069600184866,69.50494792188952
SUC-05,PROD-012,Herramientas,252.32,0.0,143.0,126.0,113.0,97.0,122.0,111.5,10.472185381603355,446.0,-9.0,10,44,1.2825112107623318,207.0,17.0,0,2025-10-27,446.0,318.94471506381353,398.20422080546723
SUC-01,PROD-013,Iluminación,399.81,1.0,47.0,27.0,38.0,42.0,38.0,37.25,4.573474244670741,149.0,0.0,10,44,1.261744966442953,132.0,20.0,0,2025-10-27,149.0,153.42317407391326,153.51945756367815
SUC-03,PROD-010,Accesorios,402.69,0.0,163.0,94.0,61.0,35.0,68.0,56.5,14.66287829861518,226.0,-7.0,10,44,2.8849557522123894,281.0,69.0,0,2025-10-27,226.0,246.4585730643435,245.46202549984108
SUC-03,PROD-005,Iluminación,521.58,0.0,90.0,38.0,50.0,54.0,52.0,50.5,3.415650255319897,202.0,-2.0,10,44,1.7821782178217822,148.0,52.0,0,2025-10-27,202.0,187.43769890123755,206.5698897896763
SUC-02,PROD-004,Herramientas,154.86,0.0,49.0,21.0,19.0,17.0,13.0,15.75,2.753785273643041,63.0,6.0,10,44,3.111111111111111,111.0,28.0,0,2025-10-27,63.0,57.88425494137131,75.0035387755376
SUC-04,PROD-018,Accesorios,216.12,0.0,32.0,32.0,28.0,21.0,41.0,26.25,11.176612486199327,105.0,-13.0,10,44,1.2190476190476192,130.0,0.0,1,2025-10-27,105.0,114.66310150190205,107.64402802128492
SUC-03,PROD-001,Iluminación,331.07,0.0,84.0,52.0,37.0,64.0,46.0,52.25,12.971121771072847,209.0,-9.0,10,44,1.6076555023923444,223.0,32.0,0,2025-10-27,209.0,197.91986503442064,202.3631631912691
SUC-04,PROD-010,Accesorios,393.34,0.0,151.0,82.0,60.0,88.0,73.0,69.5,14.153915830374723,278.0,-13.0,10,44,2.172661870503597,333.0,69.0,0,2025-10-27,278.0,276.550044649486,299.87216334869123
SUC-04,PROD-006,Accesorios,538.09,0.0,54.0,41.0,30.0,34.0,30.0,32.5,2.9999999999999973,130.0,0.0,10,44,1.6615384615384616,177.0,13.0,0,2025-10-27,130.0,127.2453377637743,123.86954266453897
SUC-02,PROD-019,Decoración,333.76,1.0,356.0,77.0,74.0,63.0,45.0,63.75,13.450526631573437,255.0,29.0,11,45,5.584313725490196,266.0,279.0,0,2025-11-03,255.0,301.48501481647247,355.83084278919097
SUC-02,PROD-015,Decoración,568.21,0.0,117.0,42.0,0.0,0.0,24.0,10.5,12.36931687685298,42.0,-24.0,11,45,11.142857142857142,144.0,75.0,0,2025-11-03,42.0,113.75984115641225,131.34971272760322
SUC-03,PROD-019,Decoración,332.61,1.0,490.0,133.0,22.0,54.0,82.0,60.0,28.5657137141714,240.0,-60.0,11,45,8.166666666666666,407.0,357.0,0,2025-11-03,240.0,363.6908164186915,348.85924784546376
SUC-04,PROD-019,Decoración,382.92,0.0,0.0,0.0,52.0,102.0,81.0,78.0,20.510160083886884,312.0,-29.0,11,45,0.0,201.0,0.0,1,2025-11-03,312.0,235.90572176901486,255.49290655547588
SUC-05,PROD-017,Iluminación,117.94,0.0,138.0,46.0,0.0,0.0,34.0,8.5,16.999999999999986,34.0,-34.0,11,45,16.235294117647058,230.0,92.0,0,2025-11-03,34.0,177.99095293754246,161.3989141876785
SUC-05,PROD-019,Decoración,391.45,0.0,,112.0,109.0,118.0,116.0,110.75,8.139410298049862,443.0,-7.0,11,45,,476.0,,0,2025-11-03,443.0,299.55893866225324,425.3229456651877
SUC-01,PROD-019,Decoración,336.8,1.0,299.0,69.0,49.0,48.0,0.0,38.0,25.521232990067958,152.0,49.0,11,45,7.868421052631579,230.0,230.0,0,2025-11-03,152.0,254.02599929819473,262.62631456599524
SUC-04,PROD-020,Herramientas,328.65,0.0,388.0,84.0,67.0,88.0,75.0,84.25,17.461863207191463,337.0,-8.0,11,45,4.605341246290801,438.0,304.0,0,2025-11-03,337.0,345.58841763820755,376.70399743106066
SUC-02,PROD-018,Accesorios,210.47,0.0,86.0,21.0,14.0,19.0,0.0,13.0,8.981462390204987,52.0,14.0,11,45,6.615384615384615,86.0,65.0,0,2025-11-03,52.0,79.7691115674222,95.09496969857345
SUC-03,PROD-015,Decoración,555.26,0.0,136.0,51.0,48.0,42.0,40.0,42.0,4.320493798938573,168.0,8.0,11,45,3.238095238095238,85.0,85.0,0,2025-11-03,168.0,159.36569443730713,178.0441515740021
SUC-03,PROD-018,Accesorios,219.13,0.0,69.0,33.0,20.0,22.0,21.0,21.25,0.9574271077563367,85.0,-1.0,11,45,3.2470588235294118,105.0,36.0,0,2025-11-03,85.0,88.17493312677412,85.41389128204952
SUC-04,PROD-018,Accesorios,211.7,0.0,99.0,35.0,32.0,28.0,15.0,24.0,7.527726527090811,96.0,17.0,11,45,4.125,140.0,64.0,0,2025-11-03,96.0,128.50025952651674,113.36251580273873
SUC-02,PROD-016,Herramientas,385.72,0.0,12.0,12.0,40.0,41.0,32.0,38.0,4.0824829046386295,152.0,8.0,11,45,0.3157894736842105,87.0,0.0,1,2025-11-03,152.0,91.5361344687482,145.9790835322085
SUC-03,PROD-020,Herramientas,330.88,0.0,311.0,90.0,43.0,94.0,86.0,77.25,23.142673426666448,309.0,-43.0,11,45,4.02588996763754,442.0,221.0,0,2025-11-03,309.0,303.361232469439,345.0174337459923
SUC-04,PROD-017,Iluminación,116.97,0.0,146.0,33.0,48.0,38.0,12.0,33.5,15.264337522473744,134.0,36.0,11,45,4.358208955223881,161.0,113.0,0,2025-11-03,134.0,193.32686660824788,178.4718100424974
SUC-01,PROD-017,Iluminación,116.88,0.0,65.0,28.0,21.0,21.0,23.0,24.75,6.238322424070978,99.0,-2.0,11,45,2.6262626262626263,111.0,37.0,0,2025-11-03,99.0,102.06182240805714,92.15933014996982
SUC-03,PROD-017,Iluminación,117.86,0.0,142.0,41.0,32.0,35.0,31.0,39.75,14.268263150549659,159.0,1.0,11,45,3.5723270440251573,152.0,101.0,0,2025-11-03,159.0,171.58253242805313,170.8934373956653
SUC-05,PROD-018,Accesorios,219.06,0.0,110.0,38.0,5.0,40.0,18.0,24.25,15.840349322747485,97.0,-13.0,11,45,4.536082474226804,176.0,72.0,0,2025-11-03,97.0,137.36031961949487,136.4375048882862
SUC-02,PROD-017,Iluminación,99.21,1.0,117.0,42.0,28.0,21.0,29.0,23.5,6.1373175465073295,94.0,-1.0,11,45,4.9787234042553195,132.0,75.0,0,2025-11-03,94.0,137.55938364258793,120.83605387531854
SUC-01,PROD-015,Decoración,582.12,0.0,93.0,29.0,23.0,31.0,25.0,26.0,3.4641016151377637,104.0,-2.0,11,45,3.576923076923077,110.0,64.0,0,2025-11-03,104.0,100.7808941843497,123.0782322483445
SUC-05,PROD-020,Herramientas,316.45,0.0,470.0,104.0,110.0,101.0,27.0,90.0,42.871902220452036,360.0,83.0,11,45,5.222222222222222,431.0,366.0,0,2025-11-03,360.0,407.58699954083306,421.1060875352575
SUC-04,PROD-015,Decoración,482.88,1.0,232.0,56.0,38.0,40.0,26.0,37.25,8.057087976847887,149.0,12.0,11,45,6.228187919463087,199.0,176.0,0,2025-11-03,149.0,206.58370743334314,190.80001496088755
SUC-04,PROD-016,Herramientas,337.42,1.0,266.0,59.0,53.0,52.0,50.0,50.75,2.2173557826083377,203.0,3.0,11,45,5.241379310344827,254.0,207.0,0,2025-11-03,203.0,222.38043216324974,246.3334003752239
SUC-01,PROD-018,Accesorios,207.26,0.0,47.0,21.0,2.0,32.0,13.0,15.0,12.463279397226612,60.0,-11.0,11,45,3.1333333333333333,69.0,26.0,0,2025-11-03,60.0,61.59323263275891,80.27360596980994
SUC-01,PROD-020,Herramientas,275.72,1.0,295.0,73.0,0.0,0.0,0.0,0.0,0.0,0.0,0.0,11,45,,244.0,222.0,0,2025-11-03,0.0,173.76419058243818,316.01439522713565
SUC-05,PROD-015,Decoración,556.69,0.0,217.0,57.0,55.0,42.0,57.0,50.25,6.99404508611913,201.0,-2.0,11,45,4.318407960199005,249.0,160.0,0,2025-11-03,201.0,220.18369449908892,244.88281447040234
SUC-02,PROD-020,Herramientas,325.41,0.0,245.0,70.0,51.0,71.0,52.0,60.5,10.472185381603321,242.0,-1.0,11,45,4.049586776859504,305.0,175.0,0,2025-11-03,242.0,240.1076668200235,295.39830600826184
SUC-05,PROD-016,Herramientas,377.17,0.0,262.0,69.0,52.0,65.0,48.0,53.0,8.286535263104042,212.0,4.0,11,45,4.943396226415095,264.0,193.0,0,2025-11-03,212.0,231.45798096632885,264.4510294294488
SUC-05,PROD-010,Accesorios,382.69,0.0,292.0,105.0,81.0,75.0,43.0,85.75,42.26405091800832,343.0,38.0,11,45,3.4052478134110786,443.0,187.0,0,2025-11-03,343.0,351.8354177205303,358.31489830675883
SUC-01,PROD-008,Herramientas,254.48,0.0,131.0,46.0,14.0,44.0,0.0,21.75,18.980252896102307,87.0,14.0,11,45,6.022988505747127,148.0,85.0,0,2025-11-03,87.0,120.13123153369,154.12299030843886
SUC-05,PROD-008,Herramientas,258.38,0.0,212.0,68.0,57.0,73.0,0.0,53.75,37.62423864124473,215.0,57.0,11,45,3.944186046511628,313.0,144.0,0,2025-11-03,215.0,238.1016299019161,287.1501053208489
SUC-02,PROD-009,Iluminación,529.01,0.0,49.0,12.0,0.0,20.0,10.0,10.75,8.301606270274847,43.0,-10.0,11,45,4.558139534883721,66.0,37.0,0,2025-11-03,43.0,49.4141371841645,63.78124661123192
SUC-03,PROD-002,Accesorios,120.42,0.0,226.0,50.0,49.0,35.0,46.0,41.5,7.047458170621991,166.0,3.0,11,45,5.445783132530121,264.0,176.0,0,2025-11-03,166.0,224.69422540373307,211.4244199487875
SUC-03,PROD-009,Iluminación,533.01,0.0,40.0,16.0,0.0,0.0,0.0,0.0,0.0,0.0,0.0,11,45,,51.0,24.0,0,2025-11-03,0.0,40.06900955004272,106.79084041695036
SUC-04,PROD-009,Iluminación,536.36,0.0,20.0,17.0,18.0,20.0,15.0,19.0,3.3665016461206934,76.0,3.0,11,45,1.0526315789473684,40.0,3.0,0,2025-11-03,76.0,74.14563242565038,64.26329787723175
SUC-05,PROD-009,Iluminación,453.16,1.0,96.0,27.0,24.0,18.0,17.0,17.75,4.924428900898051,71.0,7.0,11,45,5.408450704225352,80.0,69.0,0,2025-11-03,71.0,111.17177961378096,88.40687116840566
SUC-01,PROD-010,Accesorios,343.27,1.0,234.0,42.0,48.0,52.0,38.0,44.25,6.849574196011503,177.0,10.0,11,45,5.288135593220339,210.0,192.0,0,2025-11-03,177.0,228.97047209736164,206.26651740906132
SUC-02,PROD-010,Accesorios,386.54,0.0,0.0,0.0,52.0,60.0,46.0,51.0,6.633249580710857,204.0,6.0,11,45,0.0,147.0,0.0,1,2025-11-03,204.0,167.12873328611786,209.48477772678814
SUC-02,PROD-002,Accesorios,120.39,0.0,161.0,41.0,39.0,31.0,36.0,37.75,5.852349955359821,151.0,3.0,11,45,4.264900662251655,215.0,120.0,0,2025-11-03,151.0,180.01669165534443,178.41170875393672
SUC-03,PROD-010,Accesorios,398.21,0.0,183.0,75.0,94.0,61.0,62.0,63.0,24.1522945769824,252.0,32.0,11,45,2.9047619047619047,290.0,108.0,0,2025-11-03,252.0,283.04542443991414,274.3374543320169
SUC-04,PROD-010,Accesorios,389.96,0.0,343.0,95.0,82.0,60.0,57.0,71.75,15.542951242712313,287.0,25.0,11,45,4.780487804878049,325.0,248.0,0,2025-11-03,287.0,337.8021573519434,365.3357424164102
SUC-01,PROD-002,Accesorios,100.9,1.0,178.0,37.0,0.0,0.0,27.0,6.75,13.5,27.0,-27.0,11,45,26.37037037037037,188.0,141.0,0,2025-11-03,27.0,164.71300074903468,154.18872910269718
SUC-02,PROD-011,Decoración,319.39,0.0,171.0,47.0,43.0,47.0,16.0,34.5,13.868429375143144,138.0,27.0,11,45,4.956521739130435,124.0,124.0,0,2025-11-03,138.0,173.5214730606831,194.33164049682986
SUC-03,PROD-011,Decoración,321.29,0.0,157.0,50.0,35.0,55.0,26.0,39.0,12.138094304022083,156.0,9.0,11,45,4.0256410256410255,224.0,107.0,0,2025-11-03,156.0,182.0888257255007,186.196104214012
SUC-04,PROD-011,Decoración,333.78,0.0,231.0,57.0,66.0,58.0,15.0,49.75,23.414738947936204,199.0,51.0,11,45,4.64321608040201,229.0,174.0,0,2025-11-03,199.0,246.767801371628,257.7385721802564
SUC-05,PROD-001,Iluminación,288.16,1.0,304.0,101.0,55.0,47.0,81.0,63.75,15.52149047825841,255.0,-26.0,11,45,4.768627450980392,350.0,203.0,0,2025-11-03,255.0,313.8518386866532,305.0949547730679
SUC-05,PROD-011,Decoración,321.72,0.0,244.0,95.0,80.0,44.0,18.0,52.75,27.633011658763028,211.0,62.0,11,45,4.625592417061611,149.0,149.0,0,2025-11-03,211.0,262.5142140361411,271.1877777073146
SUC-01,PROD-012,Herramientas,216.14,1.0,311.0,68.0,56.0,27.0,71.0,59.75,24.837807203267097,239.0,-15.0,11,45,5.205020920502092,264.0,243.0,0,2025-11-03,239.0,283.6225709077844,298.45636432891155
SUC-02,PROD-012,Herramientas,246.42,0.0,286.0,73.0,81.0,86.0,54.0,84.5,25.82634314028992,338.0,27.0,11,45,3.3846153846153846,390.0,213.0,0,2025-11-03,338.0,306.22319073986796,324.8493476338475
SUC-03,PROD-012,Herramientas,249.39,0.0,259.0,98.0,109.0,85.0,62.0,90.5,21.79449471770338,362.0,47.0,11,45,2.861878453038674,405.0,161.0,0,2025-11-03,362.0,320.4961202093218,389.65413313488193
SUC-04,PROD-001,Iluminación,329.07,0.0,239.0,48.0,37.0,67.0,44.0,49.5,12.819256348686267,198.0,-7.0,11,45,4.828282828282828,295.0,191.0,0,2025-11-03,198.0,268.45177519977204,248.26395524407377
SUC-04,PROD-002,Accesorios,103.92,1.0,27.0,27.0,53.0,77.0,46.0,59.0,13.291601358251267,236.0,7.0,11,45,0.4576271186440678,151.0,0.0,1,2025-11-03,236.0,198.63879421367596,209.47783292120738
SUC-04,PROD-008,Herramientas,258.17,0.0,147.0,75.0,57.0,66.0,25.0,54.5,20.404247923737184,218.0,32.0,11,45,2.697247706422018,247.0,72.0,0,2025-11-03,218.0,201.96743453907814,255.84937548515293
SUC-03,PROD-008,Herramientas,257.8,0.0,0.0,0.0,38.0,65.0,35.0,45.0,13.638181696985855,180.0,3.0,11,45,0.0,87.0,0.0,1,2025-11-03,180.0,122.79221648804717,179.22493939860718
SUC-02,PROD-008,Herramientas,257.19,0.0,131.0,32.0,34.0,42.0,36.0,36.5,3.785938897200182,146.0,-2.0,11,45,3.589041095890411,191.0,99.0,0,2025-11-03,146.0,135.4027914263452,170.5206341994064
SUC-03,PROD-004,Herramientas,130.13,1.0,171.0,26.0,38.0,35.0,29.0,30.5,7.93725393319377,122.0,9.0,11,45,5.60655737704918,134.0,145.0,0,2025-11-03,122.0,138.32399725416747,162.12608041508443
SUC-04,PROD-004,Herramientas,153.4,0.0,102.0,20.0,21.0,26.0,37.0,29.75,7.5443135318375125,119.0,-16.0,11,45,3.4285714285714284,128.0,82.0,0,2025-11-03,119.0,124.79586872831447,133.02547106335072
SUC-05,PROD-004,Herramientas,134.59,1.0,200.0,59.0,41.0,33.0,38.0,35.5,4.932882862316244,142.0,3.0,11,45,5.633802816901408,141.0,141.0,0,2025-11-03,142.0,170.53692584961368,174.84228647182715
SUC-05,PROD-003,Decoración,155.86,0.0,276.0,76.0,100.0,91.0,42.0,80.75,26.221810260417442,323.0,58.0,11,45,3.417956656346749,347.0,200.0,0,2025-11-03,323.0,316.23619388009956,328.857013626867
SUC-01,PROD-005,Iluminación,531.14,0.0,124.0,33.0,31.0,46.0,10.0,29.75,14.840822079655828,119.0,21.0,11,45,4.168067226890757,111.0,91.0,0,2025-11-03,119.0,162.16697701785216,150.8920849795486
SUC-02,PROD-005,Iluminación,550.47,0.0,143.0,37.0,40.0,42.0,25.0,34.75,7.804912982645415,139.0,15.0,11,45,4.115107913669065,146.0,106.0,0,2025-11-03,139.0,179.86753017460094,160.7538456342993
SUC-03,PROD-005,Iluminación,526.26,0.0,134.0,31.0,38.0,50.0,46.0,47.0,6.831300510639748,188.0,-8.0,11,45,2.851063829787234,194.0,103.0,0,2025-11-03,188.0,197.95327030716544,178.60393847982075
SUC-04,PROD-003,Decoración,155.16,0.0,271.0,62.0,89.0,71.0,42.0,66.25,19.482898483884092,265.0,47.0,11,45,4.090566037735849,266.0,209.0,0,2025-11-03,265.0,293.75250437325997,316.230482219005
SUC-04,PROD-005,Iluminación,460.86,1.0,208.0,65.0,32.0,42.0,49.0,45.5,11.387127235025782,182.0,-17.0,11,45,4.571428571428571,185.0,143.0,0,2025-11-03,182.0,244.66200355109206,203.96622193764833
SUC-05,PROD-005,Iluminación,531.63,0.0,208.0,57.0,53.0,42.0,59.0,50.25,7.365459931328105,201.0,-6.0,11,45,4.1393034825870645,261.0,151.0,0,2025-11-03,201.0,253.89980887686679,234.73185775609264
SUC-04,PROD-012,Herramientas,252.94,0.0,352.0,95.0,93.0,119.0,46.0,97.0,37.37200378179725,388.0,47.0,11,45,3.6288659793814433,471.0,257.0,0,2025-11-03,388.0,382.6095888070144,410.06055622222925
SUC-01,PROD-006,Accesorios,540.82,0.0,74.0,14.0,23.0,11.0,15.0,17.25,5.315072906367322,69.0,8.0,11,45,4.2898550724637685,112.0,60.0,0,2025-11-03,69.0,80.50733439192783,83.30894585882243
SUC-04,PROD-006,Accesorios,546.56,0.0,120.0,37.0,41.0,30.0,36.0,35.25,4.573474244670746,141.0,5.0,11,45,3.404255319148936,166.0,83.0,0,2025-11-03,141.0,157.45328664979257,154.05130338324952
SUC-02,PROD-003,Decoración,154.29,0.0,186.0,35.0,40.0,62.0,53.0,52.5,9.18331820930394,210.0,-13.0,11,45,3.5428571428571427,231.0,151.0,0,2025-11-03,210.0,204.18165775078558,244.50847465299879
SUC-05,PROD-006,Accesorios,453.34,1.0,257.0,37.0,37.0,43.0,39.0,38.75,3.0956959368343515,155.0,-2.0,11,45,6.632258064516129,200.0,220.0,0,2025-11-03,155.0,210.86857008696322,216.84836393671685
SUC-01,PROD-007,Decoración,161.69,0.0,96.0,37.0,30.0,39.0,29.0,35.75,7.632168761236878,143.0,1.0,11,45,2.6853146853146854,146.0,59.0,0,2025-11-03,143.0,128.08164595398432,154.04659719514518
SUC-02,PROD-007,Decoración,166.77,0.0,175.0,41.0,33.0,56.0,41.0,48.75,14.430869689661813,195.0,-8.0,11,45,3.58974358974359,244.0,134.0,0,2025-11-03,195.0,182.8360167484245,223.57720084818584
SUC-01,PROD-003,Decoración,153.49,0.0,173.0,34.0,54.0,34.0,30.0,35.25,13.301002468485851,141.0,24.0,11,45,4.907801418439717,171.0,139.0,0,2025-11-03,141.0,183.40741569357024,198.9846485412735
SUC-03,PROD-007,Decoración,158.28,0.0,195.0,59.0,62.0,41.0,35.0,47.5,11.958260743101409,190.0,27.0,11,45,4.105263157894737,254.0,136.0,0,2025-11-03,190.0,205.8943268702278,220.14285528548092
SUC-04,PROD-007,Decoración,166.68,0.0,207.0,59.0,17.0,72.0,61.0,53.0,24.5085019262024,212.0,-44.0,11,45,3.9056603773584904,258.0,148.0,0,2025-11-03,212.0,240.37926390537334,261.1653871081046
SUC-05,PROD-007,Decoración,165.71,0.0,236.0,69.0,91.0,61.0,52.0,62.75,19.70406049523803,251.0,39.0,11,45,3.760956175298805,346.0,167.0,0,2025-11-03,251.0,273.5121078069269,304.3563271570191
SUC-05,PROD-002,Accesorios,115.65,0.0,254.0,84.0,65.0,78.0,25.0,55.75,22.559181427229717,223.0,40.0,11,45,4.556053811659193,386.0,170.0,0,2025-11-03,223.0,283.1697882653493,305.68198867568333
SUC-02,PROD-006,Accesorios,541.61,0.0,68.0,30.0,25.0,19.0,24.0,23.75,3.403429642777021,95.0,1.0,11,45,2.863157894736842,95.0,38.0,0,2025-11-03,95.0,93.49415797651368,101.16349734089432
SUC-05,PROD-012,Herramientas,255.5,0.0,17.0,17.0,126.0,113.0,114.0,112.5,11.902380714238097,450.0,12.0,11,45,0.1511111111111111,357.0,0.0,1,2025-11-03,450.0,287.11395629710955,427.5788618209134
SUC-01,PROD-004,Herramientas,157.88,0.0,68.0,21.0,15.0,17.0,15.0,16.75,2.3629078131262986,67.0,0.0,11,45,4.059701492537314,83.0,47.0,0,2025-11-03,67.0,52.66316905171533,74.03811779878185
SUC-01,PROD-013,Iluminación,455.03,0.0,105.0,40.0,27.0,38.0,31.0,34.5,6.75771164423776,138.0,-4.0,11,45,3.0434782608695654,133.0,65.0,0,2025-11-03,138.0,165.37544429885955,147.23269834004424
SUC-03,PROD-014,Accesorios,457.77,1.0,123.0,33.0,26.0,15.0,33.0,27.75,9.639329160614167,111.0,-7.0,11,45,4.4324324324324325,90.0,90.0,0,2025-11-03,111.0,134.6528534022893,128.8697681316792
SUC-05,PROD-013,Iluminación,454.26,0.0,202.0,64.0,63.0,58.0,75.0,69.0,10.2306728354819,276.0,-12.0,11,45,2.927536231884058,232.0,138.0,0,2025-11-03,276.0,283.9788480948516,275.56620078980757
SUC-04,PROD-013,Iluminación,456.89,0.0,229.0,61.0,37.0,71.0,42.0,51.25,15.19594244088422,205.0,-5.0,11,45,4.46829268292683,230.0,168.0,0,2025-11-03,205.0,275.0623004394133,246.31918488045048
SUC-05,PROD-014,Accesorios,546.44,0.0,135.0,39.0,40.0,31.0,0.0,26.0,17.757627469156272,104.0,40.0,11,45,5.1923076923076925,184.0,96.0,0,2025-11-03,104.0,164.88607992290943,151.29692896078816
SUC-04,PROD-014,Accesorios,535.41,0.0,121.0,40.0,31.0,36.0,28.0,34.75,6.994045086119097,139.0,3.0,11,45,3.4820143884892087,81.0,81.0,0,2025-11-03,139.0,152.7953765400076,149.39586950728435
SUC-01,PROD-001,Iluminación,334.31,0.0,144.0,40.0,27.0,38.0,30.0,32.25,4.787135538781682,129.0,-3.0,11,45,4.465116279069767,161.0,104.0,0,2025-11-03,129.0,168.85412789219956,163.646640105351
SUC-02,PROD-013,Iluminación,461.46,0.0,116.0,48.0,42.0,65.0,36.0,42.75,15.903353943953666,171.0,6.0,11,45,2.7134502923976607,180.0,68.0,0,2025-11-03,171.0,205.34610375840379,176.0317683344204
SUC-01,PROD-014,Accesorios,546.13,0.0,88.0,14.0,20.0,20.0,12.0,18.25,4.193248541803041,73.0,8.0,11,45,4.821917808219178,93.0,74.0,0,2025-11-03,73.0,81.81543165116771,97.56506774625163
SUC-03,PROD-001,Iluminación,334.22,0.0,158.0,24.0,52.0,37.0,62.0,53.75,12.338962679253063,215.0,-10.0,11,45,2.9395348837209303,258.0,134.0,0,2025-11-03,215.0,227.34191527162574,252.11965849913744
SUC-02,PROD-001,Iluminación,335.56,0.0,171.0,54.0,30.0,49.0,43.0,37.5,10.14889156509222,150.0,-13.0,11,45,4.56,180.0,117.0,0,2025-11-03,150.0,203.6013072904109,189.92108479809949
SUC-03,PROD-013,Iluminación,455.54,0.0,125.0,40.0,36.0,85.0,46.0,53.0,21.802140567690444,212.0,-10.0,11,45,2.358490566037736,170.0,85.0,0,2025-11-03,212.0,234.13232583596002,210.5255821764951
SUC-01,PROD-015,Decoración,566.39,0.0,64.0,25.0,29.0,23.0,25.0,27.0,3.651483716701116,108.0,4.0,11,46,2.3703703703703702,117.0,39.0,0,2025-11-10,108.0,91.553108134942,119.31416682048281
SUC-03,PROD-002,Accesorios,120.77,0.0,176.0,58.0,50.0,49.0,36.0,42.5,8.103497187428813,170.0,14.0,11,46,4.141176470588236,264.0,118.0,0,2025-11-10,170.0,209.48801409833266,201.10596065835037
SUC-05,PROD-019,Decoración,379.55,0.0,300.0,86.0,112.0,109.0,100.0,109.75,7.500000000000009,439.0,12.0,11,46,2.733485193621868,427.0,214.0,0,2025-11-10,439.0,358.3077489760228,442.66259802186124
SUC-03,PROD-017,Iluminación,112.82,0.0,101.0,44.0,41.0,32.0,61.0,42.25,13.047988350699887,169.0,-20.0,11,46,2.3905325443786984,154.0,57.0,0,2025-11-10,169.0,170.49312362505498,134.86045654964232
SUC-04,PROD-013,Iluminación,449.02,0.0,168.0,59.0,61.0,37.0,55.0,56.0,14.282856857085687,224.0,6.0,11,46,3.0,218.0,109.0,0,2025-11-10,224.0,259.52937301323857,246.72340398739524
SUC-03,PROD-009,Iluminación,532.11,0.0,24.0,13.0,16.0,0.0,0.0,4.0,8.0,16.0,16.0,11,46,6.0,54.0,11.0,0,2025-11-10,16.0,51.748777548388574,54.78628456810072
SUC-01,PROD-006,Accesorios,540.94,0.0,60.0,30.0,14.0,23.0,20.0,17.0,5.4772255750516585,68.0,-6.0,11,46,3.5294117647058822,116.0,30.0,0,2025-11-10,68.0,76.85680302966225,75.2758704450148
SUC-01,PROD-004,Herramientas,158.61,0.0,47.0,20.0,21.0,15.0,20.0,18.25,2.7537852736430466,73.0,1.0,11,46,2.5753424657534247,86.0,27.0,0,2025-11-10,73.0,49.29195726911561,78.18022953272218
SUC-04,PROD-005,Iluminación,523.81,0.0,143.0,55.0,65.0,32.0,59.0,49.5,15.198684153570639,198.0,6.0,11,46,2.888888888888889,183.0,88.0,0,2025-11-10,198.0,239.55943480673668,217.68920569622165
SUC-02,PROD-002,Accesorios,117.79,0.0,120.0,43.0,41.0,39.0,45.0,39.0,5.887840577551906,156.0,-4.0,11,46,3.076923076923077,231.0,77.0,0,2025-11-10,156.0,172.49763424238466,167.04341107911694
SUC-02,PROD-003,Decoración,127.22,1.0,151.0,56.0,35.0,40.0,55.0,48.0,12.622730819174324,192.0,-20.0,11,46,3.1458333333333335,227.0,95.0,0,2025-11-10,192.0,190.38463312401015,200.38798195600978
SUC-02,PROD-020,Herramientas,321.95,0.0,175.0,84.0,70.0,51.0,68.0,65.0,9.416297927883669,260.0,2.0,11,46,2.6923076923076925,254.0,91.0,0,2025-11-10,260.0,224.2729429573882,266.3367960644016
SUC-02,PROD-009,Iluminación,529.09,0.0,37.0,10.0,12.0,0.0,13.0,11.25,8.301606270274847,45.0,-1.0,11,46,3.2888888888888888,70.0,27.0,0,2025-11-10,45.0,45.52312287615101,56.172834482138654
SUC-02,PROD-017,Iluminación,116.31,0.0,75.0,36.0,42.0,28.0,16.0,26.75,11.295279249904954,107.0,26.0,11,46,2.803738317757009,138.0,39.0,0,2025-11-10,107.0,130.00098622509913,114.73363554038549
SUC-03,PROD-007,Decoración,139.26,1.0,136.0,57.0,59.0,62.0,52.0,53.5,9.32737905308883,214.0,7.0,11,46,2.542056074766355,226.0,79.0,0,2025-11-10,214.0,195.5272061287679,268.6649622527454
SUC-05,PROD-018,Accesorios,207.35,0.0,72.0,31.0,38.0,5.0,34.0,29.25,16.357974609753292,117.0,4.0,11,46,2.4615384615384617,156.0,41.0,0,2025-11-10,117.0,135.24884307719896,122.21664560239653
SUC-05,PROD-009,Iluminación,545.57,0.0,69.0,21.0,27.0,24.0,12.0,20.25,6.652067347825035,81.0,15.0,11,46,3.4074074074074074,82.0,48.0,0,2025-11-10,81.0,101.42739393121482,80.72438693042133
SUC-05,PROD-005,Iluminación,458.13,1.0,151.0,67.0,57.0,53.0,47.0,49.75,6.601767440112772,199.0,10.0,11,46,3.0351758793969847,235.0,84.0,0,2025-11-10,199.0,236.84183858662084,210.15667490716493
SUC-03,PROD-013,Iluminación,465.07,0.0,85.0,46.0,40.0,36.0,45.0,51.5,22.63478149515328,206.0,-5.0,11,46,1.6504854368932038,199.0,39.0,0,2025-11-10,206.0,209.34737191228274,184.68100260658372
SUC-01,PROD-010,Accesorios,402.8,0.0,192.0,49.0,42.0,48.0,39.0,45.25,5.852349955359808,181.0,3.0,11,46,4.2430939226519335,233.0,143.0,0,2025-11-10,181.0,208.10152162252922,202.84225916912172
SUC-04,PROD-009,Iluminación,550.46,0.0,3.0,3.0,17.0,18.0,23.0,19.5,2.6457513110645916,78.0,-6.0,11,46,0.15384615384615385,62.0,0.0,1,2025-11-10,78.0,68.9783577077603,65.63153338530235
SUC-05,PROD-012,Herramientas,245.72,0.0,0.0,0.0,17.0,126.0,97.0,88.25,48.95831560283367,353.0,-80.0,11,46,0.0,510.0,0.0,1,2025-11-10,353.0,271.45952569818087,360.2306469576176
SUC-01,PROD-009,Iluminación,523.71,0.0,14.0,9.0,13.0,6.0,9.0,8.5,3.3166247903553985,34.0,4.0,11,46,1.6470588235294117,30.0,5.0,0,2025-11-10,34.0,21.57218357165104,27.66612440320258
SUC-02,PROD-006,Accesorios,536.16,0.0,38.0,27.0,30.0,25.0,27.0,25.25,4.645786621588783,101.0,3.0,11,46,1.504950495049505,96.0,11.0,0,2025-11-10,101.0,89.3241453877117,96.92025253858588
SUC-01,PROD-014,Accesorios,546.42,0.0,74.0,23.0,14.0,20.0,21.0,18.75,3.2015621187164243,75.0,-7.0,11,46,3.9466666666666668,88.0,51.0,0,2025-11-10,75.0,76.368107895503,80.38691363741748
SUC-04,PROD-007,Decoración,161.0,0.0,148.0,57.0,59.0,17.0,62.0,52.5,24.310491562286433,210.0,-3.0,11,46,2.8190476190476192,233.0,91.0,0,2025-11-10,210.0,223.81299477420555,246.66408224987944
SUC-05,PROD-002,Accesorios,117.5,0.0,170.0,82.0,84.0,65.0,55.0,70.5,13.0256157883866,282.0,29.0,11,46,2.4113475177304964,361.0,88.0,0,2025-11-10,282.0,260.5785834496861,295.99306329045334
SUC-02,PROD-007,Decoración,164.15,0.0,134.0,55.0,41.0,33.0,65.0,48.75,14.430869689661813,195.0,-24.0,11,46,2.7487179487179487,257.0,79.0,0,2025-11-10,195.0,175.0173944217087,208.8410227254255
SUC-05,PROD-007,Decoración,159.14,0.0,167.0,66.0,69.0,91.0,47.0,67.0,18.40289832245635,268.0,22.0,11,46,2.4925373134328357,366.0,101.0,0,2025-11-10,268.0,246.262667407614,288.45118824951567
SUC-02,PROD-015,Decoración,552.29,0.0,75.0,35.0,42.0,0.0,18.0,15.0,19.8997487421324,60.0,24.0,11,46,5.0,171.0,40.0,0,2025-11-10,60.0,121.46406663384016,138.83156565792595
SUC-01,PROD-018,Accesorios,216.57,0.0,26.0,18.0,21.0,2.0,13.0,17.0,12.67543556122103,68.0,8.0,11,46,1.5294117647058822,67.0,8.0,0,2025-11-10,68.0,53.90226008717062,77.58495926894456
SUC-01,PROD-003,Decoración,148.56,0.0,139.0,43.0,34.0,54.0,23.0,36.25,12.91962331752233,145.0,11.0,11,46,3.8344827586206898,164.0,96.0,0,2025-11-10,145.0,165.79557488448512,169.2231725238271
SUC-01,PROD-020,Herramientas,330.53,0.0,222.0,76.0,73.0,0.0,0.0,18.25,36.5,73.0,73.0,11,46,12.164383561643836,236.0,146.0,0,2025-11-10,73.0,222.65395578310842,294.21754518792744
SUC-01,PROD-008,Herramientas,259.06,0.0,85.0,38.0,46.0,14.0,29.0,33.25,14.908051515875574,133.0,17.0,11,46,2.556390977443609,147.0,47.0,0,2025-11-10,133.0,115.4741989629727,137.5227724402504
SUC-01,PROD-007,Decoración,165.78,0.0,59.0,41.0,37.0,30.0,45.0,37.75,6.184658438426496,151.0,-8.0,11,46,1.5629139072847682,131.0,18.0,0,2025-11-10,151.0,120.25258588912857,157.12136982297324
SUC-03,PROD-018,Accesorios,213.25,0.0,36.0,23.0,33.0,20.0,22.0,24.25,5.909032633745278,97.0,11.0,11,46,1.4845360824742269,110.0,13.0,0,2025-11-10,97.0,87.36754068137077,87.31202267067026
SUC-02,PROD-008,Herramientas,261.91,0.0,99.0,72.0,32.0,34.0,34.0,35.5,4.4347115652166895,142.0,-2.0,11,46,2.788732394366197,141.0,27.0,0,2025-11-10,142.0,121.31492076526769,158.0240470017312
SUC-05,PROD-006,Accesorios,531.9,0.0,220.0,42.0,37.0,37.0,36.0,38.25,3.2015621187163257,153.0,1.0,11,46,5.751633986928105,178.0,178.0,0,2025-11-10,153.0,193.0269234976082,202.67264204643527
SUC-05,PROD-017,Iluminación,100.85,1.0,92.0,42.0,46.0,0.0,0.0,11.5,23.0,46.0,46.0,11,46,8.0,254.0,50.0,0,2025-11-10,46.0,174.48098238185074,149.95048129684128
SUC-02,PROD-001,Iluminación,279.93,1.0,117.0,38.0,54.0,30.0,28.0,40.25,13.175102782647782,161.0,26.0,11,46,2.906832298136646,179.0,79.0,0,2025-11-10,161.0,190.31381900471186,169.8670191318686
SUC-03,PROD-008,Herramientas,254.09,0.0,0.0,0.0,0.0,38.0,42.0,36.25,26.936654085712526,145.0,-42.0,11,46,0.0,130.0,0.0,1,2025-11-10,145.0,115.65972251519257,173.03603274557673
SUC-05,PROD-013,Iluminación,453.16,0.0,138.0,50.0,64.0,63.0,80.0,66.25,9.535023160258566,265.0,-16.0,11,46,2.0830188679245283,284.0,88.0,0,2025-11-10,265.0,265.59046308246116,284.31748030776123
SUC-04,PROD-008,Herramientas,256.29,0.0,72.0,57.0,75.0,57.0,70.0,67.0,7.615773105863906,268.0,5.0,11,46,1.0746268656716418,240.0,15.0,0,2025-11-10,268.0,185.21546534550922,257.5889260781502
SUC-04,PROD-006,Accesorios,455.88,1.0,83.0,51.0,37.0,41.0,34.0,35.5,4.654746681256311,142.0,3.0,11,46,2.3380281690140845,148.0,32.0,0,2025-11-10,142.0,148.3515187056387,149.74417143420172
SUC-04,PROD-002,Accesorios,116.02,0.0,0.0,0.0,27.0,53.0,60.0,54.25,20.774583830568872,217.0,-33.0,11,46,0.0,232.0,0.0,1,2025-11-10,217.0,183.47166296924243,209.6379411942117
SUC-04,PROD-017,Iluminación,117.51,0.0,113.0,37.0,33.0,48.0,36.0,38.75,6.499999999999989,155.0,-3.0,11,46,2.9161290322580644,193.0,76.0,0,2025-11-10,155.0,177.68611330400097,160.9558779860167
SUC-04,PROD-018,Accesorios,213.62,0.0,64.0,28.0,35.0,32.0,21.0,29.0,6.055300708194985,116.0,14.0,11,46,2.206896551724138,137.0,36.0,0,2025-11-10,116.0,119.2114324205373,122.60027338239102
SUC-05,PROD-008,Herramientas,260.08,0.0,144.0,52.0,68.0,57.0,85.0,70.75,11.615363389350616,283.0,-17.0,11,46,2.035335689045936,342.0,92.0,0,2025-11-10,283.0,219.15738803256698,286.88527550456655
SUC-01,PROD-017,Iluminación,97.32,1.0,37.0,26.0,28.0,21.0,34.0,26.0,6.2716292407422705,104.0,-6.0,11,46,1.4230769230769231,114.0,11.0,0,2025-11-10,104.0,100.93343737784105,94.93157101413951
SUC-01,PROD-001,Iluminación,335.79,0.0,104.0,33.0,40.0,27.0,34.0,34.75,5.7373048260194945,139.0,6.0,11,46,2.9928057553956835,160.0,71.0,0,2025-11-10,139.0,160.13635846740553,152.96462916102934
SUC-03,PROD-015,Decoración,559.67,0.0,85.0,42.0,51.0,48.0,38.0,44.75,5.852349955359813,179.0,13.0,11,46,1.899441340782123,43.0,43.0,0,2025-11-10,179.0,145.90396792678052,191.6462920831892
SUC-02,PROD-018,Accesorios,214.19,0.0,65.0,25.0,21.0,14.0,19.0,18.25,2.9860788111948224,73.0,2.0,11,46,3.5616438356164384,87.0,40.0,0,2025-11-10,73.0,73.65345429540426,73.0080252888809
SUC-03,PROD-014,Accesorios,549.56,0.0,90.0,35.0,33.0,26.0,37.0,27.75,9.639329160614167,111.0,-4.0,11,46,3.2432432432432434,55.0,55.0,0,2025-11-10,111.0,127.81543778734547,137.98383375397964
SUC-02,PROD-013,Iluminación,456.36,0.0,68.0,59.0,48.0,42.0,28.0,45.75,15.326991442115007,183.0,20.0,11,46,1.4863387978142077,147.0,9.0,0,2025-11-10,183.0,181.98685781136462,178.3119639562507
SUC-03,PROD-011,Decoración,333.95,0.0,107.0,61.0,50.0,35.0,40.0,45.0,9.128709291752768,180.0,10.0,11,46,2.3777777777777778,238.0,46.0,0,2025-11-10,180.0,167.7750272395828,204.39922921123426
SUC-02,PROD-019,Decoración,381.5,0.0,279.0,69.0,77.0,74.0,73.0,71.75,6.07590871118603,287.0,4.0,11,46,3.8885017421602788,299.0,210.0,0,2025-11-10,287.0,280.4439071003791,336.8242729139051
SUC-04,PROD-019,Decoración,330.39,1.0,0.0,0.0,0.0,52.0,77.0,57.75,43.57656097796919,231.0,-77.0,11,46,0.0,325.0,0.0,1,2025-11-10,231.0,224.80822973157203,273.2251489117033
SUC-04,PROD-011,Decoración,328.41,0.0,174.0,73.0,57.0,66.0,60.0,60.25,4.031128874149327,241.0,-3.0,11,46,2.887966804979253,236.0,101.0,0,2025-11-10,241.0,221.83927790569032,266.1582742836225
SUC-03,PROD-012,Herramientas,218.66,1.0,161.0,69.0,98.0,109.0,106.0,99.5,10.723805294763633,398.0,-8.0,11,46,1.6180904522613064,449.0,92.0,0,2025-11-10,398.0,296.27199869657215,401.82023078513885
SUC-04,PROD-015,Decoración,571.43,0.0,176.0,48.0,56.0,38.0,45.0,44.75,8.057087976847887,179.0,11.0,11,46,3.9329608938547485,202.0,128.0,0,2025-11-10,179.0,198.72816923249414,199.43769104493725
SUC-04,PROD-001,Iluminación,278.46,1.0,191.0,83.0,48.0,37.0,50.0,50.5,12.396235987858027,202.0,-2.0,11,46,3.782178217821782,269.0,108.0,0,2025-11-10,202.0,252.7092397641521,229.06444463527248
SUC-05,PROD-003,Decoración,151.56,0.0,200.0,97.0,76.0,100.0,90.0,89.25,9.912113800799503,357.0,-14.0,11,46,2.2408963585434174,292.0,103.0,0,2025-11-10,357.0,283.64285312718147,370.6819077648934
SUC-02,PROD-010,Accesorios,397.18,0.0,0.0,0.0,0.0,52.0,46.0,39.5,26.950572040929558,158.0,-46.0,11,46,0.0,238.0,0.0,1,2025-11-10,158.0,163.8274096008573,171.9211713411861
SUC-05,PROD-001,Iluminación,285.56,1.0,203.0,74.0,101.0,55.0,72.0,68.75,23.893862531341945,275.0,29.0,11,46,2.9527272727272726,346.0,129.0,0,2025-11-10,275.0,307.8886044342512,297.73809719524553
SUC-05,PROD-004,Herramientas,137.54,1.0,141.0,54.0,59.0,41.0,30.0,40.75,13.022416570411703,163.0,29.0,11,46,3.460122699386503,87.0,87.0,0,2025-11-10,163.0,165.97273446147923,180.92546639362823
SUC-02,PROD-016,Herramientas,386.44,0.0,0.0,0.0,12.0,40.0,39.0,33.0,14.023789311975086,132.0,-27.0,11,46,0.0,113.0,0.0,1,2025-11-10,132.0,88.16308523934252,138.97313563089526
SUC-05,PROD-020,Herramientas,325.5,0.0,366.0,99.0,104.0,110.0,122.0,109.25,9.287087810503355,437.0,-18.0,11,46,3.3501144164759724,445.0,267.0,0,2025-11-10,437.0,372.1055944178769,473.9856152326918
SUC-05,PROD-011,Decoración,334.75,0.0,149.0,68.0,95.0,80.0,69.0,72.0,21.49418526020468,288.0,26.0,11,46,2.0694444444444446,81.0,81.0,0,2025-11-10,288.0,259.09899581920286,290.64641134722416
SUC-04,PROD-004,Herramientas,155.65,0.0,82.0,28.0,20.0,21.0,35.0,25.5,6.85565460040104,102.0,-15.0,11,46,3.215686274509804,143.0,54.0,0,2025-11-10,102.0,114.62039528665808,122.6250883293407
SUC-02,PROD-012,Herramientas,248.23,0.0,213.0,116.0,73.0,81.0,117.0,89.25,19.25919693722111,357.0,-44.0,11,46,2.3865546218487395,345.0,97.0,0,2025-11-10,357.0,293.4282852278326,383.2839980915052
SUC-01,PROD-013,Iluminación,465.73,0.0,65.0,27.0,40.0,27.0,42.0,36.75,6.701989754294361,147.0,-2.0,11,46,1.7687074829931972,137.0,38.0,0,2025-11-10,147.0,158.06438971657792,138.96538592616528
SUC-01,PROD-012,Herramientas,249.26,0.0,243.0,98.0,68.0,56.0,85.0,59.0,24.42676128074835,236.0,-17.0,11,46,4.11864406779661,242.0,145.0,0,2025-11-10,236.0,276.89048794652126,297.56754580604587
SUC-04,PROD-014,Accesorios,530.21,0.0,81.0,33.0,40.0,31.0,44.0,37.75,5.560275772537428,151.0,-4.0,11,46,2.1456953642384105,48.0,48.0,0,2025-11-10,151.0,146.0570101856965,141.7362517128841
SUC-02,PROD-011,Decoración,329.78,0.0,124.0,48.0,47.0,43.0,32.0,42.25,7.088723439378908,169.0,15.0,11,46,2.93491124260355,76.0,76.0,0,2025-11-10,169.0,156.4611465350599,187.8770744432582
SUC-03,PROD-020,Herramientas,284.84,1.0,221.0,98.0,90.0,43.0,86.0,78.25,23.725864929790582,313.0,4.0,11,46,2.8242811501597442,433.0,123.0,0,2025-11-10,313.0,282.43694770946,310.4104554943968
SUC-01,PROD-005,Iluminación,547.77,0.0,91.0,32.0,33.0,31.0,32.0,35.5,7.047458170621986,142.0,1.0,11,46,2.563380281690141,129.0,59.0,0,2025-11-10,142.0,146.90751795843175,141.07314653449657
SUC-03,PROD-001,Iluminación,322.03,0.0,134.0,41.0,24.0,52.0,64.0,44.25,17.442763542512406,177.0,-40.0,11,46,3.0282485875706215,301.0,93.0,0,2025-11-10,177.0,217.7708009632046,188.5078338219515
SUC-03,PROD-010,Accesorios,394.87,0.0,108.0,88.0,75.0,94.0,35.0,66.25,24.83780720326709,265.0,40.0,11,46,1.630188679245283,251.0,20.0,0,2025-11-10,265.0,249.9225676102686,295.53982034105684
SUC-03,PROD-005,Iluminación,550.4,0.0,103.0,42.0,31.0,38.0,54.0,43.25,10.626225419530064,173.0,-23.0,11,46,2.3815028901734103,215.0,61.0,0,2025-11-10,173.0,187.73483841438997,137.78509512682308
SUC-01,PROD-019,Decoración,335.76,1.0,230.0,92.0,69.0,49.0,55.0,55.25,9.673847907287625,221.0,14.0,11,46,4.16289592760181,138.0,138.0,0,2025-11-10,221.0,242.3643644594991,288.50604769848906
SUC-05,PROD-016,Herramientas,390.36,0.0,193.0,84.0,69.0,52.0,47.0,58.25,10.436314802968852,233.0,22.0,11,46,3.313304721030043,270.0,109.0,0,2025-11-10,233.0,213.77961360838398,262.89504498976845
SUC-04,PROD-010,Accesorios,403.73,0.0,248.0,67.0,95.0,82.0,88.0,81.25,15.129992289048447,325.0,7.0,11,46,3.0523076923076924,337.0,181.0,0,2025-11-10,325.0,328.6377590993271,336.6289775387582
SUC-04,PROD-012,Herramientas,219.02,1.0,257.0,165.0,95.0,93.0,130.0,109.25,18.191115047370456,437.0,-35.0,11,46,2.3524027459954233,403.0,92.0,0,2025-11-10,437.0,357.38398056844744,435.9648826296396
SUC-04,PROD-016,Herramientas,384.37,0.0,207.0,64.0,59.0,53.0,48.0,53.0,4.546060565661948,212.0,11.0,11,46,3.9056603773584904,215.0,143.0,0,2025-11-10,212.0,205.1057440997586,243.1059663087744
SUC-01,PROD-002,Accesorios,115.55,0.0,141.0,38.0,37.0,0.0,0.0,9.25,18.5,37.0,37.0,11,46,15.243243243243244,188.0,103.0,0,2025-11-10,37.0,157.4807886128907,175.168992600909
SUC-04,PROD-003,Decoración,154.34,0.0,209.0,65.0,62.0,89.0,63.0,71.25,12.499999999999991,285.0,-1.0,11,46,2.933333333333333,269.0,144.0,0,2025-11-10,285.0,266.780481205975,264.49319269619264
SUC-03,PROD-004,Herramientas,151.02,0.0,145.0,33.0,26.0,38.0,20.0,29.75,8.261355820929152,119.0,6.0,11,46,4.873949579831932,148.0,112.0,0,2025-11-10,119.0,120.50824785614348,160.860428348426
SUC-05,PROD-010,Accesorios,395.99,0.0,187.0,107.0,105.0,81.0,144.0,101.25,31.308944408906545,405.0,-39.0,11,46,1.8469135802469137,469.0,80.0,0,2025-11-10,405.0,354.4176583647994,410.5282060132273
SUC-02,PROD-005,Iluminación,526.53,0.0,106.0,34.0,37.0,40.0,32.0,37.75,4.349329450233329,151.0,5.0,11,46,2.80794701986755,145.0,72.0,0,2025-11-10,151.0,164.68082582513,141.44817841615452
SUC-05,PROD-015,Decoración,564.99,0.0,160.0,74.0,57.0,55.0,47.0,50.25,6.99404508611913,201.0,10.0,11,46,3.18407960199005,226.0,86.0,0,2025-11-10,201.0,201.65306658919263,208.402343774088
SUC-03,PROD-019,Decoración,337.57,1.0,,107.0,133.0,22.0,82.0,72.75,47.055817918722866,291.0,51.0,11,46,,391.0,,0,2025-11-10,291.0,291.9188235638196,326.44988454542244
SUC-04,PROD-020,Herramientas,318.31,0.0,304.0,132.0,84.0,67.0,107.0,86.5,16.421530582338143,346.0,-23.0,11,46,3.514450867052023,404.0,172.0,0,2025-11-10,346.0,330.20648924915827,350.4436452868883
SUC-05,PROD-014,Accesorios,530.41,0.0,96.0,40.0,39.0,40.0,33.0,35.75,4.425306015783925,143.0,6.0,11,46,2.6853146853146854,207.0,56.0,0,2025-11-10,143.0,151.3629127370354,146.5157445883723
SUC-05,PROD-003,Decoración,147.34,0.0,103.0,68.0,97.0,76.0,91.0,91.0,10.67707825203131,364.0,6.0,11,47,1.1318681318681318,299.0,35.0,0,2025-11-17,364.0,255.3739560040354,377.51435026097914
SUC-03,PROD-019,Decoración,380.34,0.0,250.0,106.0,107.0,133.0,54.0,79.0,50.24606120549815,316.0,53.0,11,47,3.1645569620253164,342.0,144.0,0,2025-11-17,316.0,352.7383627677474,345.41641254846513
SUC-02,PROD-007,Decoración,140.45,1.0,79.0,75.0,55.0,41.0,56.0,46.25,11.176612486199327,185.0,-1.0,11,47,1.7081081081081082,246.0,4.0,0,2025-11-17,185.0,159.56012473600973,206.81311642032995
SUC-01,PROD-014,Accesorios,559.28,0.0,51.0,21.0,23.0,14.0,20.0,19.25,3.7749172176353745,77.0,3.0,11,47,2.6493506493506493,67.0,30.0,0,2025-11-17,77.0,70.37033202069273,86.10358494197585
SUC-03,PROD-018,Accesorios,214.41,0.0,13.0,13.0,23.0,33.0,22.0,24.5,5.802298395176403,98.0,1.0,11,47,0.5306122448979592,114.0,0.0,1,2025-11-17,98.0,78.4460972850752,88.6598567848274
SUC-01,PROD-004,Herramientas,156.04,0.0,27.0,21.0,20.0,21.0,17.0,18.25,2.7537852736430466,73.0,3.0,11,47,1.4794520547945205,86.0,6.0,0,2025-11-17,73.0,42.280107340209355,72.59598492835568
SUC-05,PROD-006,Accesorios,545.81,0.0,178.0,57.0,42.0,37.0,43.0,39.75,3.2015621187163297,159.0,-1.0,11,47,4.477987421383648,181.0,121.0,0,2025-11-17,159.0,183.175599437703,184.5447900724006
SUC-03,PROD-004,Herramientas,134.11,1.0,112.0,34.0,33.0,26.0,35.0,33.0,5.099019513592783,132.0,-2.0,11,47,3.393939393939394,150.0,78.0,0,2025-11-17,132.0,112.41716080163911,150.95667904250607
SUC-01,PROD-003,Decoración,150.05,0.0,96.0,43.0,43.0,34.0,34.0,41.25,9.500000000000002,165.0,9.0,11,47,2.327272727272727,159.0,53.0,0,2025-11-17,165.0,149.88124174111863,176.09343780409705
SUC-01,PROD-007,Decoración,165.39,0.0,18.0,18.0,41.0,37.0,39.0,36.75,4.787135538781697,147.0,2.0,11,47,0.4897959183673469,162.0,0.0,1,2025-11-17,147.0,106.23163372520477,152.66308889041227
SUC-05,PROD-004,Herramientas,136.73,1.0,87.0,38.0,54.0,59.0,33.0,46.75,11.898879499067688,187.0,21.0,11,47,1.86096256684492,94.0,49.0,0,2025-11-17,187.0,150.45059333258735,223.84299332301114
SUC-02,PROD-014,Accesorios,553.17,0.0,19.0,19.0,24.0,25.0,25.0,25.5,1.7320508075688754,102.0,-1.0,11,47,0.7450980392156863,114.0,0.0,1,2025-11-17,102.0,73.67538254319113,97.06831494826694
SUC-03,PROD-014,Accesorios,545.97,0.0,55.0,32.0,35.0,33.0,15.0,27.25,9.032349269892816,109.0,20.0,11,47,2.018348623853211,50.0,23.0,0,2025-11-17,109.0,109.84574041777583,118.28884003170039
SUC-03,PROD-005,Iluminación,548.2,0.0,61.0,36.0,42.0,31.0,50.0,40.25,7.932002689527209,161.0,-8.0,11,47,1.515527950310559,238.0,25.0,0,2025-11-17,161.0,171.986669491915,115.86959646208918
SUC-01,PROD-019,Decoración,335.91,1.0,138.0,87.0,92.0,69.0,48.0,64.5,20.72840241472233,258.0,44.0,11,47,2.13953488372093,120.0,51.0,0,2025-11-17,258.0,236.31727072391016,280.45729940896746
SUC-02,PROD-003,Decoración,155.14,0.0,95.0,60.0,56.0,35.0,62.0,48.25,12.816005617976296,193.0,-6.0,11,47,1.9689119170984455,233.0,35.0,0,2025-11-17,193.0,180.23497778664787,208.40390691724275
SUC-05,PROD-018,Accesorios,187.68,1.0,41.0,26.0,31.0,38.0,40.0,28.5,16.13484841370793,114.0,-9.0,11,47,1.4385964912280702,150.0,15.0,0,2025-11-17,114.0,134.1112018389716,124.71031710255971
SUC-05,PROD-005,Iluminación,539.82,0.0,84.0,53.0,67.0,57.0,42.0,54.75,10.340051579497391,219.0,25.0,11,47,1.5342465753424657,247.0,31.0,0,2025-11-17,219.0,219.27038456055212,216.81184656275093
SUC-04,PROD-003,Decoración,151.11,0.0,144.0,53.0,65.0,62.0,71.0,71.75,12.093386622447815,287.0,-6.0,11,47,2.0069686411149825,329.0,91.0,0,2025-11-17,287.0,241.67685026432778,267.122796618715
SUC-02,PROD-005,Iluminación,523.71,0.0,72.0,46.0,34.0,37.0,42.0,38.25,3.5000000000000404,153.0,-8.0,11,47,1.8823529411764706,136.0,26.0,0,2025-11-17,153.0,153.80610551278605,120.57212761884092
SUC-01,PROD-015,Decoración,557.13,0.0,39.0,30.0,25.0,29.0,31.0,27.0,3.651483716701116,108.0,-6.0,11,47,1.4444444444444444,126.0,9.0,0,2025-11-17,108.0,85.15362558707002,118.39009705513497
SUC-01,PROD-005,Iluminación,547.59,0.0,59.0,23.0,32.0,33.0,46.0,35.5,7.047458170621986,142.0,-14.0,11,47,1.6619718309859155,161.0,36.0,0,2025-11-17,142.0,141.2245221832591,126.07126661654156
SUC-01,PROD-006,Accesorios,540.68,0.0,30.0,29.0,30.0,14.0,11.0,19.5,8.660254037844386,78.0,19.0,11,47,1.5384615384615385,118.0,1.0,0,2025-11-17,78.0,70.60621109381051,74.66975697206101
SUC-02,PROD-019,Decoración,383.23,0.0,210.0,82.0,69.0,77.0,63.0,70.75,6.130524719249809,283.0,6.0,11,47,2.9681978798586575,300.0,128.0,0,2025-11-17,283.0,251.30429922572011,290.38444384751824
SUC-02,PROD-006,Accesorios,534.43,0.0,11.0,11.0,27.0,30.0,19.0,25.25,4.645786621588783,101.0,8.0,11,47,0.43564356435643564,122.0,0.0,1,2025-11-17,101.0,77.09042609606536,88.11823268553968
SUC-04,PROD-014,Accesorios,469.25,1.0,48.0,41.0,33.0,40.0,36.0,35.0,3.915780041490245,140.0,-3.0,11,47,1.3714285714285714,67.0,7.0,0,2025-11-17,140.0,131.88632901763273,140.2244926243919
SUC-05,PROD-019,Decoración,331.58,1.0,214.0,131.0,86.0,112.0,118.0,106.25,14.008925726121905,425.0,-32.0,11,47,2.0141176470588236,426.0,83.0,0,2025-11-17,425.0,335.36832891689863,412.9401551719123
SUC-04,PROD-018,Accesorios,207.85,0.0,36.0,21.0,28.0,35.0,28.0,30.75,3.4034296427770268,123.0,0.0,11,47,1.170731707317073,130.0,15.0,0,2025-11-17,123.0,107.20096499945802,123.44579428308758
SUC-04,PROD-004,Herramientas,154.27,0.0,54.0,32.0,28.0,20.0,26.0,23.75,3.862210075418815,95.0,2.0,11,47,2.2736842105263158,114.0,22.0,0,2025-11-17,95.0,101.5608533095183,107.72663591366496
SUC-04,PROD-006,Accesorios,533.1,0.0,32.0,32.0,51.0,37.0,30.0,39.75,8.770214744615245,159.0,21.0,11,47,0.8050314465408805,155.0,0.0,1,2025-11-17,159.0,136.28208972802219,119.88791633920778
SUC-01,PROD-001,Iluminación,291.54,1.0,71.0,39.0,33.0,40.0,38.0,34.5,5.802298395176396,138.0,-5.0,11,47,2.0579710144927534,150.0,32.0,0,2025-11-17,138.0,152.97152652352275,147.5796907601056
SUC-04,PROD-019,Decoración,386.84,0.0,0.0,0.0,0.0,0.0,102.0,38.5,48.91829923454004,154.0,-102.0,11,47,0.0,461.0,0.0,1,2025-11-17,154.0,222.6224067150854,261.02433175549095
SUC-04,PROD-005,Iluminación,530.19,0.0,88.0,45.0,55.0,65.0,42.0,48.5,14.479871085982289,194.0,13.0,11,47,1.8144329896907216,183.0,43.0,0,2025-11-17,194.0,218.70933623121454,206.56657604866461
SUC-03,PROD-008,Herramientas,255.15,0.0,0.0,0.0,0.0,0.0,65.0,25.75,31.710933971318685,103.0,-65.0,11,47,0.0,203.0,0.0,1,2025-11-17,103.0,118.36621861507402,206.9998996877307
SUC-04,PROD-009,Iluminación,535.97,0.0,0.0,0.0,3.0,17.0,20.0,14.5,7.767453465154029,58.0,-17.0,11,47,0.0,62.0,0.0,1,2025-11-17,58.0,65.99415551322272,64.63130208266396
SUC-02,PROD-017,Iluminación,115.52,0.0,39.0,38.0,36.0,42.0,21.0,31.75,9.178779875342915,127.0,15.0,11,47,1.2283464566929134,145.0,1.0,0,2025-11-17,127.0,118.4210193018668,106.4748256157328
SUC-02,PROD-020,Herramientas,332.96,0.0,91.0,62.0,84.0,70.0,71.0,69.0,13.589211407092991,276.0,13.0,11,47,1.318840579710145,271.0,29.0,0,2025-11-17,276.0,212.9722814971421,293.9801907389281
SUC-03,PROD-013,Iluminación,453.82,0.0,39.0,39.0,46.0,40.0,85.0,51.75,22.544400635190993,207.0,-39.0,11,47,0.7536231884057971,220.0,0.0,1,2025-11-17,207.0,212.35057600870985,181.3441920138397
SUC-05,PROD-009,Iluminación,536.27,0.0,48.0,24.0,21.0,27.0,18.0,22.5,3.8729833462074157,90.0,3.0,11,47,2.1333333333333333,83.0,24.0,0,2025-11-17,90.0,91.56675699406132,83.38700263268723
SUC-04,PROD-001,Iluminación,278.87,1.0,108.0,71.0,83.0,48.0,67.0,58.75,20.369503348551888,235.0,16.0,11,47,1.8382978723404255,284.0,37.0,0,2025-11-17,235.0,257.75302723072474,258.432126470236
SUC-01,PROD-010,Accesorios,384.23,0.0,143.0,47.0,49.0,42.0,52.0,47.75,4.193248541803035,191.0,-3.0,11,47,2.994764397905759,229.0,96.0,0,2025-11-17,191.0,196.26717480514037,206.3455065373079
SUC-02,PROD-018,Accesorios,211.91,0.0,40.0,16.0,25.0,21.0,19.0,19.75,4.5734742446707495,79.0,6.0,11,47,2.0253164556962027,88.0,24.0,0,2025-11-17,79.0,70.07199195257658,79.81611492453483
SUC-02,PROD-002,Accesorios,116.51,0.0,77.0,43.0,43.0,41.0,31.0,38.5,5.259911279353175,154.0,12.0,11,47,2.0,239.0,34.0,0,2025-11-17,154.0,153.52517465370013,164.65758957822075
SUC-01,PROD-017,Iluminación,116.08,0.0,11.0,11.0,26.0,28.0,21.0,24.0,3.5590260840104553,96.0,5.0,11,47,0.4583333333333333,121.0,0.0,1,2025-11-17,96.0,83.66635655289994,77.6016805386642
SUC-02,PROD-010,Accesorios,396.34,0.0,0.0,0.0,0.0,0.0,60.0,28.0,32.49615361854385,112.0,-60.0,11,47,0.0,305.0,0.0,1,2025-11-17,112.0,160.2476901940413,215.93257887156423
SUC-03,PROD-015,Decoración,550.99,0.0,43.0,43.0,42.0,51.0,42.0,45.75,4.5,183.0,0.0,11,47,0.9398907103825137,0.0,0.0,1,2025-11-17,183.0,128.88963093129104,179.41303423008875
SUC-03,PROD-010,Accesorios,345.9,1.0,20.0,20.0,88.0,75.0,61.0,79.5,14.662878298615178,318.0,27.0,11,47,0.25157232704402516,305.0,0.0,1,2025-11-17,318.0,222.13944495343054,253.21622471014527
SUC-01,PROD-012,Herramientas,253.01,0.0,145.0,50.0,98.0,68.0,27.0,62.25,29.3981291921782,249.0,71.0,11,47,2.3293172690763053,267.0,95.0,0,2025-11-17,249.0,244.3764748124437,288.0387181256852
SUC-02,PROD-016,Herramientas,331.84,1.0,0.0,0.0,0.0,12.0,41.0,23.25,20.516253719104437,93.0,-41.0,11,47,0.0,150.0,0.0,1,2025-11-17,93.0,84.85423762977867,155.79500600679273
SUC-01,PROD-002,Accesorios,117.89,0.0,103.0,47.0,38.0,37.0,0.0,18.75,21.654483754332883,75.0,38.0,11,47,5.493333333333333,188.0,56.0,0,2025-11-17,75.0,154.79532262916496,147.7257420646089
SUC-04,PROD-010,Accesorios,395.29,0.0,181.0,74.0,67.0,95.0,60.0,76.0,15.641824275533384,304.0,7.0,11,47,2.3815789473684212,375.0,107.0,0,2025-11-17,304.0,288.4210473037283,290.8684284198628
SUC-05,PROD-020,Herramientas,330.02,0.0,267.0,131.0,99.0,104.0,101.0,103.5,4.795831523312719,414.0,-2.0,11,47,2.579710144927536,400.0,136.0,0,2025-11-17,414.0,323.13229453714325,405.5887225520007
SUC-05,PROD-010,Accesorios,402.13,0.0,80.0,80.0,107.0,105.0,75.0,92.0,16.370705543744908,368.0,32.0,11,47,0.8695652173913043,508.0,0.0,1,2025-11-17,368.0,285.02751531602274,397.86776009679994
SUC-05,PROD-011,Decoración,320.88,0.0,81.0,81.0,68.0,95.0,44.0,71.75,21.54646142641525,287.0,24.0,11,47,1.1289198606271778,67.0,0.0,1,2025-11-17,287.0,220.22993175756903,277.3924063874006
SUC-02,PROD-013,Iluminación,462.82,0.0,9.0,9.0,59.0,48.0,65.0,53.5,10.408329997330663,214.0,-6.0,11,47,0.16822429906542055,190.0,0.0,1,2025-11-17,214.0,176.86007672220526,198.13233582854474
SUC-01,PROD-013,Iluminación,389.48,1.0,38.0,34.0,27.0,40.0,38.0,33.0,6.976149845485446,132.0,-11.0,11,47,1.1515151515151516,139.0,4.0,0,2025-11-17,132.0,148.20926216273807,139.4605624402687
SUC-05,PROD-001,Iluminación,322.71,0.0,129.0,94.0,74.0,101.0,47.0,69.25,24.005207768315607,277.0,27.0,11,47,1.8628158844765343,339.0,35.0,0,2025-11-17,277.0,273.40686366967304,290.582311520938
SUC-04,PROD-016,Herramientas,373.27,0.0,143.0,52.0,64.0,59.0,52.0,57.0,5.5976185412488855,228.0,12.0,11,47,2.508771929824561,229.0,91.0,0,2025-11-17,228.0,190.28428024671555,256.39602977149826
SUC-02,PROD-011,Decoración,333.48,0.0,76.0,45.0,48.0,47.0,47.0,46.25,2.217355782608332,185.0,1.0,11,47,1.6432432432432433,96.0,31.0,0,2025-11-17,185.0,142.01834922513302,195.7892435600891
SUC-03,PROD-011,Decoración,324.6,0.0,46.0,46.0,61.0,50.0,55.0,50.25,11.116804097101529,201.0,6.0,11,47,0.9154228855721394,225.0,0.0,1,2025-11-17,201.0,163.94411173695661,212.67254110747064
SUC-03,PROD-020,Herramientas,277.84,1.0,123.0,123.0,98.0,90.0,94.0,81.25,25.708299567779015,325.0,4.0,11,47,1.5138461538461538,419.0,0.0,1,2025-11-17,325.0,271.53340061918396,294.12383732446887
SUC-03,PROD-016,Herramientas,372.94,0.0,3.0,3.0,64.0,58.0,38.0,54.5,11.357816691600528,218.0,26.0,11,47,0.05504587155963303,202.0,0.0,1,2025-11-17,218.0,126.31393991683197,198.4422907835627
SUC-04,PROD-011,Decoración,319.91,0.0,101.0,47.0,73.0,57.0,58.0,63.5,7.505553499465159,254.0,15.0,11,47,1.5905511811023623,262.0,54.0,0,2025-11-17,254.0,205.08777937873634,268.3095807903253
SUC-05,PROD-016,Herramientas,390.75,0.0,109.0,48.0,84.0,69.0,65.0,67.5,13.178264933847203,270.0,19.0,11,47,1.614814814814815,299.0,61.0,0,2025-11-17,270.0,206.50250543262197,281.9913171589392
SUC-02,PROD-012,Herramientas,248.29,0.0,97.0,77.0,116.0,73.0,86.0,89.0,18.779421361337707,356.0,30.0,11,47,1.0898876404494382,349.0,20.0,0,2025-11-17,356.0,259.497344473952,387.0028317669459
SUC-04,PROD-020,Herramientas,334.3,0.0,172.0,95.0,132.0,84.0,88.0,92.75,27.705294319558014,371.0,44.0,11,47,1.8544474393530996,426.0,77.0,0,2025-11-17,371.0,316.76038299027255,387.080620746356
SUC-02,PROD-009,Iluminación,473.88,1.0,27.0,16.0,10.0,12.0,20.0,10.5,8.225975119502044,42.0,-10.0,11,47,2.5714285714285716,69.0,11.0,0,2025-11-17,42.0,48.86526724323127,57.94160337221834
SUC-03,PROD-007,Decoración,140.42,1.0,79.0,68.0,57.0,59.0,41.0,54.75,9.394147114027982,219.0,16.0,11,47,1.4429223744292237,158.0,11.0,0,2025-11-17,219.0,170.80208252526452,226.44297807825123
SUC-05,PROD-002,Accesorios,118.41,0.0,88.0,63.0,82.0,84.0,78.0,77.25,8.539125638299641,309.0,4.0,11,47,1.13915857605178,387.0,25.0,0,2025-11-17,309.0,241.4625616115393,271.18297755838915
SUC-04,PROD-007,Decoración,159.58,0.0,91.0,59.0,57.0,59.0,72.0,51.25,23.78199599136568,205.0,-15.0,11,47,1.775609756097561,243.0,32.0,0,2025-11-17,205.0,218.46031432730868,225.77051258435122
SUC-05,PROD-013,Iluminación,463.33,0.0,88.0,60.0,50.0,64.0,58.0,58.75,6.396613687465209,235.0,-8.0,11,47,1.4978723404255319,323.0,28.0,0,2025-11-17,235.0,231.49515896648023,252.4981861158992
SUC-01,PROD-018,Accesorios,219.79,0.0,8.0,8.0,18.0,21.0,32.0,18.25,12.392874296680871,73.0,-14.0,11,47,0.4383561643835616,82.0,0.0,1,2025-11-17,73.0,57.929962112034346,85.46613037706186
SUC-05,PROD-007,Decoración,166.08,0.0,101.0,101.0,66.0,69.0,61.0,71.75,13.250786140200635,287.0,5.0,11,47,1.4076655052264808,361.0,0.0,1,2025-11-17,287.0,216.60016221258985,299.3490434866048
SUC-05,PROD-014,Accesorios,547.88,0.0,56.0,36.0,40.0,39.0,31.0,37.5,4.358898943540682,150.0,9.0,11,47,1.4933333333333334,233.0,20.0,0,2025-11-17,150.0,136.77503109782424,120.4199783394709
SUC-01,PROD-008,Herramientas,258.76,0.0,47.0,33.0,38.0,46.0,44.0,35.5,14.730919862656235,142.0,-6.0,11,47,1.323943661971831,155.0,14.0,0,2025-11-17,142.0,113.1391748541078,152.8863209285268
SUC-03,PROD-001,Iluminación,338.69,0.0,93.0,66.0,41.0,24.0,37.0,38.5,11.56143013068308,154.0,4.0,11,47,2.4155844155844157,309.0,27.0,0,2025-11-17,154.0,187.0213551008677,162.05216400455407
SUC-01,PROD-020,Herramientas,324.0,0.0,146.0,66.0,76.0,73.0,0.0,37.25,43.03002827483772,149.0,76.0,11,47,3.9194630872483223,232.0,80.0,0,2025-11-17,149.0,223.03230766565392,283.41930237084597
SUC-02,PROD-015,Decoración,566.7,0.0,40.0,40.0,35.0,42.0,0.0,19.25,22.41093483101497,77.0,35.0,11,47,2.0779220779220777,173.0,0.0,1,2025-11-17,77.0,113.0404731345325,139.95334142557616
SUC-02,PROD-008,Herramientas,264.98,0.0,27.0,27.0,72.0,32.0,42.0,45.0,18.51125783588643,180.0,30.0,11,47,0.6,152.0,0.0,1,2025-11-17,180.0,131.5866241403515,178.44768800960256
SUC-03,PROD-009,Iluminación,,0.0,11.0,11.0,13.0,16.0,0.0,7.25,8.460693430998036,29.0,13.0,11,47,1.5172413793103448,67.0,0.0,1,2025-11-17,29.0,52.76529369930907,47.3377513855254
SUC-04,PROD-012,Herramientas,252.7,0.0,92.0,92.0,165.0,95.0,119.0,118.0,33.48631561299831,472.0,46.0,11,47,0.7796610169491526,417.0,0.0,1,2025-11-17,472.0,344.3830815984532,442.8653263425885
SUC-02,PROD-001,Iluminación,329.17,0.0,79.0,44.0,38.0,54.0,49.0,42.75,10.812801055539063,171.0,-11.0,11,47,1.847953216374269,189.0,35.0,0,2025-11-17,171.0,180.20653518845637,170.6592406294686
SUC-05,PROD-015,Decoración,484.49,1.0,86.0,81.0,74.0,57.0,42.0,57.0,13.140268896284699,228.0,32.0,11,47,1.5087719298245614,227.0,5.0,0,2025-11-17,228.0,192.20866162822753,234.81287015272318
SUC-05,PROD-012,Herramientas,216.43,1.0,0.0,0.0,0.0,17.0,113.0,64.0,64.67869303977417,256.0,-113.0,11,47,0.0,807.0,0.0,1,2025-11-17,256.0,258.1712039947967,269.3947984552139
SUC-04,PROD-002,Accesorios,99.48,1.0,0.0,0.0,0.0,27.0,77.0,39.25,33.19010896838596,157.0,-77.0,11,47,0.0,330.0,0.0,1,2025-11-17,157.0,185.35146867029457,200.53946193893253
SUC-03,PROD-017,Iluminación,118.14,0.0,57.0,28.0,44.0,41.0,35.0,38.0,5.477225575051658,152.0,9.0,11,47,1.5,183.0,29.0,0,2025-11-17,152.0,141.57594254585308,134.05968076061657
SUC-04,PROD-008,Herramientas,269.09,0.0,15.0,15.0,57.0,75.0,66.0,63.75,8.616843969807041,255.0,-9.0,11,47,0.23529411764705882,301.0,0.0,1,2025-11-17,255.0,162.77026371913135,213.0294534011024
SUC-04,PROD-017,Iluminación,114.93,0.0,76.0,37.0,37.0,33.0,38.0,39.0,6.377042156569654,156.0,-1.0,11,47,1.9487179487179487,200.0,39.0,0,2025-11-17,156.0,163.3680375838339,125.99953458734541
SUC-04,PROD-015,Decoración,564.83,0.0,128.0,52.0,48.0,56.0,40.0,45.5,8.225975119502051,182.0,8.0,11,47,2.8131868131868134,198.0,76.0,0,2025-11-17,182.0,182.5081449885727,205.88363205884517
SUC-05,PROD-017,Iluminación,115.0,0.0,50.0,50.0,42.0,46.0,0.0,22.0,25.45584412271571,88.0,42.0,11,47,2.272727272727273,269.0,0.0,1,2025-11-17,88.0,170.42479358155398,125.11337379290245
SUC-05,PROD-008,Herramientas,229.61,1.0,92.0,85.0,52.0,68.0,73.0,62.5,9.678154093971981,250.0,-21.0,11,47,1.472,345.0,7.0,0,2025-11-17,250.0,193.20578020806704,267.6529751587565
SUC-03,PROD-012,Herramientas,251.02,0.0,92.0,92.0,69.0,98.0,85.0,90.25,17.231270024773774,361.0,-16.0,11,47,1.0193905817174516,459.0,0.0,1,2025-11-17,361.0,255.4101780184367,396.334961453708
SUC-01,PROD-009,Iluminación,530.29,0.0,5.0,5.0,9.0,13.0,6.0,8.5,3.3166247903553985,34.0,3.0,11,47,0.5882352941176471,34.0,0.0,1,2025-11-17,34.0,16.94575343377616,24.269797163921393
SUC-03,PROD-002,Accesorios,118.57,0.0,118.0,59.0,58.0,50.0,35.0,48.0,9.556847457887635,192.0,23.0,11,47,2.4583333333333335,277.0,59.0,0,2025-11-17,192.0,194.8524544657162,211.96130117359994
SUC-04,PROD-013,Iluminación,461.2,0.0,109.0,60.0,59.0,61.0,71.0,57.0,14.329456840136437,228.0,-12.0,11,47,1.912280701754386,216.0,49.0,0,2025-11-17,228.0,251.22053507240497,246.82132173088627
SUC-03,PROD-001,Iluminación,278.93,1.0,341.0,92.0,66.0,41.0,52.0,45.75,17.74589154330282,183.0,14.0,11,48,7.453551912568306,274.0,249.0,0,2025-11-24,183.0,298.76908948120405,277.7525161009011
SUC-04,PROD-001,Iluminación,339.14,0.0,198.0,52.0,71.0,83.0,37.0,59.75,20.998015779274635,239.0,34.0,11,48,3.3138075313807533,302.0,146.0,0,2025-11-24,239.0,278.92872692503295,275.1471115513458
SUC-04,PROD-019,Decoración,392.19,0.0,374.0,87.0,0.0,0.0,52.0,13.0,25.999999999999996,52.0,-52.0,11,48,28.76923076923077,519.0,287.0,0,2025-11-24,52.0,311.88032366511754,343.77902192478416
SUC-05,PROD-002,Accesorios,122.04,0.0,298.0,92.0,63.0,82.0,65.0,73.5,11.030261405182845,294.0,-2.0,11,48,4.054421768707483,458.0,206.0,0,2025-11-24,294.0,299.2397178979809,340.0885235072948
SUC-02,PROD-003,Decoración,152.39,0.0,206.0,55.0,60.0,56.0,40.0,47.75,12.120918557051139,191.0,20.0,11,48,4.31413612565445,217.0,151.0,0,2025-11-24,191.0,215.4227880154466,230.85057059790353
SUC-04,PROD-003,Decoración,150.48,0.0,241.0,65.0,53.0,65.0,89.0,67.25,15.37042614893939,269.0,-36.0,11,48,3.58364312267658,335.0,176.0,0,2025-11-24,269.0,279.1061312499281,317.4676557606338
SUC-05,PROD-001,Iluminación,335.17,0.0,252.0,82.0,94.0,74.0,55.0,81.0,20.768565991260278,324.0,39.0,11,48,3.111111111111111,372.0,170.0,0,2025-11-24,324.0,313.99372666259103,333.49047864934636
SUC-04,PROD-020,Herramientas,321.9,0.0,309.0,97.0,95.0,132.0,67.0,94.5,27.525745524266313,378.0,28.0,11,48,3.2698412698412698,409.0,212.0,0,2025-11-24,378.0,350.938326867401,405.6190810493973
SUC-01,PROD-002,Accesorios,105.15,1.0,252.0,37.0,47.0,38.0,0.0,30.5,20.8246648632497,122.0,47.0,11,48,8.262295081967213,204.0,215.0,0,2025-11-24,122.0,208.6822715672761,227.9773562668884
SUC-02,PROD-020,Herramientas,329.04,0.0,,71.0,62.0,84.0,51.0,66.75,13.889444433333763,267.0,11.0,11,48,,282.0,,0,2025-11-24,267.0,201.57622821998334,271.5688012288624
SUC-02,PROD-001,Iluminación,337.58,0.0,135.0,40.0,44.0,38.0,30.0,41.5,10.115993936995677,166.0,14.0,11,48,3.253012048192771,197.0,95.0,0,2025-11-24,166.0,188.90391188173163,178.02824926516843
SUC-03,PROD-002,Accesorios,119.86,0.0,226.0,68.0,59.0,58.0,49.0,54.0,5.228129047119374,216.0,10.0,11,48,4.185185185185185,318.0,158.0,0,2025-11-24,216.0,233.37678872785216,296.07739081264737
SUC-05,PROD-019,Decoración,380.4,0.0,296.0,131.0,131.0,86.0,109.0,109.5,18.44812546936229,438.0,22.0,11,48,2.7031963470319633,437.0,165.0,0,2025-11-24,438.0,373.3494536477549,449.4846355624654
SUC-04,PROD-002,Accesorios,116.45,0.0,274.0,68.0,0.0,0.0,53.0,20.0,25.416530054277672,80.0,-53.0,11,48,13.7,361.0,206.0,0,2025-11-24,80.0,252.9208538143107,301.28138866037375
SUC-01,PROD-020,Herramientas,281.06,1.0,358.0,52.0,66.0,76.0,0.0,53.75,36.0774629558861,215.0,66.0,11,48,6.660465116279069,238.0,306.0,0,2025-11-24,215.0,283.74480916347477,351.23833299255784
SUC-01,PROD-003,Decoración,147.26,0.0,121.0,46.0,43.0,43.0,54.0,43.5,8.185352771872452,174.0,-11.0,11,48,2.781609195402299,158.0,75.0,0,2025-11-24,174.0,166.3821477046971,187.2634922057217
SUC-01,PROD-001,Iluminación,333.12,0.0,121.0,48.0,39.0,33.0,27.0,34.75,6.020797289396141,139.0,12.0,11,48,3.4820143884892087,153.0,73.0,0,2025-11-24,139.0,164.32645323500097,154.19686475411132
SUC-03,PROD-020,Herramientas,325.8,0.0,355.0,108.0,123.0,98.0,43.0,88.5,33.43152205130163,354.0,80.0,11,48,4.011299435028248,413.0,247.0,0,2025-11-24,354.0,347.5592759417116,395.5626853596469
SUC-02,PROD-002,Accesorios,104.62,1.0,188.0,64.0,43.0,43.0,39.0,41.5,1.9148542155126997,166.0,4.0,11,48,4.530120481927711,230.0,124.0,0,2025-11-24,166.0,191.54504135431205,187.68053621652103
SUC-05,PROD-014,Accesorios,542.71,0.0,191.0,55.0,36.0,40.0,40.0,38.75,1.892969448600111,155.0,-4.0,11,48,4.929032258064516,250.0,136.0,0,2025-11-24,155.0,180.87597382780484,189.99465969699963
SUC-01,PROD-004,Herramientas,158.99,0.0,67.0,19.0,21.0,20.0,15.0,19.25,2.87228132326901,77.0,6.0,11,48,3.4805194805194803,81.0,48.0,0,2025-11-24,77.0,55.30708035129152,77.64242748386513
SUC-05,PROD-011,Decoración,324.07,0.0,0.0,0.0,81.0,68.0,80.0,81.0,11.045361017187272,324.0,1.0,11,48,0.0,157.0,0.0,1,2025-11-24,324.0,193.69730327494824,227.176857095791
SUC-04,PROD-011,Decoración,328.81,0.0,197.0,64.0,47.0,73.0,66.0,60.75,11.26572974408081,243.0,-19.0,11,48,3.242798353909465,260.0,133.0,0,2025-11-24,243.0,236.50770627271288,275.86097899261335
SUC-02,PROD-016,Herramientas,379.42,0.0,113.0,47.0,0.0,0.0,40.0,13.0,18.867962264113206,52.0,-40.0,11,48,8.692307692307692,155.0,66.0,0,2025-11-24,52.0,117.0960192279947,156.59220018897224
SUC-03,PROD-016,Herramientas,385.81,0.0,156.0,39.0,3.0,64.0,58.0,45.75,28.640006983239363,183.0,-55.0,11,48,3.4098360655737703,216.0,117.0,0,2025-11-24,183.0,177.86438170470902,196.8446184730302
SUC-03,PROD-011,Decoración,320.81,0.0,225.0,65.0,46.0,61.0,35.0,48.0,10.739335795724674,192.0,11.0,11,48,4.6875,160.0,160.0,0,2025-11-24,192.0,211.88577222142914,247.51123807864255
SUC-02,PROD-011,Decoración,323.29,0.0,31.0,31.0,45.0,48.0,43.0,45.75,2.217355782608332,183.0,2.0,11,48,0.6775956284153005,107.0,0.0,1,2025-11-24,183.0,124.5533989914086,187.83211957123265
SUC-04,PROD-016,Herramientas,390.09,0.0,163.0,71.0,52.0,64.0,53.0,57.0,5.5976185412488855,228.0,-1.0,11,48,2.8596491228070176,213.0,92.0,0,2025-11-24,228.0,192.93912899589117,248.64799605269437
SUC-01,PROD-011,Decoración,322.95,0.0,0.0,0.0,26.0,45.0,0.0,27.25,19.78846465326033,109.0,26.0,11,48,0.0,101.0,0.0,1,2025-11-24,109.0,96.85002276482399,122.70580446940983
SUC-05,PROD-010,Accesorios,337.7,1.0,527.0,109.0,80.0,107.0,81.0,93.25,14.750706197783671,373.0,-1.0,11,48,5.651474530831099,560.0,418.0,0,2025-11-24,373.0,422.80110977312563,428.5666764632425
SUC-04,PROD-010,Accesorios,395.18,0.0,264.0,97.0,74.0,67.0,82.0,79.5,12.013880860626683,318.0,-8.0,11,48,3.3207547169811322,394.0,167.0,0,2025-11-24,318.0,314.9480300052474,339.10955878317884
SUC-05,PROD-016,Herramientas,395.02,0.0,232.0,53.0,48.0,84.0,52.0,63.25,16.5604951616792,253.0,-4.0,11,48,3.6679841897233203,325.0,179.0,0,2025-11-24,253.0,234.19133026109708,313.5321470552869
SUC-03,PROD-010,Accesorios,386.61,0.0,231.0,98.0,20.0,88.0,94.0,69.25,33.77745796632225,277.0,-74.0,11,48,3.335740072202166,309.0,133.0,0,2025-11-24,277.0,296.16164990931196,327.1938981143553
SUC-02,PROD-010,Accesorios,338.16,1.0,365.0,92.0,0.0,0.0,52.0,13.0,26.000000000000014,52.0,-52.0,11,48,28.076923076923077,277.0,273.0,0,2025-11-24,52.0,281.9128511184216,326.3511812844878
SUC-01,PROD-017,Iluminación,117.38,0.0,104.0,30.0,11.0,26.0,21.0,21.5,7.5938571665963535,86.0,-10.0,11,48,4.837209302325581,115.0,74.0,0,2025-11-24,86.0,112.59042877434828,107.22845517853612
SUC-01,PROD-010,Accesorios,390.05,0.0,195.0,61.0,47.0,49.0,48.0,46.5,3.109126351029597,186.0,-1.0,11,48,4.193548387096774,199.0,134.0,0,2025-11-24,186.0,211.59099449288811,213.78042321919565
SUC-01,PROD-012,Herramientas,248.15,0.0,192.0,42.0,50.0,98.0,56.0,68.0,21.354156504062626,272.0,-6.0,11,48,2.823529411764706,300.0,150.0,0,2025-11-24,272.0,249.45024387081472,286.1679109794716
SUC-05,PROD-009,Iluminación,526.0,0.0,58.0,11.0,24.0,21.0,24.0,24.0,2.449489742783176,96.0,0.0,11,48,2.4166666666666665,105.0,47.0,0,2025-11-24,96.0,95.20982201518359,92.89064250438244
SUC-02,PROD-012,Herramientas,216.3,1.0,407.0,117.0,77.0,116.0,81.0,86.75,19.77161264709247,347.0,-4.0,11,48,4.69164265129683,324.0,290.0,0,2025-11-24,347.0,356.7701925815944,380.94557293265717
SUC-03,PROD-012,Herramientas,219.99,1.0,,128.0,92.0,69.0,109.0,92.0,16.872067646458365,368.0,-17.0,11,48,,466.0,,0,2025-11-24,368.0,268.5434468542044,379.1248399370235
SUC-04,PROD-014,Accesorios,480.87,1.0,7.0,7.0,41.0,33.0,31.0,36.25,4.99165971062398,145.0,10.0,11,48,0.19310344827586207,102.0,0.0,1,2025-11-24,145.0,118.54882952327937,116.40464350790819
SUC-03,PROD-014,Accesorios,543.47,0.0,23.0,23.0,32.0,35.0,26.0,31.5,3.8729833462074104,126.0,6.0,11,48,0.7301587301587301,48.0,0.0,1,2025-11-24,126.0,96.64853581095068,126.2080354142044
SUC-01,PROD-015,Decoración,572.77,0.0,95.0,23.0,30.0,25.0,23.0,26.75,3.3040379335998447,107.0,7.0,11,48,3.5514018691588785,133.0,72.0,0,2025-11-24,107.0,101.30765138418602,121.58076287213245
SUC-02,PROD-014,Accesorios,556.81,0.0,95.0,32.0,19.0,24.0,28.0,24.0,3.741657386773941,96.0,-9.0,11,48,3.9583333333333335,100.0,63.0,0,2025-11-24,96.0,100.06541185612359,116.8817221487663
SUC-01,PROD-014,Accesorios,551.58,0.0,67.0,22.0,21.0,23.0,20.0,19.5,3.8729833462074166,78.0,1.0,11,48,3.4358974358974357,45.0,45.0,0,2025-11-24,78.0,77.4759379139236,86.25518848647908
SUC-05,PROD-013,Iluminación,448.94,0.0,237.0,54.0,60.0,50.0,63.0,59.25,6.396613687465209,237.0,-3.0,11,48,4.0,360.0,183.0,0,2025-11-24,237.0,282.9029826087535,289.5612986346445
SUC-02,PROD-015,Decoración,480.86,1.0,155.0,25.0,40.0,35.0,0.0,29.25,19.72097022630141,117.0,40.0,11,48,5.299145299145299,186.0,130.0,0,2025-11-24,117.0,151.59376798904404,172.25389235084097
SUC-04,PROD-013,Iluminación,443.29,0.0,158.0,52.0,60.0,59.0,37.0,54.25,11.528949070347492,217.0,23.0,11,48,2.912442396313364,221.0,106.0,0,2025-11-24,217.0,251.86094308739266,255.2606810984134
SUC-03,PROD-013,Iluminación,456.3,0.0,177.0,57.0,39.0,46.0,36.0,40.25,4.193248541803035,161.0,3.0,11,48,4.39751552795031,219.0,120.0,0,2025-11-24,161.0,218.87321293367137,185.44291607684264
SUC-03,PROD-015,Decoración,560.09,0.0,0.0,0.0,43.0,42.0,48.0,46.0,4.242640687119285,184.0,-5.0,11,48,0.0,0.0,0.0,1,2025-11-24,184.0,114.11901710598067,170.68233933590204
SUC-02,PROD-013,Iluminación,438.93,0.0,138.0,56.0,9.0,59.0,42.0,39.5,21.517434791350013,158.0,-33.0,11,48,3.4936708860759493,183.0,82.0,0,2025-11-24,158.0,204.8807190279316,172.99265531418467
SUC-01,PROD-013,Iluminación,462.68,0.0,103.0,31.0,34.0,27.0,27.0,32.0,6.2716292407422545,128.0,7.0,11,48,3.21875,138.0,72.0,0,2025-11-24,128.0,161.87310471656258,138.00968102235177
SUC-04,PROD-015,Decoración,574.35,0.0,222.0,50.0,52.0,48.0,38.0,48.5,7.724420150837652,194.0,14.0,11,48,4.577319587628866,172.0,172.0,0,2025-11-24,194.0,211.457677342638,234.79273170346738
SUC-05,PROD-012,Herramientas,211.65,1.0,510.0,190.0,0.0,0.0,126.0,35.75,60.698023032056,143.0,-126.0,11,48,14.265734265734265,769.0,320.0,0,2025-11-24,143.0,423.82566134550734,387.2926707781957
SUC-04,PROD-012,Herramientas,256.22,0.0,344.0,108.0,92.0,165.0,93.0,111.25,35.85503218982427,445.0,-1.0,11,48,3.0921348314606742,404.0,236.0,0,2025-11-24,445.0,407.06657633720306,497.20123357198355
SUC-05,PROD-015,Decoración,561.31,0.0,239.0,58.0,81.0,74.0,55.0,66.75,12.763881332363878,267.0,26.0,11,48,3.5805243445692883,224.0,181.0,0,2025-11-24,267.0,251.73879802207423,315.90654542461897
SUC-04,PROD-009,Iluminación,526.42,0.0,62.0,17.0,0.0,3.0,18.0,9.5,9.327379053088816,38.0,-18.0,11,48,6.526315789473684,45.0,45.0,0,2025-11-24,38.0,84.47486514506704,70.27044543504026
SUC-02,PROD-017,Iluminación,117.96,0.0,100.0,20.0,38.0,36.0,28.0,36.0,5.887840577551904,144.0,10.0,11,48,2.7777777777777777,169.0,80.0,0,2025-11-24,144.0,136.81420904948982,130.99662560906864
SUC-03,PROD-009,Iluminación,524.47,0.0,43.0,10.0,11.0,13.0,0.0,10.0,6.976149845485451,40.0,11.0,11,48,4.3,79.0,33.0,0,2025-11-24,40.0,57.22181974621648,55.684480311627354
SUC-02,PROD-006,Accesorios,535.98,0.0,121.0,35.0,11.0,27.0,25.0,23.25,8.421203397773185,93.0,-14.0,11,48,5.204301075268817,142.0,86.0,0,2025-11-24,93.0,112.8945897495372,133.40833357013926
SUC-04,PROD-018,Accesorios,183.79,1.0,130.0,46.0,21.0,28.0,32.0,29.0,6.055300708194985,116.0,-11.0,11,48,4.482758620689655,84.0,84.0,0,2025-11-24,116.0,139.71576618594037,133.88859262728727
SUC-01,PROD-006,Accesorios,541.2,0.0,100.0,24.0,29.0,30.0,23.0,24.0,7.348469228349533,96.0,6.0,11,48,4.166666666666667,126.0,76.0,0,2025-11-24,96.0,101.0870459219665,119.94767652772073
SUC-05,PROD-005,Iluminación,519.66,0.0,182.0,76.0,53.0,67.0,53.0,57.5,6.6080758671996565,230.0,0.0,11,48,3.1652173913043478,264.0,106.0,0,2025-11-24,230.0,248.5390908279262,260.21835887532933
SUC-05,PROD-018,Accesorios,219.61,0.0,130.0,40.0,26.0,31.0,5.0,25.0,14.212670403551897,100.0,21.0,11,48,5.2,149.0,90.0,0,2025-11-24,100.0,143.34739625144954,143.51913024557135
SUC-04,PROD-005,Iluminación,528.77,0.0,206.0,44.0,45.0,55.0,32.0,49.25,14.103781998693327,197.0,13.0,11,48,4.182741116751269,191.0,162.0,0,2025-11-24,197.0,246.4851199494055,223.7684024920299
SUC-03,PROD-005,Iluminación,528.49,0.0,179.0,39.0,36.0,42.0,38.0,36.75,4.573474244670772,147.0,-2.0,11,48,4.870748299319728,258.0,140.0,0,2025-11-24,147.0,203.94650228520973,181.40503578882996
SUC-01,PROD-019,Decoración,324.69,1.0,51.0,34.0,87.0,92.0,49.0,74.25,19.517086531208147,297.0,38.0,11,48,0.6868686868686869,165.0,17.0,0,2025-11-24,297.0,211.0324324039108,281.84446407097363
SUC-02,PROD-005,Iluminación,543.48,0.0,149.0,44.0,46.0,34.0,40.0,39.25,5.1234753829798265,157.0,6.0,11,48,3.7961783439490446,145.0,105.0,0,2025-11-24,157.0,184.16512597979488,168.02544797685982
SUC-01,PROD-005,Iluminación,521.96,0.0,135.0,26.0,23.0,32.0,31.0,29.75,4.573474244670739,119.0,-8.0,11,48,4.53781512605042,170.0,109.0,0,2025-11-24,119.0,154.79615611860507,142.1453568226006
SUC-02,PROD-019,Decoración,391.11,0.0,288.0,28.0,82.0,69.0,74.0,75.5,5.446711546122698,302.0,8.0,11,48,3.814569536423841,351.0,260.0,0,2025-11-24,302.0,283.18578642048396,342.0962933207859
SUC-05,PROD-004,Herramientas,133.44,1.0,49.0,48.0,38.0,54.0,41.0,48.0,10.099504938362076,192.0,-3.0,11,48,1.0208333333333333,85.0,1.0,0,2025-11-24,192.0,130.50591903402315,218.7300331752011
SUC-04,PROD-004,Herramientas,154.87,0.0,114.0,24.0,32.0,28.0,21.0,25.25,5.737304826019496,101.0,11.0,11,48,4.514851485148514,90.0,90.0,0,2025-11-24,101.0,125.70286372087094,133.9988542866376
SUC-03,PROD-004,Herramientas,157.78,0.0,129.0,36.0,34.0,33.0,38.0,32.75,4.991659710623977,131.0,-4.0,11,48,3.9389312977099236,157.0,93.0,0,2025-11-24,131.0,119.5552422175422,159.62931353288673
SUC-03,PROD-019,Decoración,375.65,0.0,342.0,101.0,106.0,107.0,22.0,92.0,48.31148931672465,368.0,84.0,11,48,3.717391304347826,241.0,241.0,0,2025-11-24,368.0,361.38866214137374,406.3233251747682
SUC-04,PROD-006,Accesorios,524.29,0.0,161.0,57.0,32.0,51.0,41.0,40.25,8.057087976847878,161.0,-9.0,11,48,4.0,154.0,104.0,0,2025-11-24,161.0,178.15433559271835,183.13014678866875
SUC-05,PROD-006,Accesorios,522.42,0.0,121.0,54.0,57.0,42.0,37.0,43.25,9.464847243000428,173.0,20.0,11,48,2.7976878612716765,171.0,67.0,0,2025-11-24,173.0,176.5985613954324,174.50261490902375
SUC-03,PROD-018,Accesorios,212.89,0.0,114.0,36.0,13.0,23.0,20.0,22.25,8.301606270274847,89.0,-7.0,11,48,5.123595505617978,78.0,78.0,0,2025-11-24,89.0,107.670138410726,129.68527516601046
SUC-01,PROD-007,Decoración,163.89,0.0,113.0,48.0,18.0,41.0,30.0,31.5,10.08298897483612,126.0,-12.0,11,48,3.5873015873015874,168.0,65.0,0,2025-11-24,126.0,131.50216355977955,150.770921577677
SUC-02,PROD-009,Iluminación,453.26,1.0,79.0,22.0,16.0,10.0,0.0,9.5,6.806859285554045,38.0,16.0,11,48,8.31578947368421,69.0,57.0,0,2025-11-24,38.0,61.38224608248069,78.1214941946598
SUC-03,PROD-017,Iluminación,98.62,1.0,170.0,43.0,28.0,44.0,32.0,36.25,7.499999999999997,145.0,-4.0,11,48,4.689655172413793,185.0,127.0,0,2025-11-24,145.0,175.7193076951016,167.06403343020645
SUC-01,PROD-009,Iluminación,529.26,0.0,42.0,10.0,5.0,9.0,6.0,8.25,3.5939764421413027,33.0,-1.0,11,48,5.090909090909091,39.0,32.0,0,2025-11-24,33.0,28.096991603377404,42.98050924538427
SUC-05,PROD-008,Herramientas,265.66,0.0,257.0,77.0,85.0,52.0,57.0,65.5,14.617341299520465,262.0,28.0,11,48,3.9236641221374047,348.0,180.0,0,2025-11-24,262.0,254.49763130143734,316.9731877272769
SUC-04,PROD-017,Iluminación,116.93,0.0,160.0,35.0,37.0,37.0,48.0,38.75,6.448514040717691,155.0,-11.0,11,48,4.129032258064516,222.0,125.0,0,2025-11-24,155.0,195.93551781312033,179.22351131820247
SUC-04,PROD-008,Herramientas,223.03,1.0,353.0,85.0,15.0,57.0,57.0,51.0,25.45584412271571,204.0,-42.0,11,48,6.921568627450981,255.0,268.0,0,2025-11-24,204.0,268.01738270909414,287.45311943547523
SUC-03,PROD-008,Herramientas,261.61,0.0,177.0,51.0,0.0,0.0,38.0,9.5,19.0,38.0,-38.0,11,48,18.63157894736842,208.0,126.0,0,2025-11-24,38.0,159.28458064330334,201.90057486507888
SUC-05,PROD-003,Decoración,147.36,0.0,224.0,82.0,68.0,97.0,100.0,85.25,15.692354826475215,341.0,-32.0,11,48,2.627565982404692,327.0,142.0,0,2025-11-24,341.0,296.67457387603264,307.74301694819343
SUC-02,PROD-008,Herramientas,257.38,0.0,114.0,42.0,27.0,72.0,34.0,41.25,20.710303393882636,165.0,-7.0,11,48,2.7636363636363637,157.0,72.0,0,2025-11-24,165.0,151.50444076578032,174.08793298368295
SUC-01,PROD-008,Herramientas,221.77,1.0,186.0,32.0,33.0,38.0,14.0,32.75,13.59840676942217,131.0,19.0,11,48,5.679389312977099,162.0,154.0,0,2025-11-24,131.0,144.86210889028922,174.47853585229132
SUC-05,PROD-007,Decoración,161.29,0.0,327.0,72.0,101.0,66.0,91.0,81.75,16.99754884289693,327.0,10.0,11,48,4.0,371.0,255.0,0,2025-11-24,327.0,319.7398587289679,342.3743296670362
SUC-01,PROD-018,Accesorios,215.5,0.0,59.0,23.0,8.0,18.0,2.0,12.25,8.808140174482544,49.0,6.0,11,48,4.816326530612245,79.0,36.0,0,2025-11-24,49.0,56.03407294095139,76.62018804670271
SUC-04,PROD-007,Decoración,167.03,0.0,174.0,66.0,59.0,57.0,17.0,48.0,20.6881608655772,192.0,42.0,11,48,3.625,259.0,108.0,0,2025-11-24,192.0,222.3476087896455,230.35857778039247
SUC-03,PROD-007,Decoración,160.78,0.0,158.0,64.0,68.0,57.0,62.0,61.5,4.795831523312745,246.0,6.0,11,48,2.569105691056911,94.0,94.0,0,2025-11-24,246.0,201.99330891387055,274.66035612137534
SUC-02,PROD-018,Accesorios,207.85,0.0,88.0,20.0,16.0,25.0,14.0,19.0,4.966554808583782,76.0,2.0,11,48,4.631578947368421,68.0,68.0,0,2025-11-24,76.0,82.32175177710505,90.31111091918056
SUC-02,PROD-007,Decoración,137.66,1.0,281.0,53.0,75.0,55.0,33.0,51.0,18.40289832245635,204.0,42.0,11,48,5.509803921568627,228.0,228.0,0,2025-11-24,204.0,237.84022710893817,262.19723583682264
SUC-05,PROD-017,Iluminación,100.51,1.0,207.0,59.0,50.0,42.0,0.0,34.5,23.230726778701236,138.0,50.0,11,48,6.0,314.0,148.0,0,2025-11-24,138.0,224.07084052098702,208.83736117069208
SUC-05,PROD-020,Herramientas,328.4,0.0,329.0,104.0,131.0,99.0,110.0,111.0,14.07124727947029,444.0,21.0,11,48,2.963963963963964,385.0,225.0,0,2025-11-24,444.0,368.7387616073496,475.43094611815195
