semana,sucursal_id,producto_id,categoria,precio,promocion,inventario_inicial,unidades_vendidas
2024-01-01,SUC-01,PROD-001,Iluminación,322.12,0,109.0,30
2024-01-08,SUC-01,PROD-001,Iluminación,327.6,0,79.0,46
2024-01-15,SUC-01,PROD-001,Iluminación,329.04,0,33.0,33
2024-01-22,SUC-01,PROD-001,Iluminación,289.52,1,261.0,49
2024-01-29,SUC-01,PROD-001,Iluminación,335.68,0,212.0,44
2024-02-05,SUC-01,PROD-001,Iluminación,278.05,1,168.0,61
2024-02-12,SUC-01,PROD-001,Iluminación,326.71,0,129.0,45
2024-02-19,SUC-01,PROD-001,Iluminación,324.75,0,84.0,56
2024-02-26,SUC-01,PROD-001,Iluminación,334.13,0,28.0,28
2024-03-04,SUC-01,PROD-001,Iluminación,327.93,0,142.0,52
2024-03-11,SUC-01,PROD-001,Iluminación,288.83,1,90.0,67
2024-03-18,SUC-01,PROD-001,Iluminación,329.35,0,23.0,23
2024-03-25,SUC-01,PROD-001,Iluminación,286.81,1,268.0,76
2024-04-01,SUC-01,PROD-001,Iluminación,331.33,0,192.0,66
2024-04-08,SUC-01,PROD-001,Iluminación,324.51,0,126.0,54
2024-04-15,SUC-01,PROD-001,Iluminación,321.41,0,180.0,59
2024-04-22,SUC-01,PROD-001,Iluminación,333.42,0,121.0,50
2024-04-29,SUC-01,PROD-001,Iluminación,275.81,1,71.0,56
2024-05-06,SUC-01,PROD-001,Iluminación,323.45,0,165.0,57
2024-05-13,SUC-01,PROD-001,Iluminación,326.23,0,108.0,53
2024-05-20,SUC-01,PROD-001,Iluminación,277.43,1,55.0,48
2024-05-27,SUC-01,PROD-001,Iluminación,325.52,0,155.0,67
2024-06-03,SUC-01,PROD-001,Iluminación,322.17,0,88.0,49
2024-06-10,SUC-01,PROD-001,Iluminación,326.32,0,39.0,39
2024-06-17,SUC-01,PROD-001,Iluminación,335.28,0,151.0,42
2024-06-24,SUC-01,PROD-001,Iluminación,321.93,0,109.0,46
2024-07-01,SUC-01,PROD-001,Iluminación,326.79,0,63.0,46
2024-07-08,SUC-01,PROD-001,Iluminación,323.64,0,141.0,35
2024-07-15,SUC-01,PROD-001,Iluminación,291.75,1,106.0,37
2024-07-22,SUC-01,PROD-001,Iluminación,283.71,1,69.0,69
2024-07-29,SUC-01,PROD-001,Iluminación,329.64,0,117.0,46
2024-08-05,SUC-01,PROD-001,Iluminación,289.5,1,71.0,48
2024-08-12,SUC-01,PROD-001,Iluminación,322.41,0,23.0,23
2024-08-19,SUC-01,PROD-001,Iluminación,334.66,0,94.0,38
2024-08-26,SUC-01,PROD-001,Iluminación,284.87,1,56.0,56
2024-09-02,SUC-01,PROD-001,Iluminación,326.54,0,0.0,0
2024-09-09,SUC-01,PROD-001,Iluminación,325.33,0,0.0,0
2024-09-16,SUC-01,PROD-001,Iluminación,339.91,0,0.0,0
2024-09-23,SUC-01,PROD-001,Iluminación,337.95,0,0.0,0
2024-09-30,SUC-01,PROD-001,Iluminación,333.36,0,88.0,36
2024-10-07,SUC-01,PROD-001,Iluminación,325.03,0,52.0,39
2024-10-14,SUC-01,PROD-001,Iluminación,278.47,1,13.0,13
2024-10-21,SUC-01,PROD-001,Iluminación,326.4,0,86.0,38
2024-10-28,SUC-01,PROD-001,Iluminación,279.33,1,48.0,40
2024-11-04,SUC-01,PROD-001,Iluminación,284.05,1,8.0,8
2024-11-11,SUC-01,PROD-001,Iluminación,336.19,0,89.0,44
2024-11-18,SUC-01,PROD-001,Iluminación,328.13,0,45.0,35
2024-11-25,SUC-01,PROD-001,Iluminación,339.19,0,10.0,10
2024-12-02,SUC-01,PROD-001,Iluminación,284.88,1,173.0,45
2024-12-09,SUC-01,PROD-001,Iluminación,332.06,0,128.0,35
2024-12-16,SUC-01,PROD-001,Iluminación,335.8,0,93.0,42
2024-12-23,SUC-01,PROD-001,Iluminación,336.04,0,162.0,24
2024-12-30,SUC-01,PROD-001,Iluminación,328.43,0,138.0,34
2025-01-06,SUC-01,PROD-001,Iluminación,329.25,0,104.0,59
2025-01-13,SUC-01,PROD-001,Iluminación,336.43,0,124.0,67
2025-01-20,SUC-01,PROD-001,Iluminación,326.4,0,57.0,43
2025-01-27,SUC-01,PROD-001,Iluminación,280.27,1,14.0,14
2025-02-03,SUC-01,PROD-001,Iluminación,276.36,1,273.0,66
2025-02-10,SUC-01,PROD-001,Iluminación,326.56,0,207.0,59
2025-02-17,SUC-01,PROD-001,Iluminación,321.12,0,148.0,55
2025-02-24,SUC-01,PROD-001,Iluminación,328.5,0,142.0,47
2025-03-03,SUC-01,PROD-001,Iluminación,321.29,0,95.0,60
2025-03-10,SUC-01,PROD-001,Iluminación,338.14,0,35.0,35
2025-03-17,SUC-01,PROD-001,Iluminación,332.98,0,185.0,51
2025-03-24,SUC-01,PROD-001,Iluminación,329.42,0,134.0,52
2025-03-31,SUC-01,PROD-001,Iluminación,323.02,0,82.0,37
2025-04-07,SUC-01,PROD-001,Iluminación,327.54,0,205.0,64
2025-04-14,SUC-01,PROD-001,Iluminación,339.05,0,141.0,61
2025-04-21,SUC-01,PROD-001,Iluminación,330.86,0,80.0,72
2025-04-28,SUC-01,PROD-001,Iluminación,330.81,0,155.0,55
2025-05-05,SUC-01,PROD-001,Iluminación,337.31,0,100.0,55
2025-05-12,SUC-01,PROD-001,Iluminación,287.78,1,45.0,45
2025-05-19,SUC-01,PROD-001,Iluminación,291.76,1,289.0,61
2025-05-26,SUC-01,PROD-001,Iluminación,325.28,0,228.0,50
2025-06-02,SUC-01,PROD-001,Iluminación,323.65,0,178.0,67
2025-06-09,SUC-01,PROD-001,Iluminación,330.61,0,171.0,54
2025-06-16,SUC-01,PROD-001,Iluminación,322.63,0,117.0,37
2025-06-23,SUC-01,PROD-001,Iluminación,328.55,0,80.0,44
2025-06-30,SUC-01,PROD-001,Iluminación,338.05,0,132.0,48
2025-07-07,SUC-01,PROD-001,Iluminación,277.94,1,84.0,65
2025-07-14,SUC-01,PROD-001,Iluminación,334.71,0,19.0,19
2025-07-21,SUC-01,PROD-001,Iluminación,329.75,0,165.0,45
2025-07-28,SUC-01,PROD-001,Iluminación,289.91,1,120.0,47
2025-08-04,SUC-01,PROD-001,Iluminación,333.85,0,73.0,45
2025-08-11,SUC-01,PROD-001,Iluminación,326.11,0,,30
2025-08-18,SUC-01,PROD-001,Iluminación,322.45,0,119.0,24
2025-08-25,SUC-01,PROD-001,Iluminación,336.83,0,95.0,41
2025-09-01,SUC-01,PROD-001,Iluminación,333.13,0,54.0,40
2025-09-08,SUC-01,PROD-001,Iluminación,323.09,0,14.0,14
2025-09-15,SUC-01,PROD-001,Iluminación,333.26,0,0.0,0
2025-09-22,SUC-01,PROD-001,Iluminación,285.74,1,123.0,28
2025-09-29,SUC-01,PROD-001,Iluminación,338.64,0,95.0,37
2025-10-06,SUC-01,PROD-001,Iluminación,321.05,0,58.0,30
2025-10-13,SUC-01,PROD-001,Iluminación,,0,122.0,34
2025-10-20,SUC-01,PROD-001,Iluminación,325.62,0,88.0,38
2025-10-27,SUC-01,PROD-001,Iluminación,321.34,0,50.0,27
2025-11-03,SUC-01,PROD-001,Iluminación,334.31,0,144.0,40
2025-11-10,SUC-01,PROD-001,Iluminación,335.79,0,104.0,33
2025-11-17,SUC-01,PROD-001,Iluminación,291.54,1,71.0,39
2025-11-24,SUC-01,PROD-001,Iluminación,333.12,0,121.0,48
2025-12-01,SUC-01,PROD-001,Iluminación,322.62,0,73.0,41
2025-12-08,SUC-01,PROD-001,Iluminación,328.73,0,32.0,32
2025-12-15,SUC-01,PROD-001,Iluminación,328.35,0,110.0,29
2025-12-22,SUC-01,PROD-001,Iluminación,329.65,0,81.0,51
2024-01-01,SUC-02,PROD-001,Iluminación,334.16,0,185.0,45
2024-01-08,SUC-02,PROD-001,Iluminación,328.8,0,140.0,49
2024-01-15,SUC-02,PROD-001,Iluminación,334.85,0,91.0,51
2024-01-22,SUC-02,PROD-001,Iluminación,330.56,0,179.0,44
2024-01-29,SUC-02,PROD-001,Iluminación,,1,135.0,80
2024-02-05,SUC-02,PROD-001,Iluminación,326.87,0,55.0,55
2024-02-12,SUC-02,PROD-001,Iluminación,320.55,0,164.0,39
2024-02-19,SUC-02,PROD-001,Iluminación,322.63,0,125.0,28
2024-02-26,SUC-02,PROD-001,Iluminación,335.55,0,97.0,54
2024-03-04,SUC-02,PROD-001,Iluminación,327.94,0,209.0,109
2024-03-11,SUC-02,PROD-001,Iluminación,278.25,1,100.0,88
2024-03-18,SUC-02,PROD-001,Iluminación,336.88,0,12.0,12
2024-03-25,SUC-02,PROD-001,Iluminación,328.03,0,209.0,83
2024-04-01,SUC-02,PROD-001,Iluminación,278.5,1,126.0,70
2024-04-08,SUC-02,PROD-001,Iluminación,326.04,0,56.0,56
2024-04-15,SUC-02,PROD-001,Iluminación,321.92,0,232.0,49
2024-04-22,SUC-02,PROD-001,Iluminación,335.37,0,183.0,68
2024-04-29,SUC-02,PROD-001,Iluminación,326.96,0,115.0,69
2024-05-06,SUC-02,PROD-001,Iluminación,337.13,0,239.0,62
2024-05-13,SUC-02,PROD-001,Iluminación,330.14,0,177.0,56
2024-05-20,SUC-02,PROD-001,Iluminación,338.43,0,121.0,61
2024-05-27,SUC-02,PROD-001,Iluminación,324.05,0,178.0,58
2024-06-03,SUC-02,PROD-001,Iluminación,320.4,0,120.0,61
2024-06-10,SUC-02,PROD-001,Iluminación,339.71,0,59.0,59
2024-06-17,SUC-02,PROD-001,Iluminación,338.15,0,210.0,32
2024-06-24,SUC-02,PROD-001,Iluminación,287.9,1,178.0,47
2024-07-01,SUC-02,PROD-001,Iluminación,339.47,0,131.0,999999
2024-07-08,SUC-02,PROD-001,Iluminación,335.11,0,84.0,50
2024-07-15,SUC-02,PROD-001,Iluminación,329.96,0,34.0,34
2024-07-22,SUC-02,PROD-001,Iluminación,328.41,0,0.0,0
2024-07-29,SUC-02,PROD-001,Iluminación,336.14,0,0.0,0
2024-08-05,SUC-02,PROD-001,Iluminación,321.22,0,0.0,0
2024-08-12,SUC-02,PROD-001,Iluminación,335.58,0,0.0,0
2024-08-19,SUC-02,PROD-001,Iluminación,321.23,0,103.0,38
2024-08-26,SUC-02,PROD-001,Iluminación,333.67,0,65.0,44
2024-09-02,SUC-02,PROD-001,Iluminación,333.56,0,21.0,21
2024-09-09,SUC-02,PROD-001,Iluminación,337.16,0,110.0,36
2024-09-16,SUC-02,PROD-001,Iluminación,323.97,0,74.0,42
2024-09-23,SUC-02,PROD-001,Iluminación,336.25,0,32.0,32
2024-09-30,SUC-02,PROD-001,Iluminación,322.97,0,132.0,42
2024-10-07,SUC-02,PROD-001,Iluminación,338.39,0,90.0,49
2024-10-14,SUC-02,PROD-001,Iluminación,321.59,0,41.0,41
2024-10-21,SUC-02,PROD-001,Iluminación,332.83,0,143.0,46
2024-10-28,SUC-02,PROD-001,Iluminación,325.89,0,97.0,37
2024-11-04,SUC-02,PROD-001,Iluminación,338.26,0,60.0,35
2024-11-11,SUC-02,PROD-001,Iluminación,333.2,0,113.0,34
2024-11-18,SUC-02,PROD-001,Iluminación,325.87,0,79.0,44
2024-11-25,SUC-02,PROD-001,Iluminación,328.94,0,35.0,35
2024-12-02,SUC-02,PROD-001,Iluminación,336.39,0,155.0,39
2024-12-09,SUC-02,PROD-001,Iluminación,286.54,1,116.0,48
2024-12-16,SUC-02,PROD-001,Iluminación,320.97,0,68.0,31
2024-12-23,SUC-02,PROD-001,Iluminación,279.61,1,228.0,48
2024-12-30,SUC-02,PROD-001,Iluminación,277.32,1,180.0,67
2025-01-06,SUC-02,PROD-001,Iluminación,324.36,0,113.0,68
2025-01-13,SUC-02,PROD-001,Iluminación,320.29,0,45.0,45
2025-01-20,SUC-02,PROD-001,Iluminación,329.95,0,0.0,0
2025-01-27,SUC-02,PROD-001,Iluminación,336.92,0,0.0,0
2025-02-03,SUC-02,PROD-001,Iluminación,329.76,0,251.0,50
2025-02-10,SUC-02,PROD-001,Iluminación,283.27,1,201.0,80
2025-02-17,SUC-02,PROD-001,Iluminación,277.77,1,121.0,121
fecha-invalida,SUC-02,PROD-001,Iluminación,320.88,0,231.0,56
2025-03-03,SUC-02,PROD-001,Iluminación,337.08,0,175.0,73
2025-03-10,SUC-02,PROD-001,Iluminación,323.48,0,102.0,65
2025-03-17,SUC-02,PROD-001,Iluminación,338.46,0,208.0,56
2025-03-24,SUC-02,PROD-001,Iluminación,326.56,0,152.0,76
2025-03-31,SUC-02,PROD-001,Iluminación,328.46,0,76.0,76
2025-04-07,SUC-02,PROD-001,Iluminación,281.32,1,375.0,83
2025-04-14,SUC-02,PROD-001,Iluminación,326.54,0,292.0,79
2025-04-21,SUC-02,PROD-001,Iluminación,277.87,1,213.0,66
2025-04-28,SUC-02,PROD-001,Iluminación,339.9,0,230.0,77
2025-05-05,SUC-02,PROD-001,Iluminación,290.71,1,153.0,86
2025-05-12,SUC-02,PROD-001,Iluminación,325.67,0,67.0,67
2025-05-19,SUC-02,PROD-001,Iluminación,333.4,0,184.0,51
2025-05-26,SUC-02,PROD-001,Iluminación,325.28,0,133.0,59
2025-06-02,SUC-02,PROD-001,Iluminación,333.68,0,74.0,74
2025-06-09,SUC-02,PROD-001,Iluminación,339.74,0,0.0,0
2025-06-16,SUC-02,PROD-001,Iluminación,330.56,0,0.0,0
2025-06-23,SUC-02,PROD-001,Iluminación,328.08,0,0.0,0
2025-06-30,SUC-02,PROD-001,Iluminación,323.79,0,158.0,72
2025-07-07,SUC-02,PROD-001,Iluminación,334.79,0,86.0,55
2025-07-14,SUC-02,PROD-001,Iluminación,334.95,0,31.0,29
2025-07-21,SUC-02,PROD-001,Iluminación,322.33,0,134.0,48
2025-07-28,SUC-02,PROD-001,Iluminación,334.99,0,86.0,47
2025-08-04,SUC-02,PROD-001,Iluminación,334.51,0,39.0,39
2025-08-11,SUC-02,PROD-001, ILUMINACIÓN ,332.31,0,182.0,53
2025-08-18,SUC-02,PROD-001,Iluminación,324.15,0,129.0,46
2025-08-25,SUC-02,PROD-001,Iluminación,278.19,1,83.0,57
2025-09-01,SUC-02,PROD-001,Iluminación,325.08,0,125.0,37
2025-09-08,SUC-02,PROD-001,Iluminación,323.94,0,88.0,42
2025-09-15,SUC-02,PROD-001,Iluminación,321.15,0,46.0,36
2025-09-22,SUC-02,PROD-001,Iluminación,330.07,0,152.0,28
2025-09-29,SUC-02,PROD-001,Iluminación,338.12,0,124.0,47
2025-10-06,SUC-02,PROD-001,Iluminación,321.68,0,77.0,43
2025-10-13,SUC-02,PROD-001,Iluminación,322.18,0,115.0,28
2025-10-20,SUC-02,PROD-001,Iluminación,323.43,0,87.0,49
2025-10-27,SUC-02,PROD-001,Iluminación,326.12,0,38.0,30
2025-11-03,SUC-02,PROD-001,Iluminación,335.56,0,171.0,54
2025-11-10,SUC-02,PROD-001,Iluminación,279.93,1,117.0,38
2025-11-17,SUC-02,PROD-001,Iluminación,329.17,0,79.0,44
2025-11-24,SUC-02,PROD-001, ILUMINACIÓN ,337.58,0,135.0,40
2025-12-01,SUC-02,PROD-001,Iluminación,291.43,1,95.0,58
2025-12-08,SUC-02,PROD-001,Iluminación,329.97,0,37.0,37
2025-12-15,SUC-02,PROD-001,Iluminación,322.87,0,220.0,54
2025-12-22,SUC-02,PROD-001,Iluminación,284.87,1,166.0,48
2024-01-01,SUC-03,PROD-001,Iluminación,277.45,1,283.0,72
2024-01-08,SUC-03,PROD-001,Iluminación,330.79,0,211.0,68
2024-01-15,SUC-03,PROD-001,Iluminación,334.95,0,143.0,44
2024-01-22,SUC-03,PROD-001,Iluminación,327.02,0,228.0,55
2024-01-29,SUC-03,PROD-001,Iluminación,335.98,0,173.0,83
2024-02-05,SUC-03,PROD-001,Iluminación,332.91,0,90.0,64
2024-02-12,SUC-03,PROD-001,Iluminación,321.49,0,251.0,79
2024-02-19,SUC-03,PROD-001,Iluminación,338.52,0,172.0,55
2024-02-26,SUC-03,PROD-001,Iluminación,333.33,0,117.0,51
2024-03-04,SUC-03,PROD-001,Iluminación,327.04,0,188.0,74
2024-03-11,SUC-03,PROD-001,Iluminación,337.94,0,114.0,67
2024-03-18,SUC-03,PROD-001,Iluminación,339.03,0,47.0,47
2024-03-25,SUC-03,PROD-001,Iluminación,331.39,0,240.0,83
2024-04-01,SUC-03,PROD-001,Iluminación,327.04,0,157.0,68
2024-04-08,SUC-03,PROD-001,Iluminación,276.98,1,89.0,89
2024-04-15,SUC-03,PROD-001,Iluminación,320.65,0,304.0,67
2024-04-22,SUC-03,PROD-001,Iluminación,333.49,0,237.0,81
2024-04-29,SUC-03,PROD-001,Iluminación,280.25,1,156.0,98
2024-05-06,SUC-03,PROD-001,Iluminación,330.99,0,213.0,56
2024-05-13,SUC-03,PROD-001,Iluminación,326.6,0,157.0,95
2024-05-20,SUC-03,PROD-001,Iluminación,320.72,0,62.0,62
2024-05-27,SUC-03,PROD-001,Iluminación,329.05,0,237.0,83
2024-06-03,SUC-03,PROD-001,Iluminación,332.78,0,154.0,61
2024-06-10,SUC-03,PROD-001,Iluminación,338.56,0,93.0,57
2024-06-17,SUC-03,PROD-001,Iluminación,335.4,0,183.0,67
2024-06-24,SUC-03,PROD-001,Iluminación,325.99,0,116.0,66
2024-07-01,SUC-03,PROD-001,Iluminación,324.59,0,50.0,50
2024-07-08,SUC-03,PROD-001,Iluminación,275.55,1,238.0,56
2024-07-15,SUC-03,PROD-001,Iluminación,322.55,0,182.0,64
2024-07-22,SUC-03,PROD-001,Iluminación,323.31,0,118.0,75
2024-07-29,SUC-03,PROD-001,Iluminación,339.69,0,152.0,60
2024-08-05,SUC-03,PROD-001,Iluminación,333.4,0,92.0,42
2024-08-12,SUC-03,PROD-001,Iluminación,282.63,1,50.0,50
2024-08-19,SUC-03,PROD-001,Iluminación,333.19,0,127.0,50
2024-08-26,SUC-03,PROD-001,Iluminación,339.6,0,77.0,62
2024-09-02,SUC-03,PROD-001,Iluminación,321.27,0,15.0,15
2024-09-09,SUC-03,PROD-001,Iluminación,336.74,0,167.0,41
2024-09-16,SUC-03,PROD-001,Iluminación,329.99,0,126.0,44
2024-09-23,SUC-03,PROD-001,Iluminación,322.16,0,82.0,42
2024-09-30,SUC-03,PROD-001,Iluminación,276.32,1,168.0,53
2024-10-07,SUC-03,PROD-001,Iluminación,336.56,0,115.0,49
2024-10-14,SUC-03,PROD-001,Iluminación,336.56,0,66.0,45
2024-10-21,SUC-03,PROD-001,Iluminación,282.14,1,224.0,70
2024-10-28,SUC-03,PROD-001,Iluminación,329.46,0,154.0,32
2024-11-04,SUC-03,PROD-001,Iluminación,335.14,0,122.0,55
2024-11-11,SUC-03,PROD-001,Iluminación,278.41,1,198.0,72
2024-11-18,SUC-03,PROD-001,Iluminación,329.15,0,126.0,56
2024-11-25,SUC-03,PROD-001,Iluminación,337.55,0,70.0,40
2024-12-02,SUC-03,PROD-001,Iluminación,325.98,0,213.0,39
2024-12-09,SUC-03,PROD-001,Iluminación,320.78,0,174.0,51
2024-12-16,SUC-03,PROD-001,Iluminación,,0,123.0,46
2024-12-23,SUC-03,PROD-001,Iluminación,331.37,0,182.0,59
2024-12-30,SUC-03,PROD-001,Iluminación,333.66,0,123.0,118
2025-01-06,SUC-03,PROD-001,Iluminación,337.98,0,5.0,5
2025-01-13,SUC-03,PROD-001,Iluminación,329.57,0,0.0,0
2025-01-20,SUC-03,PROD-001,Iluminación,331.86,0,0.0,0
2025-01-27,SUC-03,PROD-001,Iluminación,322.22,0,0.0,0
2025-02-03,SUC-03,PROD-001,Iluminación,277.71,1,282.0,71
2025-02-10,SUC-03,PROD-001,Iluminación,325.5,0,211.0,92
2025-02-17,SUC-03,PROD-001,Iluminación,338.67,0,119.0,42
2025-02-24,SUC-03,PROD-001,Iluminación,285.98,1,442.0,68
2025-03-03,SUC-03,PROD-001,Iluminación,340.0,0,374.0,73
2025-03-10,SUC-03,PROD-001,Iluminación,339.05,0,301.0,91
2025-03-17,SUC-03,PROD-001,Iluminación,292.09,1,365.0,71
2025-03-24,SUC-03,PROD-001,Iluminación,331.84,0,294.0,90
2025-03-31,SUC-03,PROD-001,Iluminación,322.3,0,204.0,106
2025-04-07,SUC-03,PROD-001,Iluminación,328.35,0,334.0,100
2025-04-14,SUC-03,PROD-001,Iluminación,326.78,0,234.0,98
2025-04-21,SUC-03,PROD-001,Iluminación,333.31,0,136.0,71
2025-04-28,SUC-03,PROD-001,Iluminación,327.76,0,254.0,106
2025-05-05,SUC-03,PROD-001,Iluminación,331.4,0,148.0,79
2025-05-12,SUC-03,PROD-001,Iluminación,338.63,0,69.0,69
2025-05-19,SUC-03,PROD-001,Iluminación,291.53,1,275.0,83
2025-05-26,SUC-03,PROD-001,Iluminación,287.01,1,192.0,105
2025-06-02,SUC-03,PROD-001,Iluminación,337.14,0,87.0,61
2025-06-09,SUC-03,PROD-001,Iluminación,288.82,1,356.0,69
2025-06-16,SUC-03,PROD-001,Iluminación,323.44,0,287.0,79
2025-06-23,SUC-03,PROD-001,Iluminación,339.38,0,208.0,58
2025-06-30,SUC-03,PROD-001,Iluminación,332.03,0,150.0,72
2025-07-07,SUC-03,PROD-001,Iluminación,329.8,0,78.0,65
2025-07-14,SUC-03,PROD-001,Iluminación,328.67,0,13.0,13
2025-07-21,SUC-03,PROD-001,Iluminación,288.96,1,339.0,62
2025-07-28,SUC-03,PROD-001,Iluminación,284.29,1,277.0,55
2025-08-04,SUC-03,PROD-001,Iluminación,286.81,1,222.0,78
2025-08-11,SUC-03,PROD-001,Iluminación,283.29,1,221.0,82
2025-08-18,SUC-03,PROD-001,Iluminación,322.17,0,139.0,76
2025-08-25,SUC-03,PROD-001,Iluminación,339.56,0,63.0,63
2025-09-01,SUC-03,PROD-001,Iluminación,332.82,0,0.0,0
2025-09-08,SUC-03,PROD-001,Iluminación,339.94,0,0.0,0
2025-09-15,SUC-03,PROD-001,Iluminación,326.23,0,0.0,0
2025-09-22,SUC-03,PROD-001,Iluminación,336.85,0,160.0,52
2025-09-29,SUC-03,PROD-001,Iluminación,331.5,0,108.0,46
2025-10-06,SUC-03,PROD-001,Iluminación,291.92,1,62.0,62
2025-10-13,SUC-03,PROD-001,Iluminación,339.36,0,185.0,64
2025-10-20,SUC-03,PROD-001,Iluminación,336.94,0,121.0,37
2025-10-27,SUC-03,PROD-001,Iluminación,331.07,0,84.0,52
2025-11-03,SUC-03,PROD-001,Iluminación,334.22,0,158.0,24
2025-11-10,SUC-03,PROD-001,Iluminación,322.03,0,134.0,41
2025-11-17,SUC-03,PROD-001,Iluminación,338.69,0,93.0,66
2025-11-24,SUC-03,PROD-001,Iluminación,278.93,1,341.0,92
2025-12-01,SUC-03,PROD-001,Iluminación,324.94,0,249.0,59
2025-12-08,SUC-03,PROD-001,Iluminación,278.74,1,190.0,84
2025-12-15,SUC-03,PROD-001,Iluminación,332.66,0,247.0,74
2025-12-22,SUC-03,PROD-001,Iluminación,327.15,0,173.0,57
2024-01-01,SUC-04,PROD-001,Iluminación,338.99,0,184.0,66
2024-01-08,SUC-04,PROD-001,Iluminación,333.2,0,118.0,56
2024-01-15,SUC-04,PROD-001,Iluminación,,0,62.0,62
2024-01-22,SUC-04,PROD-001,Iluminación,322.38,0,243.0,49
2024-01-29,SUC-04,PROD-001,Iluminación,329.89,0,194.0,88
2024-02-05,SUC-04,PROD-001,Iluminación,285.52,1,106.0,106
2024-02-12,SUC-04,PROD-001,Iluminación,292.14,1,299.0,131
2024-02-19,SUC-04,PROD-001,Iluminación,333.1,0,168.0,86
2024-02-26,SUC-04,PROD-001,Iluminación,337.22,0,82.0,82
2024-03-04,SUC-04,PROD-001,Iluminación,333.57,0,325.0,75
2024-03-11,SUC-04,PROD-001,Iluminación,334.85,0,250.0,65
2024-03-18,SUC-04,PROD-001,Iluminación,322.85,0,185.0,104
2024-03-25,SUC-04,PROD-001,Iluminación,337.98,0,236.0,83
2024-04-01,SUC-04,PROD-001,Iluminación,326.03,0,153.0,95
2024-04-08,SUC-04,PROD-001,Iluminación,334.28,0,58.0,58
2024-04-15,SUC-04,PROD-001,Iluminación,323.18,0,303.0,90
2024-04-22,SUC-04,PROD-001,Iluminación,321.64,0,213.0,70
2024-04-29,SUC-04,PROD-001,Iluminación,336.4,0,143.0,68
2024-05-06,SUC-04,PROD-001,Iluminación,327.4,0,247.0,90
2024-05-13,SUC-04,PROD-001,Iluminación,326.47,0,157.0,87
2024-05-20,SUC-04,PROD-001,Iluminación,326.26,0,70.0,54
2024-05-27,SUC-04,PROD-001,Iluminación,338.68,0,330.0,100
2024-06-03,SUC-04,PROD-001,Iluminación,337.88,0,230.0,77
fecha-invalida,SUC-04,PROD-001,Iluminación,321.86,0,153.0,76
2024-06-17,SUC-04,PROD-001,Iluminación,328.33,0,199.0,81
2024-06-24,SUC-04,PROD-001,Iluminación,335.97,0,118.0,53
2024-07-01,SUC-04,PROD-001,Iluminación,337.88,0,65.0,65
2024-07-08,SUC-04,PROD-001,Iluminación,332.27,0,201.0,67
2024-07-15,SUC-04,PROD-001,Iluminación,278.75,1,134.0,68
2024-07-22,SUC-04,PROD-001,Iluminación,336.78,0,66.0,66
2024-07-29,SUC-04,PROD-001,Iluminación,289.25,1,322.0,76
2024-08-05,SUC-04,PROD-001,Iluminación,324.92,0,246.0,64
2024-08-12,SUC-04,PROD-001,Iluminación,328.77,0,182.0,49
2024-08-19,SUC-04,PROD-001,Iluminación,335.55,0,137.0,61
2024-08-26,SUC-04,PROD-001,Iluminación,339.95,0,76.0,61
2024-09-02,SUC-04,PROD-001,Iluminación,336.3,0,15.0,15
2024-09-09,SUC-04,PROD-001,Iluminación,327.62,0,173.0,63
2024-09-16,SUC-04,PROD-001,Iluminación,332.98,0,110.0,46
2024-09-23,SUC-04,PROD-001,Iluminación,328.25,0,64.0,54
2024-09-30,SUC-04,PROD-001,Iluminación,335.2,0,142.0,62
2024-10-07,SUC-04,PROD-001,Iluminación,325.99,0,80.0,53
2024-10-14,SUC-04,PROD-001,Iluminación,325.53,0,27.0,27
2024-10-21,SUC-04,PROD-001,Iluminación,291.5,1,241.0,68
2024-10-28,SUC-04,PROD-001,Iluminación,278.18,1,173.0,69
2024-11-04,SUC-04,PROD-001,Iluminación,338.43,0,104.0,74
2024-11-11,SUC-04,PROD-001,Iluminación,321.26,0,218.0,72
2024-11-18,SUC-04,PROD-001,Iluminación,288.72,1,146.0,86
2024-11-25,SUC-04,PROD-001,Iluminación,337.62,0,60.0,60
2024-12-02,SUC-04,PROD-001,Iluminación,335.1,0,207.0,59
2024-12-09,SUC-04,PROD-001,Iluminación,331.8,0,148.0,62
2024-12-16,SUC-04,PROD-001,Iluminación,325.14,0,86.0,72
2024-12-23,SUC-04,PROD-001,Iluminación,323.99,0,287.0,72
2024-12-30,SUC-04,PROD-001,Iluminación,327.23,0,215.0,68
2025-01-06,SUC-04,PROD-001,Iluminación,322.11,0,147.0,75
2025-01-13,SUC-04,PROD-001,Iluminación,335.86,0,230.0,72
2025-01-20,SUC-04,PROD-001,Iluminación,326.93,0,158.0,90
2025-01-27,SUC-04,PROD-001,Iluminación,320.74,0,68.0,56
2025-02-03,SUC-04,PROD-001,Iluminación,330.07,0,215.0,71
2025-02-10,SUC-04,PROD-001,Iluminación,338.98,0,144.0,74
2025-02-17,SUC-04,PROD-001,Iluminación,337.42,0,70.0,70
2025-02-24,SUC-04,PROD-001,Iluminación,335.69,0,0.0,0
2025-03-03,SUC-04,PROD-001,Iluminación,334.32,0,0.0,0
2025-03-10,SUC-04,PROD-001,Iluminación,329.69,0,0.0,0
2025-03-17,SUC-04,PROD-001,Iluminación,337.85,0,252.0,81
2025-03-24,SUC-04,PROD-001,Iluminación,338.14,0,171.0,81
2025-03-31,SUC-04,PROD-001,Iluminación,279.03,1,90.0,90
2025-04-07,SUC-04,PROD-001,Iluminación,292.28,1,473.0,148
2025-04-14,SUC-04,PROD-001,Iluminación,332.75,0,325.0,108
2025-04-21,SUC-04,PROD-001,Iluminación,334.38,0,217.0,94
2025-04-28,SUC-04,PROD-001,Iluminación,323.62,0,274.0,85
2025-05-05,SUC-04,PROD-001,Iluminación,326.8,0,189.0,107
2025-05-12,SUC-04,PROD-001,Iluminación,288.45,1,82.0,82
2025-05-19,SUC-04,PROD-001,Iluminación,338.28,0,299.0,90
2025-05-26,SUC-04,PROD-001,Iluminación,332.35,0,209.0,78
2025-06-02,SUC-04,PROD-001,Iluminación,333.62,0,131.0,81
2025-06-09,SUC-04,PROD-001,Iluminación,328.36,0,310.0,69
2025-06-16,SUC-04,PROD-001,Iluminación,336.69,0,241.0,77
2025-06-23,SUC-04,PROD-001,Iluminación,330.14,0,164.0,97
2025-06-30,SUC-04,PROD-001,Iluminación,330.73,0,67.0,63
2025-07-07,SUC-04,PROD-001,Iluminación,329.8,0,4.0,4
2025-07-14,SUC-04,PROD-001,Iluminación,339.32,0,0.0,0
2025-07-21,SUC-04,PROD-001,Iluminación,322.14,0,259.0,71
2025-07-28,SUC-04,PROD-001,Iluminación,285.13,1,188.0,78
2025-08-04,SUC-04,PROD-001,Iluminación,286.1,1,110.0,93
2025-08-11,SUC-04,PROD-001,Iluminación,335.3,0,231.0,54
2025-08-18,SUC-04,PROD-001,Iluminación,340.04,0,177.0,48
2025-08-25,SUC-04,PROD-001,Iluminación,325.46,0,129.0,60
2025-09-01,SUC-04,PROD-001,Iluminación,330.69,0,162.0,59
2025-09-08,SUC-04,PROD-001,Iluminación,336.75,0,103.0,66
2025-09-15,SUC-04,PROD-001,Iluminación,339.77,0,37.0,37
2025-09-22,SUC-04,PROD-001,Iluminación,326.61,0,199.0,60
2025-09-29,SUC-04,PROD-001,Iluminación,335.1,0,139.0,47
2025-10-06,SUC-04,PROD-001,Iluminación,278.64,1,92.0,44
2025-10-13,SUC-04,PROD-001,Iluminación,335.3,0,154.0,50
2025-10-20,SUC-04,PROD-001,Iluminación,325.7,0,104.0,67
2025-10-27,SUC-04,PROD-001,Iluminación,320.69,0,37.0,37
2025-11-03,SUC-04,PROD-001,Iluminación,329.07,0,239.0,48
2025-11-10,SUC-04,PROD-001,Iluminación,278.46,1,191.0,83
2025-11-17,SUC-04,PROD-001,Iluminación,278.87,1,108.0,71
2025-11-24,SUC-04,PROD-001,Iluminación,339.14,0,198.0,52
2025-12-01,SUC-04,PROD-001,Iluminación,321.17,0,146.0,89
2025-12-08,SUC-04,PROD-001,Iluminación,282.9,1,57.0,57
2025-12-15,SUC-04,PROD-001,Iluminación,336.31,0,252.0,86
2025-12-22,SUC-04,PROD-001,Iluminación,321.1,0,166.0,70
2024-01-01,SUC-05,PROD-001,Iluminación,323.76,0,314.0,61
2024-01-08,SUC-05,PROD-001,Iluminación,291.18,1,253.0,67
2024-01-15,SUC-05,PROD-001,Iluminación,339.48,0,186.0,92
2024-01-22,SUC-05,PROD-001,Iluminación,321.8,0,274.0,41
2024-01-29,SUC-05,PROD-001,Iluminación,323.3,0,233.0,63
2024-02-05,SUC-05,PROD-001,Iluminación,337.07,0,170.0,104
2024-02-12,SUC-05,PROD-001,Iluminación,339.46,0,256.0,71
2024-02-19,SUC-05,PROD-001,Iluminación,338.93,0,185.0,110
2024-02-26,SUC-05,PROD-001,Iluminación,327.75,0,75.0,71
2024-03-04,SUC-05,PROD-001,Iluminación,338.61,0,260.0,94
2024-03-11,SUC-05,PROD-001,Iluminación,286.91,1,166.0,89
2024-03-18,SUC-05,PROD-001,Iluminación,335.19,0,77.0,77
2024-03-25,SUC-05,PROD-001,Iluminación,330.56,0,356.0,85
2024-04-01,SUC-05,PROD-001,Iluminación,290.5,1,271.0,102
2024-04-08,SUC-05,PROD-001,Iluminación,287.13,1,169.0,141
2024-04-15,SUC-05,PROD-001,Iluminación,282.93,1,371.0,156
2024-04-22,SUC-05,PROD-001,Iluminación,327.66,0,215.0,134
2024-04-29,SUC-05,PROD-001,Iluminación,279.65,1,81.0,81
2024-05-06,SUC-05,PROD-001,Iluminación,327.74,0,0.0,0
2024-05-13,SUC-05,PROD-001,Iluminación,327.09,0,0.0,0
2024-05-20,SUC-05,PROD-001,Iluminación,338.92,0,0.0,0
2024-05-27,SUC-05,PROD-001,Iluminación,325.9,0,382.0,102
2024-06-03,SUC-05,PROD-001,Iluminación,283.0,1,280.0,121
2024-06-10,SUC-05,PROD-001,Iluminación,339.82,0,159.0,98
2024-06-17,SUC-05,PROD-001,Iluminación,326.67,0,230.0,74
2024-06-24,SUC-05,PROD-001,Iluminación,291.53,1,156.0,106
2024-07-01,SUC-05,PROD-001,Iluminación,282.64,1,50.0,50
2024-07-08,SUC-05,PROD-001,Iluminación,325.38,0,230.0,95
2024-07-15,SUC-05,PROD-001,Iluminación,327.98,0,135.0,81
2024-07-22,SUC-05,PROD-001,Iluminación,326.23,0,54.0,54
2024-07-29,SUC-05,PROD-001,Iluminación,333.73,0,213.0,88
2024-08-05,SUC-05,PROD-001,Iluminación,334.45,0,125.0,63
2024-08-12,SUC-05,PROD-001,Iluminación,331.59,0,62.0,62
2024-08-19,SUC-05,PROD-001,Iluminación,321.03,0,243.0,53
2024-08-26,SUC-05,PROD-001,Iluminación,289.17,1,190.0,68
2024-09-02,SUC-05,PROD-001,Iluminación,334.39,0,122.0,54
2024-09-09,SUC-05,PROD-001,Iluminación,284.26,1,219.0,71
2024-09-16,SUC-05,PROD-001,Iluminación,325.5,0,148.0,65
2024-09-23,SUC-05,PROD-001,Iluminación,325.68,0,83.0,65
2024-09-30,SUC-05,PROD-001,Iluminación,327.89,0,18.0,18
2024-10-07,SUC-05,PROD-001,Iluminación,278.86,1,0.0,0
2024-10-14,SUC-05,PROD-001,Iluminación,330.24,0,0.0,0
2024-10-21,SUC-05,PROD-001,Iluminación,335.41,0,225.0,70
2024-10-28,SUC-05,PROD-001,Iluminación,326.37,0,155.0,53
2024-11-04,SUC-05,PROD-001,Iluminación,335.51,0,102.0,43
2024-11-11,SUC-05,PROD-001,Iluminación,288.54,1,248.0,66
2024-11-18,SUC-05,PROD-001,Iluminación,328.46,0,182.0,77
2024-11-25,SUC-05,PROD-001,Iluminación,328.04,0,105.0,67
2024-12-02,SUC-05,PROD-001,Iluminación,337.96,0,224.0,80
2024-12-09,SUC-05,PROD-001,Iluminación,330.21,0,144.0,74
2024-12-16,SUC-05,PROD-001,Iluminación,328.45,0,70.0,70
2024-12-23,SUC-05,PROD-001,Iluminación,335.8,0,266.0,80
2024-12-30,SUC-05,PROD-001,Iluminación,289.36,1,186.0,120
2025-01-06,SUC-05,PROD-001,Iluminación,322.54,0,66.0,66
2025-01-13,SUC-05,PROD-001,Iluminación,285.61,1,378.0,127
2025-01-20,SUC-05,PROD-001,Iluminación,322.61,0,251.0,82
2025-01-27,SUC-05,PROD-001,Iluminación,326.66,0,169.0,84
2025-02-03,SUC-05,PROD-001,Iluminación,323.35,0,388.0,81
2025-02-10,SUC-05,PROD-001,Iluminación,338.53,0,307.0,119
2025-02-17,SUC-05,PROD-001,Iluminación,339.03,0,188.0,86
2025-02-24,SUC-05,PROD-001,Iluminación,328.5,0,380.0,77
2025-03-03,SUC-05,PROD-001,Iluminación,276.08,1,303.0,111
2025-03-10,SUC-05,PROD-001,Iluminación,322.12,0,192.0,96
2025-03-17,SUC-05,PROD-001,Iluminación,322.96,0,324.0,103
2025-03-24,SUC-05,PROD-001,Iluminación,281.7,1,221.0,131
2025-03-31,SUC-05,PROD-001,Iluminación,325.44,0,90.0,90
2025-04-07,SUC-05,PROD-001,Iluminación,330.83,0,444.0,112
2025-04-14,SUC-05,PROD-001,Iluminación,338.28,0,332.0,119
2025-04-21,SUC-05,PROD-001,Iluminación,334.09,0,213.0,127
2025-04-28,SUC-05,PROD-001,Iluminación,284.99,1,574.0,127
2025-05-05,SUC-05,PROD-001,Iluminación,332.72,0,447.0,103
2025-05-12,SUC-05,PROD-001,Iluminación,337.47,0,344.0,115
2025-05-19,SUC-05,PROD-001,Iluminación,337.3,0,304.0,111
2025-05-26,SUC-05,PROD-001,Iluminación,324.3,0,193.0,84
2025-06-02,SUC-05,PROD-001,Iluminación,324.21,0,109.0,95
2025-06-09,SUC-05,PROD-001,Iluminación,332.35,0,14.0,14
2025-06-16,SUC-05,PROD-001,Iluminación,321.11,0,0.0,0
2025-06-23,SUC-05,PROD-001,Iluminación,335.24,0,0.0,0
2025-06-30,SUC-05,PROD-001,Iluminación,326.69,0,346.0,95
2025-07-07,SUC-05,PROD-001,Iluminación,321.82,0,251.0,89
2025-07-14,SUC-05,PROD-001,Iluminación,325.95,0,162.0,93
2025-07-21,SUC-05,PROD-001,Iluminación,338.47,0,200.0,86
2025-07-28,SUC-05,PROD-001,Iluminación,339.79,0,114.0,61
2025-08-04,SUC-05,PROD-001,Iluminación,330.12,0,53.0,53
2025-08-11,SUC-05,PROD-001,Iluminación,323.0,0,222.0,79
2025-08-18,SUC-05,PROD-001,Iluminación,321.63,0,143.0,77
2025-08-25,SUC-05,PROD-001,Iluminación,325.96,0,66.0,66
2025-09-01,SUC-05,PROD-001,Iluminación,336.81,0,0.0,0
2025-09-08,SUC-05,PROD-001,Iluminación,324.91,0,0.0,0
2025-09-15,SUC-05,PROD-001,Iluminación,329.94,0,0.0,0
2025-09-22,SUC-05,PROD-001,Iluminación,289.57,1,329.0,80
2025-09-29,SUC-05,PROD-001,Iluminación,325.47,0,249.0,75
2025-10-06,SUC-05,PROD-001,Iluminación,329.41,0,174.0,81
2025-10-13,SUC-05,PROD-001,Iluminación,327.49,0,174.0,72
2025-10-20,SUC-05,PROD-001,Iluminación,337.05,0,102.0,47
2025-10-27,SUC-05,PROD-001,Iluminación,276.23,1,55.0,55
2025-11-03,SUC-05,PROD-001,Iluminación,288.16,1,304.0,101
2025-11-10,SUC-05,PROD-001,Iluminación,285.56,1,203.0,74
2025-11-17,SUC-05,PROD-001,Iluminación,322.71,0,129.0,94
2025-11-24,SUC-05,PROD-001,Iluminación,335.17,0,252.0,82
2025-12-01,SUC-05,PROD-001,Iluminación,326.79,0,170.0,100
2025-12-08,SUC-05,PROD-001,Iluminación,328.51,0,70.0,70
2025-12-15,SUC-05,PROD-001,Iluminación,279.45,1,331.0,87
2025-12-22,SUC-05,PROD-001,Iluminación,335.42,0,244.0,115
2024-01-01,SUC-01,PROD-002,Accesorios,120.95,0,131.0,37
2024-01-08,SUC-01,PROD-002,Accesorios,122.38,0,94.0,28
2024-01-15,SUC-01,PROD-002,Accesorios,120.94,0,66.0,26
2024-01-22,SUC-01,PROD-002,Accesorios,119.4,0,40.0,36
2024-01-29,SUC-01,PROD-002,Accesorios,119.71,0,4.0,4
2024-02-05,SUC-01,PROD-002,Accesorios,120.13,0,0.0,0
2024-02-12,SUC-01,PROD-002,Accesorios,,0,190.0,32
2024-02-19,SUC-01,PROD-002,Accesorios,116.19,0,158.0,61
2024-02-26,SUC-01,PROD-002,Accesorios,121.45,0,97.0,59
2024-03-04,SUC-01,PROD-002,Accesorios,118.73,0,151.0,27
2024-03-11,SUC-01,PROD-002,Accesorios,100.24,1,124.0,72
2024-03-18,SUC-01,PROD-002,Accesorios,119.15,0,52.0,52
2024-03-25,SUC-01,PROD-002,Accesorios,121.37,0,125.0,51
2024-04-01,SUC-01,PROD-002,Accesorios,122.39,0,74.0,51
2024-04-08,SUC-01,PROD-002,Accesorios,121.86,0,23.0,23
2024-04-15,SUC-01,PROD-002,Accesorios,121.4,0,182.0,67
2024-04-22,SUC-01,PROD-002,Accesorios,117.52,0,115.0,42
2024-04-29,SUC-01,PROD-002,Accesorios,119.35,0,73.0,45
2024-05-06,SUC-01,PROD-002,Accesorios,116.39,0,116.0,29
2024-05-13,SUC-01,PROD-002,Accesorios,119.46,0,87.0,36
2024-05-20,SUC-01,PROD-002,Accesorios,118.17,0,51.0,41
2024-05-27,SUC-01,PROD-002,Accesorios,104.98,1,195.0,52
2024-06-03,SUC-01,PROD-002,Accesorios,120.48,0,143.0,40
2024-06-10,SUC-01,PROD-002,Accesorios,121.13,0,103.0,39
2024-06-17,SUC-01,PROD-002,Accesorios,119.17,0,117.0,42
2024-06-24,SUC-01,PROD-002,Accesorios,122.47,0,75.0,31
2024-07-01,SUC-01,PROD-002,Accesorios,119.42,0,44.0,44
2024-07-08,SUC-01,PROD-002,Accesorios,117.58,0,103.0,40
2024-07-15,SUC-01,PROD-002,Accesorios,103.16,1,63.0,45
2024-07-22,SUC-01,PROD-002,Accesorios,119.86,0,18.0,18
2024-07-29,SUC-01,PROD-002,Accesorios,103.39,1,159.0,43
2024-08-05,SUC-01,PROD-002,Accesorios,119.44,0,116.0,25
2024-08-12,SUC-01,PROD-002,Accesorios,116.41,0,91.0,34
2024-08-19,SUC-01,PROD-002,Accesorios,116.09,0,87.0,61
2024-08-26,SUC-01,PROD-002,Accesorios,102.14,1,26.0,26
2024-09-02,SUC-01,PROD-002,Accesorios,120.2,0,0.0,0
2024-09-09,SUC-01,PROD-002,Accesorios,101.87,1,152.0,40
2024-09-16,SUC-01,PROD-002,Accesorios,120.93,0,112.0,30
2024-09-23,SUC-01,PROD-002,Accesorios,117.2,0,82.0,34
2024-09-30,SUC-01,PROD-002,Accesorios,121.4,0,99.0,19
2024-10-07,SUC-01,PROD-002,Accesorios,121.69,0,80.0,39
2024-10-14,SUC-01,PROD-002,Accesorios,122.4,0,41.0,40
2024-10-21,SUC-01,PROD-002,Accesorios,118.56,0,97.0,34
2024-10-28,SUC-01,PROD-002,Accesorios,102.42,1,63.0,41
2024-11-04,SUC-01,PROD-002,Accesorios,118.6,0,22.0,22
2024-11-11,SUC-01,PROD-002,Accesorios,116.96,0,148.0,44
2024-11-18,SUC-01,PROD-002,Accesorios,121.84,0,104.0,47
2024-11-25,SUC-01,PROD-002,Accesorios,-10.0,0,57.0,53
2024-12-02,SUC-01,PROD-002,Accesorios,120.86,0,141.0,33
2024-12-09,SUC-01,PROD-002,Accesorios,100.75,1,108.0,64
2024-12-16,SUC-01,PROD-002,Accesorios,117.3,0,44.0,39
2024-12-23,SUC-01,PROD-002,Accesorios,116.04,0,149.0,35
2024-12-30,SUC-01,PROD-002,Accesorios,118.91,0,114.0,40
2025-01-06,SUC-01,PROD-002,Accesorios,121.39,0,74.0,60
2025-01-13,SUC-01,PROD-002,Accesorios,121.64,0,178.0,48
2025-01-20,SUC-01,PROD-002,Accesorios,120.34,0,130.0,47
2025-01-27,SUC-01,PROD-002,Accesorios,118.27,0,83.0,48
2025-02-03,SUC-01,PROD-002,Accesorios,116.73,0,203.0,60
2025-02-10,SUC-01,PROD-002,Accesorios,119.35,0,143.0,49
2025-02-17,SUC-01,PROD-002,Accesorios,118.89,0,94.0,49
2025-02-24,SUC-01,PROD-002,Accesorios,103.32,1,204.0,92
2025-03-03,SUC-01,PROD-002,Accesorios,117.16,0,112.0,56
2025-03-10,SUC-01,PROD-002,Accesorios,102.79,1,56.0,56
2025-03-17,SUC-01,PROD-002,Accesorios,118.47,0,138.0,55
2025-03-24,SUC-01,PROD-002,Accesorios,121.92,0,83.0,54
2025-03-31,SUC-01,PROD-002,Accesorios,117.93,0,29.0,29
2025-04-07,SUC-01,PROD-002,Accesorios,119.33,0,0.0,0
2025-04-14,SUC-01,PROD-002,Accesorios,116.79,0,0.0,0
2025-04-21,SUC-01,PROD-002,Accesorios,117.01,0,0.0,0
2025-04-28,SUC-01,PROD-002,Accesorios,100.75,1,0.0,0
2025-05-05,SUC-01,PROD-002,Accesorios,121.24,0,0.0,0
2025-05-12,SUC-01,PROD-002,Accesorios,119.29,0,0.0,0
2025-05-19,SUC-01,PROD-002,Accesorios,101.31,1,224.0,62
2025-05-26,SUC-01,PROD-002,Accesorios,122.62,0,162.0,50
2025-06-02,SUC-01,PROD-002,Accesorios,115.89,0,112.0,44
2025-06-09,SUC-01,PROD-002,Accesorios,119.21,0,68.0,42
2025-06-16,SUC-01,PROD-002,Accesorios,103.28,1,26.0,26
2025-06-23,SUC-01,PROD-002,Accesorios,120.45,0,0.0,0
2025-06-30,SUC-01,PROD-002,Accesorios,121.51,0,132.0,30
2025-07-07,SUC-01,PROD-002,Accesorios,120.02,0,102.0,33
2025-07-14,SUC-01,PROD-002,Accesorios,122.67,0,69.0,42
2025-07-21,SUC-01,PROD-002,Accesorios,116.39,0,89.0,23
2025-07-28,SUC-01,PROD-002,Accesorios,99.64,1,66.0,44
2025-08-04,SUC-01,PROD-002,Accesorios,102.8,1,22.0,22
2025-08-11,SUC-01,PROD-002,Accesorios,122.14,0,0.0,0
2025-08-18,SUC-01,PROD-002,Accesorios,122.55,0,0.0,0
2025-08-25,SUC-01,PROD-002,Accesorios,121.35,0,0.0,0
2025-09-01,SUC-01,PROD-002,Accesorios,118.85,0,107.0,36
2025-09-08,SUC-01,PROD-002,Accesorios,118.2,0,71.0,33
2025-09-15,SUC-01,PROD-002,Accesorios,118.67,0,38.0,38
2025-09-22,SUC-01,PROD-002,Accesorios,117.2,0,99.0,33
2025-09-29,SUC-01,PROD-002,Accesorios,121.37,0,66.0,39
2025-10-06,SUC-01,PROD-002,Accesorios,120.26,0,-5.0,27
2025-10-13,SUC-01,PROD-002,Accesorios,118.5,0,0.0,0
2025-10-20,SUC-01,PROD-002,Accesorios,116.43,0,0.0,0
2025-10-27,SUC-01,PROD-002,Accesorios,115.8,0,0.0,0
2025-11-03,SUC-01,PROD-002,Accesorios,100.9,1,178.0,37
2025-11-10,SUC-01,PROD-002,Accesorios,115.55,0,141.0,38
2025-11-17,SUC-01,PROD-002,Accesorios,117.89,0,103.0,47
2025-11-24,SUC-01,PROD-002,Accesorios,105.15,1,252.0,37
2025-12-01,SUC-01,PROD-002,Accesorios,119.9,0,215.0,66
2025-12-08,SUC-01,PROD-002,Accesorios,117.0,0,149.0,38
2025-12-15,SUC-01,PROD-002,Accesorios,-10.0,0,163.0,47
2025-12-22,SUC-01,PROD-002,Accesorios,115.95,0,116.0,53
2024-01-01,SUC-02,PROD-002,Accesorios,116.61,0,150.0,43
2024-01-08,SUC-02,PROD-002,Accesorios,121.65,0,107.0,53
2024-01-15,SUC-02,PROD-002,Accesorios,115.59,0,54.0,54
2024-01-22,SUC-02,PROD-002,Accesorios,102.99,1,308.0,75
2024-01-29,SUC-02,PROD-002,Accesorios,117.02,0,233.0,79
2024-02-05,SUC-02,PROD-002,Accesorios,118.91,0,154.0,54
2024-02-12,SUC-02,PROD-002,Accesorios,115.62,0,168.0,36
2024-02-19,SUC-02,PROD-002,Accesorios,118.53,0,132.0,70
2024-02-26,SUC-02,PROD-002,Accesorios,121.8,0,62.0,62
2024-03-04,SUC-02,PROD-002,Accesorios,104.98,1,216.0,65
2024-03-11,SUC-02,PROD-002,Accesorios,122.07,0,151.0,58
2024-03-18,SUC-02,PROD-002,Accesorios,103.0,1,93.0,74
fecha-invalida,SUC-02,PROD-002,Accesorios,117.57,0,212.0,52
2024-04-01,SUC-02,PROD-002,Accesorios,105.08,1,160.0,74
2024-04-08,SUC-02,PROD-002,Accesorios,120.61,0,86.0,85
2024-04-15,SUC-02,PROD-002,Accesorios,117.53,0,1.0,1
2024-04-22,SUC-02,PROD-002,Accesorios,115.97,0,0.0,0
2024-04-29,SUC-02,PROD-002,Accesorios,121.19,0,0.0,0
2024-05-06,SUC-02,PROD-002,Accesorios,119.56,0,213.0,42
2024-05-13,SUC-02,PROD-002,Accesorios,104.46,1,171.0,51
2024-05-20,SUC-02,PROD-002,Accesorios,116.14,0,120.0,53
2024-05-27,SUC-02,PROD-002,Accesorios,99.85,1,266.0,62
2024-06-03,SUC-02,PROD-002,Accesorios,117.53,0,204.0,61
2024-06-10,SUC-02,PROD-002,Accesorios,101.37,1,143.0,55
2024-06-17,SUC-02,PROD-002,Accesorios,119.62,0,,56
2024-06-24,SUC-02,PROD-002,Accesorios,118.24,0,111.0,50
2024-07-01,SUC-02,PROD-002,Accesorios,117.18,0,61.0,55
2024-07-08,SUC-02,PROD-002,Accesorios,115.58,0,160.0,49
2024-07-15,SUC-02,PROD-002,Accesorios,118.74,0,111.0,35
2024-07-22,SUC-02,PROD-002,Accesorios,117.32,0,76.0,38
2024-07-29,SUC-02,PROD-002,Accesorios,121.14,0,97.0,29
2024-08-05,SUC-02,PROD-002,Accesorios,117.47,0,68.0,45
2024-08-12,SUC-02,PROD-002,Accesorios,121.85,0,23.0,23
2024-08-19,SUC-02,PROD-002,Accesorios,116.84,0,0.0,0
2024-08-26,SUC-02,PROD-002,Accesorios,121.37,0,0.0,0
2024-09-02,SUC-02,PROD-002,Accesorios,117.95,0,0.0,0
2024-09-09,SUC-02,PROD-002,Accesorios,117.13,0,134.0,50
2024-09-16,SUC-02,PROD-002,Accesorios,117.01,0,84.0,31
2024-09-23,SUC-02,PROD-002,Accesorios,121.79,0,53.0,32
2024-09-30,SUC-02,PROD-002,Accesorios,118.87,0,109.0,39
2024-10-07,SUC-02,PROD-002,Accesorios,105.22,1,70.0,30
2024-10-14,SUC-02,PROD-002,Accesorios,120.12,0,40.0,40
2024-10-21,SUC-02,PROD-002,Accesorios,116.87,0,153.0,45
2024-10-28,SUC-02,PROD-002,Accesorios,118.77,0,108.0,41
2024-11-04,SUC-02,PROD-002,Accesorios,117.47,0,67.0,40
2024-11-11,SUC-02,PROD-002,Accesorios,117.91,0,157.0,55
2024-11-18,SUC-02,PROD-002,Accesorios,103.6,1,102.0,39
2024-11-25,SUC-02,PROD-002,Accesorios,116.24,0,63.0,49
2024-12-02,SUC-02,PROD-002,Accesorios,121.57,0,150.0,52
2024-12-09,SUC-02,PROD-002,Accesorios,105.49,1,98.0,49
2024-12-16,SUC-02,PROD-002,Accesorios,120.79,0,49.0,49
2024-12-23,SUC-02,PROD-002,Accesorios,115.55,0,159.0,39
2024-12-30,SUC-02,PROD-002,Accesorios,116.04,0,120.0,52
2025-01-06,SUC-02,PROD-002,Accesorios,122.56,0,68.0,48
2025-01-13,SUC-02,PROD-002,Accesorios,119.83,0,155.0,51
2025-01-20,SUC-02,PROD-002,Accesorios,122.59,0,104.0,51
2025-01-27,SUC-02,PROD-002,Accesorios,120.39,0,53.0,53
2025-02-03,SUC-02,PROD-002,Accesorios,115.57,0,211.0,61
2025-02-10,SUC-02,PROD-002,Accesorios,99.72,1,150.0,94
2025-02-17,SUC-02,PROD-002,Accesorios,116.56,0,56.0,56
2025-02-24,SUC-02,PROD-002,Accesorios,102.77,1,318.0,58
2025-03-03,SUC-02,PROD-002,Accesorios,100.31,1,260.0,94
2025-03-10,SUC-02,PROD-002,Accesorios,122.09,0,166.0,79
2025-03-17,SUC-02,PROD-002,Accesorios,115.57,0,87.0,63
2025-03-24,SUC-02,PROD-002,Accesorios,120.55,0,24.0,24
2025-03-31,SUC-02,PROD-002,Accesorios,103.96,1,0.0,0
2025-04-07,SUC-02,PROD-002,Accesorios,117.9,0,221.0,73
2025-04-14,SUC-02,PROD-002,Accesorios,104.33,1,148.0,61
2025-04-21,SUC-02,PROD-002,Accesorios,119.0,0,87.0,60
2025-04-28,SUC-02,PROD-002,Accesorios,116.25,0,169.0,56
fecha-invalida,SUC-02,PROD-002,Accesorios,117.84,0,113.0,63
2025-05-12,SUC-02,PROD-002,Accesorios,117.68,0,50.0,46
2025-05-19,SUC-02,PROD-002,Accesorios,121.27,0,174.0,55
2025-05-26,SUC-02,PROD-002,Accesorios,119.04,0,119.0,56
2025-06-02,SUC-02,PROD-002,Accesorios,101.26,1,63.0,63
2025-06-09,SUC-02,PROD-002,Accesorios,103.64,1,195.0,54
2025-06-16,SUC-02,PROD-002,Accesorios,121.0,0,141.0,46
2025-06-23,SUC-02,PROD-002,Accesorios,119.79,0,95.0,49
2025-06-30,SUC-02,PROD-002,Accesorios,121.4,0,111.0,55
2025-07-07,SUC-02,PROD-002,Accesorios,115.78,0,56.0,47
2025-07-14,SUC-02,PROD-002,Accesorios,120.11,0,9.0,9
2025-07-21,SUC-02,PROD-002,Accesorios,102.03,1,189.0,53
2025-07-28,SUC-02,PROD-002,Accesorios,122.45,0,136.0,44
2025-08-04,SUC-02,PROD-002,Accesorios,115.73,0,92.0,37
2025-08-11,SUC-02,PROD-002,Accesorios,122.68,0,55.0,30
2025-08-18,SUC-02,PROD-002,Accesorios,103.05,1,25.0,25
2025-08-25,SUC-02,PROD-002,Accesorios,119.44,0,0.0,0
2025-09-01,SUC-02,PROD-002,Accesorios,103.9,1,134.0,56
2025-09-08,SUC-02,PROD-002,Accesorios,120.6,0,78.0,36
2025-09-15,SUC-02,PROD-002,Accesorios,118.45,0,42.0,42
2025-09-22,SUC-02,PROD-002,Accesorios,122.29,0,117.0,36
2025-09-29,SUC-02,PROD-002,Accesorios,119.29,0,81.0,40
2025-10-06,SUC-02,PROD-002,Accesorios,117.97,0,41.0,36
2025-10-13,SUC-02,PROD-002,Accesorios,102.46,1,234.0,45
2025-10-20,SUC-02,PROD-002,Accesorios,115.78,0,189.0,31
2025-10-27,SUC-02,PROD-002,Accesorios,119.08,0,158.0,39
2025-11-03,SUC-02,PROD-002,Accesorios,120.39,0,161.0,41
2025-11-10,SUC-02,PROD-002,Accesorios,117.79,0,120.0,43
2025-11-17,SUC-02,PROD-002,Accesorios,116.51,0,77.0,43
2025-11-24,SUC-02,PROD-002,Accesorios,104.62,1,188.0,64
2025-12-01,SUC-02,PROD-002,Accesorios,118.79,0,124.0,65
2025-12-08,SUC-02,PROD-002,Accesorios,122.13,0,59.0,59
2025-12-15,SUC-02,PROD-002,Accesorios,119.46,0,155.0,51
2025-12-22,SUC-02,PROD-002,Accesorios,122.5,0,104.0,55
2024-01-01,SUC-03,PROD-002,Accesorios,116.07,0,170.0,40
2024-01-08,SUC-03,PROD-002,Accesorios,119.28,0,130.0,68
2024-01-15,SUC-03,PROD-002,Accesorios,119.23,0,62.0,62
2024-01-22,SUC-03,PROD-002,Accesorios,103.41,1,0.0,0
2024-01-29,SUC-03,PROD-002,Accesorios,117.2,0,0.0,0
2024-02-05,SUC-03,PROD-002,Accesorios,104.59,1,0.0,0
2024-02-12,SUC-03,PROD-002,Accesorios,118.42,0,0.0,0
2024-02-19,SUC-03,PROD-002,Accesorios,122.15,0,0.0,0
2024-02-26,SUC-03,PROD-002,Accesorios,122.58,0,0.0,0
2024-03-04,SUC-03,PROD-002,Accesorios,117.84,0,200.0,71
2024-03-11,SUC-03,PROD-002,Accesorios,101.6,1,129.0,85
2024-03-18,SUC-03,PROD-002,Accesorios,120.95,0,44.0,44
2024-03-25,SUC-03,PROD-002,Accesorios,119.54,0,264.0,74
2024-04-01,SUC-03,PROD-002,Accesorios,121.99,0,190.0,74
2024-04-08,SUC-03,PROD-002,Accesorios,121.18,0,116.0,68
2024-04-15,SUC-03,PROD-002,Accesorios,121.21,0,269.0,49
2024-04-22,SUC-03,PROD-002,Accesorios,118.74,0,220.0,73
2024-04-29,SUC-03,PROD-002,Accesorios,118.63,0,147.0,44
2024-05-06,SUC-03,PROD-002,Accesorios,119.57,0,210.0,55
2024-05-13,SUC-03,PROD-002,Accesorios,120.9,0,155.0,57
2024-05-20,SUC-03,PROD-002,Accesorios,119.1,0,98.0,77
2024-05-27,SUC-03,PROD-002,Accesorios,119.9,0,210.0,59
2024-06-03,SUC-03,PROD-002,Accesorios,121.65,0,151.0,57
2024-06-10,SUC-03,PROD-002,Accesorios,103.33,1,94.0,78
2024-06-17,SUC-03,PROD-002,Accesorios,121.33,0,184.0,61
2024-06-24,SUC-03,PROD-002,Accesorios,122.48,0,123.0,51
2024-07-01,SUC-03,PROD-002,Accesorios,116.77,0,72.0,45
2024-07-08,SUC-03,PROD-002,Accesorios,121.75,0,145.0,65
2024-07-15,SUC-03,PROD-002,Accesorios,100.31,1,80.0,50
2024-07-22,SUC-03,PROD-002,Accesorios,99.47,1,30.0,30
2024-07-29,SUC-03,PROD-002,Accesorios,121.22,0,126.0,63
2024-08-05,SUC-03,PROD-002,Accesorios,119.43,0,63.0,48
2024-08-12,SUC-03,PROD-002,Accesorios,118.91,0,15.0,15
2024-08-19,SUC-03,PROD-002,Accesorios,104.6,1,200.0,66
2024-08-26,SUC-03,PROD-002,Accesorios,121.25,0,134.0,37
2024-09-02,SUC-03,PROD-002,Accesorios,119.22,0,97.0,52
2024-09-09,SUC-03,PROD-002,Accesorios,116.86,0,140.0,51
2024-09-16,SUC-03,PROD-002,Accesorios,117.73,0,89.0,43
2024-09-23,SUC-03,PROD-002,Accesorios,118.73,0,46.0,41
2024-09-30,SUC-03,PROD-002,Accesorios,117.37,0,172.0,51
2024-10-07,SUC-03,PROD-002,Accesorios,120.7,0,121.0,49
2024-10-14,SUC-03,PROD-002,Accesorios,119.0,0,72.0,43
2024-10-21,SUC-03,PROD-002,Accesorios,117.89,0,29.0,29
2024-10-28,SUC-03,PROD-002,Accesorios,121.75,0,0.0,0
2024-11-04,SUC-03,PROD-002,Accesorios,117.59,0,0.0,0
2024-11-11,SUC-03,PROD-002,Accesorios,122.23,0,150.0,51
2024-11-18,SUC-03,PROD-002,Accesorios,120.23,0,99.0,39
2024-11-25,SUC-03,PROD-002,Accesorios,119.85,0,60.0,53
2024-12-02,SUC-03,PROD-002,Accesorios,101.34,1,290.0,47
2024-12-09,SUC-03,PROD-002,Accesorios,120.32,0,243.0,69
2024-12-16,SUC-03,PROD-002,Accesorios,120.13,0,174.0,57
2024-12-23,SUC-03,PROD-002,Accesorios,119.82,0,117.0,71
2024-12-30,SUC-03,PROD-002,Accesorios,117.09,0,46.0,46
2025-01-06,SUC-03,PROD-002,Accesorios,115.76,0,0.0,0
2025-01-13,SUC-03,PROD-002,Accesorios,104.01,1,406.0,58
2025-01-20,SUC-03,PROD-002,Accesorios,117.04,0,348.0,84
2025-01-27,SUC-03,PROD-002,Accesorios,116.13,0,264.0,81
2025-02-03,SUC-03,PROD-002,Accesorios,115.95,0,274.0,50
2025-02-10,SUC-03,PROD-002,Accesorios,118.54,0,224.0,103
2025-02-17,SUC-03,PROD-002,Accesorios,119.66,0,121.0,102
2025-02-24,SUC-03,PROD-002,Accesorios,118.01,0,261.0,67
2025-03-03,SUC-03,PROD-002,Accesorios,115.92,0,194.0,109
2025-03-10,SUC-03,PROD-002,Accesorios,119.02,0,85.0,85
2025-03-17,SUC-03,PROD-002,Accesorios,122.35,0,0.0,0
2025-03-24,SUC-03,PROD-002,Accesorios,116.2,0,0.0,0
2025-03-31,SUC-03,PROD-002,Accesorios,117.68,0,0.0,0
2025-04-07,SUC-03,PROD-002,Accesorios,121.85,0,182.0,48
2025-04-14,SUC-03,PROD-002,Accesorios,101.4,1,-5.0,90
2025-04-21,SUC-03,PROD-002,Accesorios,,0,44.0,44
2025-04-28,SUC-03,PROD-002,Accesorios,121.63,0,267.0,87
2025-05-05,SUC-03,PROD-002,Accesorios,120.1,0,180.0,67
2025-05-12,SUC-03,PROD-002,Accesorios,121.4,0,113.0,69
2025-05-19,SUC-03,PROD-002,Accesorios,120.61,0,209.0,63
2025-05-26,SUC-03,PROD-002,Accesorios,116.74,0,146.0,77
2025-06-02,SUC-03,PROD-002,Accesorios,121.23,0,69.0,68
2025-06-09,SUC-03,PROD-002,Accesorios,121.66,0,158.0,55
2025-06-16,SUC-03,PROD-002,Accesorios,117.75,0,103.0,51
2025-06-23,SUC-03,PROD-002,Accesorios,118.76,0,52.0,52
2025-06-30,SUC-03,PROD-002,Accesorios,117.41,0,210.0,57
2025-07-07,SUC-03,PROD-002,Accesorios,116.17,0,153.0,42
2025-07-14,SUC-03,PROD-002,Accesorios,119.2,0,111.0,44
2025-07-21,SUC-03,PROD-002,Accesorios,122.26,0,173.0,39
2025-07-28,SUC-03,PROD-002,Accesorios,120.58,0,134.0,52
2025-08-04,SUC-03,PROD-002,Accesorios,116.15,0,82.0,56
2025-08-11,SUC-03,PROD-002,Accesorios,119.29,0,134.0,36
2025-08-18,SUC-03,PROD-002,Accesorios,117.12,0,98.0,48
2025-08-25,SUC-03,PROD-002,Accesorios,102.82,1,50.0,50
2025-09-01,SUC-03,PROD-002,Accesorios,118.51,0,132.0,47
2025-09-08,SUC-03,PROD-002,Accesorios,99.49,1,85.0,61
2025-09-15,SUC-03,PROD-002,Accesorios,122.23,0,24.0,24
2025-09-22,SUC-03,PROD-002,Accesorios,102.83,1,215.0,60
2025-09-29,SUC-03,PROD-002,Accesorios,120.44,0,155.0,76
2025-10-06,SUC-03,PROD-002,Accesorios,119.39,0,79.0,46
2025-10-13,SUC-03,PROD-002,Accesorios,117.48,0,166.0,36
2025-10-20,SUC-03,PROD-002,Accesorios,118.5,0,130.0,35
2025-10-27,SUC-03,PROD-002,Accesorios,120.44,0,95.0,49
2025-11-03,SUC-03,PROD-002,Accesorios,120.42,0,226.0,50
2025-11-10,SUC-03,PROD-002,Accesorios,120.77,0,176.0,58
2025-11-17,SUC-03,PROD-002,Accesorios,118.57,0,118.0,59
2025-11-24,SUC-03,PROD-002,Accesorios,119.86,0,226.0,68
2025-12-01,SUC-03,PROD-002,Accesorios,102.25,1,158.0,79
2025-12-08,SUC-03,PROD-002,Accesorios,122.32,0,79.0,58
2025-12-15,SUC-03,PROD-002,Accesorios,119.97,0,181.0,72
2025-12-22,SUC-03,PROD-002,Accesorios,105.51,1,109.0,109
2024-01-01,SUC-04,PROD-002,Accesorios,115.68,0,280.0,61
2024-01-08,SUC-04,PROD-002,Accesorios,122.5,0,219.0,78
2024-01-15,SUC-04,PROD-002,Accesorios,122.18,0,141.0,72
2024-01-22,SUC-04,PROD-002,Accesorios,119.23,0,237.0,79
2024-01-29,SUC-04,PROD-002,Accesorios,116.49,0,158.0,83
2024-02-05,SUC-04,PROD-002,Accesorios,120.58,0,75.0,74
2024-02-12,SUC-04,PROD-002,Accesorios,121.35,0,270.0,78
2024-02-19,SUC-04,PROD-002,Accesorios,121.73,0,192.0,78
2024-02-26,SUC-04,PROD-002,Accesorios,119.25,0,114.0,93
2024-03-04,SUC-04,PROD-002,Accesorios,117.1,0,236.0,67
2024-03-11,SUC-04,PROD-002,Accesorios,119.38,0,169.0,89
2024-03-18,SUC-04,PROD-002,Accesorios,119.34,0,80.0,61
2024-03-25,SUC-04,PROD-002,Accesorios,102.42,1,393.0,97
2024-04-01,SUC-04,PROD-002,Accesorios,99.81,1,296.0,117
2024-04-08,SUC-04,PROD-002,Accesorios,116.81,0,179.0,95
2024-04-15,SUC-04,PROD-002,Accesorios,104.75,1,452.0,92
2024-04-22,SUC-04,PROD-002,Accesorios,116.03,0,360.0,67
2024-04-29,SUC-04,PROD-002,Accesorios,116.3,0,293.0,88
2024-05-06,SUC-04,PROD-002,Accesorios,103.64,1,205.0,82
2024-05-13,SUC-04,PROD-002,Accesorios,116.67,0,123.0,68
2024-05-20,SUC-04,PROD-002,Accesorios,116.58,0,55.0,55
2024-05-27,SUC-04,PROD-002,Accesorios,100.61,1,346.0,71
2024-06-03,SUC-04,PROD-002,Accesorios,102.08,1,275.0,67
2024-06-10,SUC-04,PROD-002,Accesorios,116.05,0,208.0,83
fecha-invalida,SUC-04,PROD-002,Accesorios,122.66,0,125.0,62
2024-06-24,SUC-04,PROD-002,Accesorios,117.24,0,63.0,61
2024-07-01,SUC-04,PROD-002,Accesorios,117.97,0,2.0,2
2024-07-08,SUC-04,PROD-002,Accesorios,121.63,0,174.0,79
2024-07-15,SUC-04,PROD-002,Accesorios,100.36,1,95.0,55
2024-07-22,SUC-04,PROD-002,Accesorios,105.08,1,40.0,40
2024-07-29,SUC-04,PROD-002,Accesorios,117.33,0,142.0,68
2024-08-05,SUC-04,PROD-002,Accesorios,117.79,0,74.0,62
2024-08-12,SUC-04,PROD-002,Accesorios,120.2,0,12.0,12
2024-08-19,SUC-04,PROD-002,Accesorios,119.19,0,128.0,63
2024-08-26,SUC-04,PROD-002,Accesorios,117.78,0,65.0,60
2024-09-02,SUC-04,PROD-002,Accesorios,118.7,0,5.0,5
2024-09-09,SUC-04,PROD-002,Accesorios,118.97,0,150.0,48
2024-09-16,SUC-04,PROD-002,Accesorios,122.33,0,102.0,56
2024-09-23,SUC-04,PROD-002,Accesorios,121.46,0,46.0,46
2024-09-30,SUC-04,PROD-002,Accesorios,118.36,0,142.0,42
2024-10-07,SUC-04,PROD-002,Accesorios,116.39,0,100.0,53
2024-10-14,SUC-04,PROD-002,Accesorios,122.04,0,47.0,47
2024-10-21,SUC-04,PROD-002,Accesorios,118.54,0,203.0,61
2024-10-28,SUC-04,PROD-002,Accesorios,116.66,0,142.0,49
2024-11-04,SUC-04,PROD-002,Accesorios,120.75,0,93.0,47
2024-11-11,SUC-04,PROD-002,Accesorios,119.39,0,167.0,51
2024-11-18,SUC-04,PROD-002,Accesorios,121.51,0,116.0,46
2024-11-25,SUC-04,PROD-002,Accesorios,119.76,0,70.0,70
2024-12-02,SUC-04,PROD-002,Accesorios,117.65,0,284.0,72
2024-12-09,SUC-04,PROD-002,Accesorios,103.74,1,212.0,114
2024-12-16,SUC-04,PROD-002,Accesorios,117.84,0,98.0,91
2024-12-23,SUC-04,PROD-002,Accesorios,121.03,0,229.0,82
2024-12-30,SUC-04,PROD-002,Accesorios,122.34,0,147.0,86
2025-01-06,SUC-04,PROD-002,Accesorios,122.66,0,61.0,61
2025-01-13,SUC-04,PROD-002,Accesorios,121.25,0,260.0,81
2025-01-20,SUC-04,PROD-002,Accesorios,119.18,0,179.0,78
2025-01-27,SUC-04,PROD-002,Accesorios,120.61,0,101.0,79
2025-02-03,SUC-04,PROD-002,Accesorios,115.78,0,222.0,84
2025-02-10,SUC-04,PROD-002,Accesorios,118.65,0,138.0,90
2025-02-17,SUC-04,PROD-002,Accesorios,118.67,0,48.0,48
2025-02-24,SUC-04,PROD-002,Accesorios,104.94,1,424.0,125
2025-03-03,SUC-04,PROD-002,Accesorios,121.69,0,299.0,93
2025-03-10,SUC-04,PROD-002,Accesorios,115.68,0,206.0,89
2025-03-17,SUC-04,PROD-002,Accesorios,122.42,0,322.0,76
2025-03-24,SUC-04,PROD-002,Accesorios,119.91,0,246.0,100
2025-03-31,SUC-04,PROD-002,Accesorios,,0,146.0,85
2025-04-07,SUC-04,PROD-002,Accesorios,122.11,0,211.0,94
2025-04-14,SUC-04,PROD-002,Accesorios,116.12,0,117.0,56
2025-04-21,SUC-04,PROD-002,Accesorios,117.54,0,61.0,61
2025-04-28,SUC-04,PROD-002,Accesorios,116.79,0,209.0,106
2025-05-05,SUC-04,PROD-002,Accesorios,120.87,0,103.0,78
2025-05-12,SUC-04,PROD-002,Accesorios,102.12,1,25.0,25
2025-05-19,SUC-04,PROD-002,Accesorios,118.75,0,258.0,94
2025-05-26,SUC-04,PROD-002,Accesorios,105.36,1,164.0,94
2025-06-02,SUC-04,PROD-002,Accesorios,101.42,1,70.0,70
2025-06-09,SUC-04,PROD-002,Accesorios,119.85,0,264.0,71
2025-06-16,SUC-04,PROD-002,Accesorios,103.87,1,193.0,87
2025-06-23,SUC-04,PROD-002,Accesorios,101.73,1,106.0,106
2025-06-30,SUC-04,PROD-002,Accesorios,121.46,0,167.0,55
2025-07-07,SUC-04,PROD-002,Accesorios,115.69,0,112.0,82
2025-07-14,SUC-04,PROD-002,Accesorios,116.61,0,30.0,30
2025-07-21,SUC-04,PROD-002,Accesorios,116.05,0,160.0,63
2025-07-28,SUC-04,PROD-002,Accesorios,121.88,0,97.0,58
2025-08-04,SUC-04,PROD-002,Accesorios,119.2,0,39.0,999999
2025-08-11,SUC-04,PROD-002,Accesorios,120.95,0,128.0,45
2025-08-18,SUC-04,PROD-002,Accesorios,121.66,0,83.0,44
2025-08-25,SUC-04,PROD-002,Accesorios,101.55,1,39.0,39
2025-09-01,SUC-04,PROD-002,Accesorios,116.66,0,180.0,53
2025-09-08,SUC-04,PROD-002,Accesorios,99.77,1,127.0,50
2025-09-15,SUC-04,PROD-002,Accesorios,118.42,0,77.0,44
2025-09-22,SUC-04,PROD-002,Accesorios,120.46,0,162.0,37
2025-09-29,SUC-04,PROD-002,Accesorios,100.14,1,125.0,79
2025-10-06,SUC-04,PROD-002,Accesorios,120.02,0,46.0,46
2025-10-13,SUC-04,PROD-002,Accesorios,121.4,0,217.0,60
2025-10-20,SUC-04,PROD-002,Accesorios,118.38,0,157.0,77
2025-10-27,SUC-04,PROD-002,Accesorios,115.96,0,80.0,53
2025-11-03,SUC-04,PROD-002,Accesorios,103.92,1,27.0,27
2025-11-10,SUC-04,PROD-002,Accesorios,116.02,0,0.0,0
2025-11-17,SUC-04,PROD-002,Accesorios,99.48,1,0.0,0
2025-11-24,SUC-04,PROD-002,Accesorios,116.45,0,274.0,68
2025-12-01,SUC-04,PROD-002,Accesorios,119.25,0,206.0,83
2025-12-08,SUC-04,PROD-002,Accesorios,103.4,1,123.0,81
2025-12-15,SUC-04,PROD-002,Accesorios,122.35,0,223.0,98
2025-12-22,SUC-04,PROD-002,Accesorios,120.25,0,125.0,99
2024-01-01,SUC-05,PROD-002,Accesorios,102.29,1,368.0,77
2024-01-08,SUC-05,PROD-002,Accesorios,102.51,1,291.0,77
2024-01-15,SUC-05,PROD-002,Accesorios,103.81,1,214.0,123
2024-01-22,SUC-05,PROD-002,Accesorios,102.57,1,514.0,112
2024-01-29,SUC-05,PROD-002,Accesorios,117.71,0,402.0,102
2024-02-05,SUC-05,PROD-002,Accesorios,116.98,0,300.0,100
2024-02-12,SUC-05,PROD-002,Accesorios,118.11,0,257.0,84
2024-02-19,SUC-05,PROD-002,Accesorios,121.24,0,173.0,123
2024-02-26,SUC-05,PROD-002,Accesorios,118.89,0,50.0,50
2024-03-04,SUC-05,PROD-002,Accesorios,121.79,0,0.0,0
2024-03-11,SUC-05,PROD-002,Accesorios,116.62,0,0.0,0
2024-03-18,SUC-05,PROD-002,Accesorios,115.64,0,0.0,0
2024-03-25,SUC-05,PROD-002,Accesorios,116.83,0,290.0,77
2024-04-01,SUC-05,PROD-002,Accesorios,116.53,0,213.0,77
2024-04-08,SUC-05,PROD-002,Accesorios,121.99,0,136.0,99
2024-04-15,SUC-05,PROD-002,Accesorios,119.6,0,260.0,112
2024-04-22,SUC-05,PROD-002,Accesorios,101.3,1,148.0,103
2024-04-29,SUC-05,PROD-002,Accesorios,102.18,1,45.0,45
2024-05-06,SUC-05,PROD-002,Accesorios,115.69,0,297.0,85
2024-05-13,SUC-05,PROD-002,Accesorios,117.93,0,212.0,92
2024-05-20,SUC-05,PROD-002,Accesorios,104.43,1,120.0,115
2024-05-27,SUC-05,PROD-002,Accesorios,122.47,0,260.0,92
2024-06-03,SUC-05,PROD-002,Accesorios,117.22,0,168.0,87
2024-06-10,SUC-05,PROD-002,Accesorios,115.83,0,81.0,57
2024-06-17,SUC-05,PROD-002,Accesorios,117.24,0,240.0,83
2024-06-24,SUC-05,PROD-002,Accesorios,117.27,0,157.0,92
2024-07-01,SUC-05,PROD-002,Accesorios,116.34,0,65.0,65
2024-07-08,SUC-05,PROD-002,Accesorios,121.62,0,184.0,46
2024-07-15,SUC-05,PROD-002,Accesorios,119.07,0,138.0,49
2024-07-22,SUC-05,PROD-002,Accesorios,102.16,1,89.0,55
2024-07-29,SUC-05,PROD-002,Accesorios,101.81,1,250.0,65
2024-08-05,SUC-05,PROD-002,Accesorios,119.23,0,185.0,66
2024-08-12,SUC-05,PROD-002,Accesorios,101.21,1,119.0,83
2024-08-19,SUC-05,PROD-002,Accesorios,117.29,0,215.0,77
2024-08-26,SUC-05,PROD-002,Accesorios,119.53,0,138.0,46
2024-09-02,SUC-05,PROD-002,Accesorios,119.48,0,92.0,59
2024-09-09,SUC-05,PROD-002,Accesorios,118.98,0,217.0,56
2024-09-16,SUC-05,PROD-002,Accesorios,101.61,1,161.0,79
2024-09-23,SUC-05,PROD-002,Accesorios,119.07,0,82.0,53
2024-09-30,SUC-05,PROD-002,Accesorios,117.34,0,29.0,29
2024-10-07,SUC-05,PROD-002,Accesorios,115.55,0,0.0,0
2024-10-14,SUC-05,PROD-002,Accesorios,121.04,0,0.0,0
2024-10-21,SUC-05,PROD-002,Accesorios,122.62,0,173.0,54
2024-10-28,SUC-05,PROD-002,Accesorios,120.94,0,119.0,76
2024-11-04,SUC-05,PROD-002,Accesorios,117.71,0,43.0,43
2024-11-11,SUC-05,PROD-002,Accesorios,121.61,0,0.0,0
2024-11-18,SUC-05,PROD-002,Accesorios,116.08,0,0.0,0
2024-11-25,SUC-05,PROD-002,Accesorios,122.55,0,0.0,0
2024-12-02,SUC-05,PROD-002,Accesorios,122.06,0,260.0,77
2024-12-09,SUC-05,PROD-002,Accesorios,116.99,0,183.0,73
2024-12-16,SUC-05,PROD-002,Accesorios,116.84,0,110.0,65
2024-12-23,SUC-05,PROD-002,Accesorios,122.14,0,259.0,49
2024-12-30,SUC-05,PROD-002,Accesorios,117.1,0,210.0,98
2025-01-06,SUC-05,PROD-002,Accesorios,117.71,0,112.0,71
2025-01-13,SUC-05,PROD-002,Accesorios,117.59,0,316.0,87
2025-01-20,SUC-05,PROD-002,Accesorios,122.25,0,229.0,88
2025-01-27,SUC-05,PROD-002,Accesorios,103.19,1,141.0,130
2025-02-03,SUC-05,PROD-002,Accesorios,117.43,0,290.0,107
2025-02-10,SUC-05,PROD-002,Accesorios,115.92,0,183.0,129
2025-02-17,SUC-05,PROD-002,Accesorios,100.72,1,54.0,54
2025-02-24,SUC-05,PROD-002,Accesorios,115.82,0,288.0,117
2025-03-03,SUC-05,PROD-002,Accesorios,118.85,0,171.0,89
2025-03-10,SUC-05,PROD-002,Accesorios,100.13,1,82.0,82
2025-03-17,SUC-05,PROD-002,Accesorios,116.31,0,401.0,130
2025-03-24,SUC-05,PROD-002,Accesorios,116.13,0,271.0,113
2025-03-31,SUC-05,PROD-002,Accesorios,117.97,0,158.0,113
2025-04-07,SUC-05,PROD-002,Accesorios,101.09,1,45.0,45
2025-04-14,SUC-05,PROD-002,Accesorios,99.84,1,0.0,0
2025-04-21,SUC-05,PROD-002,Accesorios,122.67,0,0.0,0
2025-04-28,SUC-05,PROD-002,Accesorios,121.66,0,321.0,106
2025-05-05,SUC-05,PROD-002,Accesorios,118.4,0,215.0,106
2025-05-12,SUC-05,PROD-002,Accesorios,119.29,0,109.0,96
2025-05-19,SUC-05,PROD-002,Accesorios,117.99,0,13.0,13
2025-05-26,SUC-05,PROD-002,Accesorios,116.74,0,0.0,0
2025-06-02,SUC-05,PROD-002,Accesorios,119.59,0,0.0,0
2025-06-09,SUC-05,PROD-002,Accesorios,119.16,0,214.0,76
2025-06-16,SUC-05,PROD-002,Accesorios,116.04,0,138.0,60
2025-06-23,SUC-05,PROD-002,Accesorios,119.87,0,78.0,66
2025-06-30,SUC-05,PROD-002,Accesorios,117.99,0,241.0,36
2025-07-07,SUC-05,PROD-002,Accesorios,100.17,1,205.0,80
2025-07-14,SUC-05,PROD-002,Accesorios,121.11,0,125.0,66
2025-07-21,SUC-05,PROD-002,Accesorios,102.09,1,59.0,50
2025-07-28,SUC-05,PROD-002,Accesorios,119.33,0,9.0,9
2025-08-04,SUC-05,PROD-002,Accesorios,119.43,0,0.0,0
2025-08-11,SUC-05,PROD-002,Accesorios,105.09,1,278.0,72
2025-08-18,SUC-05,PROD-002,Accesorios,117.49,0,206.0,64
2025-08-25,SUC-05,PROD-002,Accesorios,120.61,0,142.0,58
2025-09-01,SUC-05,PROD-002,Accesorios,102.11,1,222.0,72
2025-09-08,SUC-05,PROD-002,Accesorios,120.23,0,150.0,58
2025-09-15,SUC-05,PROD-002,Accesorios,119.72,0,92.0,71
2025-09-22,SUC-05,PROD-002,Accesorios,120.9,0,150.0,60
2025-09-29,SUC-05,PROD-002,Accesorios,122.37,0,90.0,65
2025-10-06,SUC-05,PROD-002,Accesorios,118.97,0,25.0,25
2025-10-13,SUC-05,PROD-002,Accesorios,117.03,0,247.0,55
2025-10-20,SUC-05,PROD-002,Accesorios,119.79,0,192.0,78
2025-10-27,SUC-05,PROD-002,Accesorios,120.41,0,114.0,65
2025-11-03,SUC-05,PROD-002,Accesorios,115.65,0,254.0,84
2025-11-10,SUC-05,PROD-002,Accesorios,117.5,0,170.0,82
2025-11-17,SUC-05,PROD-002,Accesorios,118.41,0,88.0,63
2025-11-24,SUC-05,PROD-002,Accesorios,122.04,0,298.0,92
2025-12-01,SUC-05,PROD-002,Accesorios,121.45,0,206.0,149
2025-12-08,SUC-05,PROD-002,Accesorios,100.32,1,57.0,57
2025-12-15,SUC-05,PROD-002,Accesorios,118.61,0,322.0,89
2025-12-22,SUC-05,PROD-002,Accesorios,104.13,1,233.0,163
2024-01-01,SUC-01,PROD-003,Decoración,151.1,0,173.0,44
2024-01-08,SUC-01,PROD-003,Decoración,149.36,0,129.0,50
2024-01-15,SUC-01,PROD-003,Decoración,128.62,1,79.0,35
2024-01-22,SUC-01,PROD-003,Decoración,150.83,0,176.0,43
2024-01-29,SUC-01,PROD-003,Decoración,148.91,0,133.0,49
2024-02-05,SUC-01,PROD-003,Decoración,148.25,0,84.0,69
2024-02-12,SUC-01,PROD-003,Decoración,154.71,0,159.0,62
2024-02-19,SUC-01,PROD-003,Decoración,148.94,0,97.0,48
2024-02-26,SUC-01,PROD-003,Decoración,153.18,0,49.0,43
2024-03-04,SUC-01,PROD-003,Decoración,154.97,0,134.0,46
2024-03-11,SUC-01,PROD-003,Decoración,153.35,0,88.0,37
2024-03-18,SUC-01,PROD-003,Decoración,131.66,1,51.0,35
2024-03-25,SUC-01,PROD-003,Decoración,150.41,0,171.0,61
2024-04-01,SUC-01,PROD-003,Decoración,155.26,0,110.0,45
2024-04-08,SUC-01,PROD-003,Decoración,128.48,1,65.0,54
2024-04-15,SUC-01,PROD-003,Decoración,148.86,0,158.0,64
2024-04-22,SUC-01,PROD-003,Decoración,154.05,0,94.0,45
2024-04-29,SUC-01,PROD-003,Decoración,129.17,1,49.0,49
2024-05-06,SUC-01,PROD-003,Decoración,154.69,0,124.0,41
2024-05-13,SUC-01,PROD-003,Decoración,152.3,0,83.0,38
2024-05-20,SUC-01,PROD-003,Decoración,148.96,0,45.0,30
2024-05-27,SUC-01,PROD-003,Decoración,148.96,0,105.0,26
2024-06-03,SUC-01,PROD-003,Decoración,148.34,0,79.0,36
2024-06-10,SUC-01,PROD-003,Decoración,149.03,0,43.0,33
2024-06-17,SUC-01,PROD-003,Decoración,147.18,0,10.0,10
2024-06-24,SUC-01,PROD-003,Decoración,154.82,0,0.0,0
2024-07-01,SUC-01,PROD-003,Decoración,148.79,0,0.0,0
2024-07-08,SUC-01,PROD-003,Decoración,148.93,0,90.0,33
2024-07-15,SUC-01,PROD-003,Decoración,148.62,0,57.0,28
2024-07-22,SUC-01,PROD-003,Decoración,133.01,1,29.0,29
2024-07-29,SUC-01,PROD-003,Decoración,148.92,0,104.0,30
2024-08-05,SUC-01,PROD-003,Decoración,152.92,0,74.0,32
2024-08-12,SUC-01,PROD-003,Decoración,129.76,1,42.0,33
2024-08-19,SUC-01,PROD-003,Decoración,150.55,0,113.0,40
2024-08-26,SUC-01,PROD-003,Decoración,149.54,0,73.0,32
2024-09-02,SUC-01,PROD-003,Decoración,150.87,0,41.0,30
2024-09-09,SUC-01,PROD-003,Decoración,152.61,0,99.0,33
2024-09-16,SUC-01,PROD-003,Decoración,147.12,0,66.0,32
2024-09-23,SUC-01,PROD-003,Decoración,130.43,1,34.0,30
2024-09-30,SUC-01,PROD-003,Decoración,148.62,0,101.0,38
2024-10-07,SUC-01,PROD-003,Decoración,150.51,0,63.0,29
2024-10-14,SUC-01,PROD-003,Decoración,154.44,0,34.0,34
2024-10-21,SUC-01,PROD-003,Decoración,150.72,0,120.0,32
2024-10-28,SUC-01,PROD-003,Decoración,151.89,0,88.0,27
2024-11-04,SUC-01,PROD-003,Decoración,127.59,1,61.0,43
2024-11-11,SUC-01,PROD-003,Decoración,151.55,0,148.0,62
2024-11-18,SUC-01,PROD-003,Decoración,150.02,0,86.0,39
2024-11-25,SUC-01,PROD-003,Decoración,148.92,0,47.0,47
2024-12-02,SUC-01,PROD-003,Decoración,153.41,0,121.0,39
2024-12-09,SUC-01,PROD-003,Decoración,150.65,0,82.0,48
2024-12-16,SUC-01,PROD-003,Decoración,149.53,0,34.0,34
2024-12-23,SUC-01,PROD-003,Decoración,150.2,0,179.0,24
2024-12-30,SUC-01,PROD-003,Decoración,154.72,0,155.0,42
2025-01-06,SUC-01,PROD-003,Decoración,131.13,1,113.0,84
2025-01-13,SUC-01,PROD-003,Decoración,128.58,1,265.0,69
2025-01-20,SUC-01,PROD-003,Decoración,155.4,0,196.0,53
2025-01-27,SUC-01,PROD-003,Decoración,153.86,0,143.0,62
2025-02-03,SUC-01,PROD-003,Decoración,149.68,0,129.0,50
2025-02-10,SUC-01,PROD-003,Decoración,148.84,0,79.0,55
2025-02-17,SUC-01,PROD-003,Decoración,148.48,0,24.0,24
2025-02-24,SUC-01,PROD-003,Decoración,151.44,0,189.0,53
2025-03-03,SUC-01,PROD-003,Decoración,152.01,0,136.0,42
2025-03-10,SUC-01,PROD-003,Decoración,154.48,0,94.0,44
2025-03-17,SUC-01,PROD-003,Decoración,149.41,0,130.0,53
2025-03-24,SUC-01,PROD-003,Decoración,126.36,1,77.0,66
2025-03-31,SUC-01,PROD-003,Decoración,149.63,0,11.0,11
2025-04-07,SUC-01,PROD-003,Decoración,129.57,1,229.0,58
2025-04-14,SUC-01,PROD-003,Decoración,128.92,1,171.0,45
2025-04-21,SUC-01,PROD-003,Decoración,147.32,0,126.0,50
2025-04-28,SUC-01,PROD-003,Decoración,146.93,0,120.0,44
2025-05-05,SUC-01,PROD-003,Decoración,131.59,1,76.0,55
2025-05-12,SUC-01,PROD-003,Decoración,130.47,1,21.0,21
2025-05-19,SUC-01,PROD-003,Decoración,153.09,0,138.0,50
2025-05-26,SUC-01,PROD-003,Decoración,150.02,0,88.0,39
2025-06-02,SUC-01,PROD-003,Decoración,148.46,0,49.0,32
2025-06-09,SUC-01,PROD-003,Decoración,126.48,1,17.0,17
2025-06-16,SUC-01,PROD-003,Decoración,129.85,1,0.0,0
2025-06-23,SUC-01,PROD-003,Decoración,150.57,0,0.0,0
2025-06-30,SUC-01,PROD-003,Decoración,128.62,1,113.0,47
2025-07-07,SUC-01,PROD-003,Decoración,130.08,1,66.0,47
2025-07-14,SUC-01,PROD-003,Decoración,127.84,1,19.0,19
2025-07-21,SUC-01,PROD-003,Decoración,150.58,0,79.0,34
2025-07-28,SUC-01,PROD-003,Decoración,129.75,1,45.0,43
2025-08-04,SUC-01,PROD-003,Decoración,149.67,0,2.0,2
2025-08-11,SUC-01,PROD-003,Decoración,151.52,0,95.0,29
2025-08-18,SUC-01,PROD-003,Decoración,128.34,1,66.0,29
2025-08-25,SUC-01,PROD-003,Decoración,152.36,0,37.0,31
2025-09-01,SUC-01,PROD-003,Decoración,152.81,0,96.0,29
2025-09-08,SUC-01,PROD-003,Decoración,128.89,1,67.0,24
2025-09-15,SUC-01,PROD-003,Decoración,155.58,0,43.0,36
2025-09-22,SUC-01,PROD-003,Decoración,150.36,0,96.0,35
2025-09-29,SUC-01,PROD-003,Decoración,155.59,0,61.0,31
2025-10-06,SUC-01,PROD-003,Decoración,148.71,0,30.0,30
2025-10-13,SUC-01,PROD-003,Decoración,149.68,0,151.0,23
2025-10-20,SUC-01,PROD-003,Decoración,153.82,0,128.0,34
2025-10-27,SUC-01,PROD-003,Decoración,149.28,0,94.0,54
2025-11-03,SUC-01,PROD-003,Decoración,153.49,0,173.0,34
2025-11-10,SUC-01,PROD-003,Decoración,148.56,0,139.0,43
2025-11-17,SUC-01,PROD-003,Decoración,150.05,0,96.0,43
2025-11-24,SUC-01,PROD-003,Decoración,147.26,0,121.0,46
2025-12-01,SUC-01,PROD-003,Decoración,154.74,0,75.0,39
2025-12-08,SUC-01,PROD-003,Decoración,131.03,1,36.0,36
2025-12-15,SUC-01,PROD-003,Decoración,153.85,0,146.0,38
2025-12-22,SUC-01,PROD-003,Decoración,153.21,0,108.0,45
2024-01-01,SUC-02,PROD-003,Decoración,149.98,0,192.0,46
2024-01-08,SUC-02,PROD-003,Decoración,131.98,1,146.0,93
2024-01-15,SUC-02,PROD-003,Decoración,155.19,0,53.0,53
2024-01-22,SUC-02,PROD-003,Decoración,155.11,0,196.0,75
2024-01-29,SUC-02,PROD-003,Decoración,152.75,0,121.0,54
2024-02-05,SUC-02,PROD-003,Decoración,154.93,0,67.0,67
2024-02-12,SUC-02,PROD-003,Decoración,154.42,0,158.0,74
2024-02-19,SUC-02,PROD-003,Decoración,152.8,0,84.0,52
2024-02-26,SUC-02,PROD-003,Decoración,148.86,0,32.0,32
2024-03-04,SUC-02,PROD-003,Decoración,154.01,0,156.0,47
2024-03-11,SUC-02,PROD-003,Decoración,151.03,0,109.0,65
2024-03-18,SUC-02,PROD-003,Decoración,155.78,0,44.0,38
2024-03-25,SUC-02,PROD-003,Decoración,149.73,0,6.0,6
2024-04-01,SUC-02,PROD-003,Decoración,148.72,0,0.0,0
2024-04-08,SUC-02,PROD-003,Decoración,153.52,0,0.0,0
2024-04-15,SUC-02,PROD-003,Decoración,154.33,0,141.0,55
2024-04-22,SUC-02,PROD-003,Decoración,151.15,0,86.0,55
2024-04-29,SUC-02,PROD-003,Decoración,129.09,1,31.0,31
2024-05-06,SUC-02,PROD-003,Decoración,146.95,0,181.0,59
2024-05-13,SUC-02,PROD-003,Decoración,152.35,0,122.0,61
2024-05-20,SUC-02,PROD-003,Decoración,150.77,0,61.0,57
2024-05-27,SUC-02,PROD-003,Decoración,148.75,0,161.0,48
2024-06-03,SUC-02,PROD-003,Decoración,153.61,0,113.0,29
2024-06-10,SUC-02,PROD-003,Decoración,150.09,0,84.0,36
2024-06-17,SUC-02,PROD-003,Decoración,130.82,1,187.0,66
2024-06-24,SUC-02,PROD-003,Decoración,131.38,1,121.0,52
2024-07-01,SUC-02,PROD-003,Decoración,147.9,0,69.0,49
2024-07-08,SUC-02,PROD-003,Decoración,132.66,1,138.0,49
2024-07-15,SUC-02,PROD-003,Decoración,147.46,0,89.0,35
2024-07-22,SUC-02,PROD-003,Decoración,148.06,0,54.0,36
2024-07-29,SUC-02,PROD-003,Decoración,155.97,0,109.0,64
2024-08-05,SUC-02,PROD-003,Decoración,155.18,0,45.0,36
2024-08-12,SUC-02,PROD-003,Decoración,153.67,0,9.0,9
2024-08-19,SUC-02,PROD-003,Decoración,149.83,0,113.0,49
2024-08-26,SUC-02,PROD-003,Decoración,128.32,1,64.0,38
2024-09-02,SUC-02,PROD-003,Decoración,131.22,1,26.0,26
2024-09-09,SUC-02,PROD-003,Decoración,152.27,0,123.0,41
2024-09-16,SUC-02,PROD-003,Decoración,133.99,1,82.0,48
2024-09-23,SUC-02,PROD-003,Decoración,130.78,1,34.0,34
2024-09-30,SUC-02,PROD-003,Decoración,153.01,0,126.0,53
2024-10-07,SUC-02,PROD-003,Decoración,154.26,0,73.0,34
2024-10-14,SUC-02,PROD-003,Decoración,150.04,0,39.0,37
2024-10-21,SUC-02,PROD-003,Decoración,152.41,0,169.0,63
2024-10-28,SUC-02,PROD-003,Decoración,152.34,0,106.0,45
2024-11-04,SUC-02,PROD-003,Decoración,152.54,0,61.0,56
2024-11-11,SUC-02,PROD-003,Decoración,147.48,0,221.0,62
2024-11-18,SUC-02,PROD-003,Decoración,149.92,0,159.0,47
2024-11-25,SUC-02,PROD-003,Decoración,150.2,0,112.0,39
2024-12-02,SUC-02,PROD-003,Decoración,149.14,0,235.0,46
2024-12-09,SUC-02,PROD-003,Decoración,126.47,1,189.0,69
2024-12-16,SUC-02,PROD-003,Decoración,148.06,0,120.0,79
2024-12-23,SUC-02,PROD-003,Decoración,153.73,0,225.0,78
2024-12-30,SUC-02,PROD-003,Decoración,155.53,0,147.0,54
2025-01-06,SUC-02,PROD-003,Decoración,152.47,0,93.0,69
2025-01-13,SUC-02,PROD-003,Decoración,146.98,0,203.0,50
2025-01-20,SUC-02,PROD-003,Decoración,151.21,0,153.0,66
2025-01-27,SUC-02,PROD-003,Decoración,155.16,0,87.0,67
2025-02-03,SUC-02,PROD-003,Decoración,131.0,1,20.0,20
2025-02-10,SUC-02,PROD-003,Decoración,149.5,0,0.0,0
2025-02-17,SUC-02,PROD-003,Decoración,150.89,0,0.0,0
2025-02-24,SUC-02,PROD-003,Decoración,129.79,1,219.0,62
2025-03-03,SUC-02,PROD-003,Decoración,153.57,0,157.0,71
2025-03-10,SUC-02,PROD-003,Decoración,150.72,0,86.0,55
2025-03-17,SUC-02,PROD-003,Decoración,127.21,1,214.0,60
2025-03-24,SUC-02,PROD-003,Decoración,150.45,0,154.0,68
2025-03-31,SUC-02,PROD-003,Decoración,152.55,0,86.0,71
2025-04-07,SUC-02,PROD-003,Decoración,129.72,1,262.0,60
2025-04-14,SUC-02,PROD-003,Decoración,149.52,0,202.0,65
2025-04-21,SUC-02,PROD-003,Decoración,148.1,0,137.0,42
2025-04-28,SUC-02,PROD-003,Decoración,130.46,1,197.0,59
2025-05-05,SUC-02,PROD-003,Decoración,152.86,0,138.0,44
2025-05-12,SUC-02,PROD-003,Decoración,150.18,0,94.0,39
2025-05-19,SUC-02,PROD-003,Decoración,148.39,0,166.0,37
2025-05-26,SUC-02,PROD-003,Decoración,148.47,0,129.0,36
2025-06-02,SUC-02,PROD-003,Decoración,126.87,1,93.0,42
2025-06-09,SUC-02,PROD-003,Decoración,151.85,0,141.0,48
2025-06-16,SUC-02,PROD-003,Decoración,148.02,0,93.0,44
2025-06-23,SUC-02,PROD-003,Decoración,132.76,1,49.0,49
2025-06-30,SUC-02,PROD-003,Decoración,151.77,0,91.0,47
2025-07-07,SUC-02,PROD-003,Decoración,153.91,0,44.0,41
2025-07-14,SUC-02,PROD-003,Decoración,147.84,0,3.0,3
2025-07-21,SUC-02,PROD-003,Decoración,147.79,0,0.0,0
2025-07-28,SUC-02,PROD-003,Decoración,133.27,1,0.0,0
2025-08-04,SUC-02,PROD-003,Decoración,149.82,0,0.0,0
2025-08-11,SUC-02,PROD-003,Decoración,154.95,0,144.0,33
2025-08-18,SUC-02,PROD-003,Decoración,152.96,0,111.0,39
2025-08-25,SUC-02,PROD-003,Decoración,152.71,0,72.0,37
2025-09-01,SUC-02,PROD-003,Decoración,147.51,0,161.0,32
2025-09-08,SUC-02,PROD-003,Decoración,129.32,1,129.0,44
2025-09-15,SUC-02,PROD-003,Decoración,131.09,1,85.0,53
2025-09-22,SUC-02,PROD-003,Decoración,147.38,0,175.0,57
2025-09-29,SUC-02,PROD-003,Decoración,150.65,0,118.0,61
2025-10-06,SUC-02,PROD-003,Decoración,153.67,0,57.0,53
2025-10-13,SUC-02,PROD-003,Decoración,151.68,0,159.0,55
2025-10-20,SUC-02,PROD-003,Decoración,147.69,0,104.0,62
2025-10-27,SUC-02,PROD-003,Decoración,154.76,0,42.0,40
2025-11-03,SUC-02,PROD-003,Decoración,154.29,0,186.0,35
2025-11-10,SUC-02,PROD-003,Decoración,127.22,1,151.0,56
2025-11-17,SUC-02,PROD-003,Decoración,155.14,0,95.0,60
2025-11-24,SUC-02,PROD-003,Decoración,152.39,0,206.0,55
2025-12-01,SUC-02,PROD-003,Decoración,154.44,0,151.0,60
2025-12-08,SUC-02,PROD-003,Decoración,147.57,0,91.0,52
2025-12-15,SUC-02,PROD-003,Decoración,154.11,0,185.0,66
2025-12-22,SUC-02,PROD-003,Decoración,154.58,0,119.0,39
2024-01-01,SUC-03,PROD-003,Decoración,148.33,0,294.0,54
2024-01-08,SUC-03,PROD-003,Decoración,149.6,0,240.0,100
2024-01-15,SUC-03,PROD-003,Decoración,147.77,0,140.0,47
2024-01-22,SUC-03,PROD-003,Decoración,148.7,0,267.0,75
2024-01-29,SUC-03,PROD-003,Decoración,154.97,0,192.0,64
2024-02-05,SUC-03,PROD-003,Decoración,132.46,1,128.0,128
2024-02-12,SUC-03,PROD-003,Decoración,128.29,1,373.0,88
2024-02-19,SUC-03,PROD-003,Decoración,149.19,0,285.0,130
2024-02-26,SUC-03,PROD-003,Decoración,153.57,0,155.0,74
2024-03-04,SUC-03,PROD-003,Decoración,153.39,0,211.0,77
2024-03-11,SUC-03,PROD-003,Decoración,127.54,1,134.0,100
2024-03-18,SUC-03,PROD-003,Decoración,148.5,0,34.0,34
2024-03-25,SUC-03,PROD-003,Decoración,148.92,0,172.0,85
2024-04-01,SUC-03,PROD-003,Decoración,148.33,0,87.0,74
2024-04-08,SUC-03,PROD-003,Decoración,152.24,0,13.0,13
2024-04-15,SUC-03,PROD-003,Decoración,132.4,1,227.0,21
2024-04-22,SUC-03,PROD-003,Decoración,147.14,0,206.0,70
2024-04-29,SUC-03,PROD-003,Decoración,154.9,0,136.0,65
2024-05-06,SUC-03,PROD-003,Decoración,148.11,0,163.0,71
2024-05-13,SUC-03,PROD-003,Decoración,152.3,0,92.0,51
2024-05-20,SUC-03,PROD-003,Decoración,149.55,0,41.0,41
2024-05-27,SUC-03,PROD-003,Decoración,149.64,0,191.0,44
2024-06-03,SUC-03,PROD-003,Decoración,147.31,0,147.0,60
2024-06-10,SUC-03,PROD-003,Decoración,149.16,0,87.0,46
2024-06-17,SUC-03,PROD-003,Decoración,150.47,0,,43
2024-06-24,SUC-03,PROD-003,Decoración,132.7,1,115.0,42
2024-07-01,SUC-03,PROD-003,Decoración,131.54,1,73.0,73
2024-07-08,SUC-03,PROD-003,Decoración,151.03,0,153.0,57
2024-07-15,SUC-03,PROD-003,Decoración,147.58,0,96.0,45
2024-07-22,SUC-03,PROD-003,Decoración,127.54,1,51.0,32
2024-07-29,SUC-03,PROD-003,Decoración,149.08,0,165.0,46
2024-08-05,SUC-03,PROD-003,Decoración,147.32,0,119.0,45
2024-08-12,SUC-03,PROD-003,Decoración,148.9,0,74.0,45
2024-08-19,SUC-03,PROD-003,Decoración,131.53,1,198.0,53
2024-08-26,SUC-03,PROD-003,Decoración,150.22,0,145.0,55
2024-09-02,SUC-03,PROD-003,Decoración,151.28,0,90.0,54
2024-09-09,SUC-03,PROD-003,Decoración,155.14,0,184.0,54
2024-09-16,SUC-03,PROD-003,Decoración,154.33,0,130.0,39
2024-09-23,SUC-03,PROD-003,Decoración,148.31,0,91.0,44
2024-09-30,SUC-03,PROD-003,Decoración,154.65,0,193.0,55
2024-10-07,SUC-03,PROD-003,Decoración,131.22,1,138.0,44
2024-10-14,SUC-03,PROD-003,Decoración,132.76,1,94.0,89
2024-10-21,SUC-03,PROD-003,Decoración,155.01,0,231.0,65
2024-10-28,SUC-03,PROD-003,Decoración,127.24,1,166.0,90
2024-11-04,SUC-03,PROD-003,Decoración,151.04,0,76.0,76
2024-11-11,SUC-03,PROD-003,Decoración,155.18,0,207.0,74
2024-11-18,SUC-03,PROD-003,Decoración,132.42,1,133.0,76
2024-11-25,SUC-03,PROD-003,Decoración,128.41,1,57.0,57
2024-12-02,SUC-03,PROD-003,Decoración,154.61,0,0.0,0
2024-12-09,SUC-03,PROD-003,Decoración,130.79,1,0.0,0
2024-12-16,SUC-03,PROD-003,Decoración,150.56,0,0.0,0
2024-12-23,SUC-03,PROD-003,Decoración,154.8,0,195.0,62
2024-12-30,SUC-03,PROD-003,Decoración,147.35,0,133.0,79
2025-01-06,SUC-03,PROD-003,Decoración,151.65,0,54.0,54
2025-01-13,SUC-03,PROD-003,Decoración,133.02,1,282.0,102
2025-01-20,SUC-03,PROD-003,Decoración,132.58,1,180.0,42
2025-01-27,SUC-03,PROD-003,Decoración,153.52,0,138.0,74
2025-02-03,SUC-03,PROD-003,Decoración,152.41,0,64.0,64
2025-02-10,SUC-03,PROD-003,Decoración,152.69,0,0.0,0
2025-02-17,SUC-03,PROD-003,Decoración,-10.0,0,0.0,0
2025-02-24,SUC-03,PROD-003,Decoración,155.8,0,182.0,71
2025-03-03,SUC-03,PROD-003,Decoración,149.27,0,111.0,90
2025-03-10,SUC-03,PROD-003,Decoración,150.41,0,21.0,21
2025-03-17,SUC-03,PROD-003,Decoración,126.76,1,257.0,71
2025-03-24,SUC-03,PROD-003,Decoración,149.12,0,186.0,74
2025-03-31,SUC-03,PROD-003,Decoración,128.57,1,112.0,79
2025-04-07,SUC-03,PROD-003,Decoración,149.88,0,171.0,50
2025-04-14,SUC-03,PROD-003,Decoración,148.61,0,121.0,70
2025-04-21,SUC-03,PROD-003,Decoración,152.45,0,51.0,51
2025-04-28,SUC-03,PROD-003,Decoración,155.24,0,166.0,30
2025-05-05,SUC-03,PROD-003,Decoración,150.73,0,136.0,41
2025-05-12,SUC-03,PROD-003,Decoración,126.36,1,95.0,52
2025-05-19,SUC-03,PROD-003,Decoración,149.99,0,174.0,67
2025-05-26,SUC-03,PROD-003,Decoración,150.03,0,107.0,59
2025-06-02,SUC-03,PROD-003,Decoración,150.46,0,48.0,45
2025-06-09,SUC-03,PROD-003,Decoración,153.31,0,113.0,61
2025-06-16,SUC-03,PROD-003,Decoración,154.27,0,52.0,50
2025-06-23,SUC-03,PROD-003,Decoración,153.43,0,2.0,2
2025-06-30,SUC-03,PROD-003,Decoración,154.52,0,106.0,42
2025-07-07,SUC-03,PROD-003,Decoración,154.05,0,64.0,39
2025-07-14,SUC-03,PROD-003,Decoración,151.49,0,25.0,25
2025-07-21,SUC-03,PROD-003,Decoración,150.49,0,105.0,49
2025-07-28,SUC-03,PROD-003,Decoración,150.36,0,56.0,45
2025-08-04,SUC-03,PROD-003,Decoración,130.5,1,11.0,11
2025-08-11,SUC-03,PROD-003,Decoración,150.93,0,142.0,36
2025-08-18,SUC-03,PROD-003,Decoración,130.12,1,106.0,43
2025-08-25,SUC-03,PROD-003,Decoración,155.14,0,63.0,32
2025-09-01,SUC-03,PROD-003,Decoración,150.09,0,179.0,36
2025-09-08,SUC-03,PROD-003,Decoración,152.71,0,143.0,36
2025-09-15,SUC-03,PROD-003,Decoración,148.41,0,107.0,56
2025-09-22,SUC-03,PROD-003,Decoración,152.49,0,160.0,48
2025-09-29,SUC-03,PROD-003,Decoración,155.19,0,112.0,51
2025-10-06,SUC-03,PROD-003,Decoración,130.1,1,61.0,50
2025-10-13,SUC-03,PROD-003,Decoración,126.75,1,217.0,59
2025-10-20,SUC-03,PROD-003,Decoración,147.23,0,158.0,60
2025-10-27,SUC-03,PROD-003,Decoración,152.29,0,98.0,59
fecha-invalida,SUC-03,PROD-003,Decoración,148.8,0,39.0,39
2025-11-10,SUC-03,PROD-003,Decoración,149.33,0,0.0,0
2025-11-17,SUC-03,PROD-003,Decoración,151.99,0,0.0,0
2025-11-24,SUC-03,PROD-003,Decoración,154.99,0,271.0,80
2025-12-01,SUC-03,PROD-003,Decoración,132.55,1,191.0,69
2025-12-08,SUC-03,PROD-003,Decoración,155.66,0,122.0,88
2025-12-15,SUC-03,PROD-003,Decoración,148.36,0,278.0,62
2025-12-22,SUC-03,PROD-003,Decoración,153.34,0,216.0,66
2024-01-01,SUC-04,PROD-003,Decoración,148.28,0,328.0,66
2024-01-08,SUC-04,PROD-003,Decoración,152.35,0,262.0,39
2024-01-15,SUC-04,PROD-003,Decoración,147.89,0,223.0,54
2024-01-22,SUC-04,PROD-003,Decoración,152.15,0,362.0,89
2024-01-29,SUC-04,PROD-003,Decoración,151.16,0,273.0,69
2024-02-05,SUC-04,PROD-003,Decoración,149.95,0,204.0,81
2024-02-12,SUC-04,PROD-003,Decoración,155.12,0,304.0,87
2024-02-19,SUC-04,PROD-003,Decoración,153.5,0,217.0,82
2024-02-26,SUC-04,PROD-003,Decoración,150.83,0,135.0,93
2024-03-04,SUC-04,PROD-003,Decoración,155.46,0,290.0,85
2024-03-11,SUC-04,PROD-003,Decoración,148.07,0,205.0,58
2024-03-18,SUC-04,PROD-003,Decoración,148.76,0,147.0,72
2024-03-25,SUC-04,PROD-003,Decoración,147.36,0,222.0,97
2024-04-01,SUC-04,PROD-003,Decoración,154.85,0,125.0,68
2024-04-08,SUC-04,PROD-003,Decoración,154.82,0,57.0,57
2024-04-15,SUC-04,PROD-003,Decoración,133.18,1,286.0,79
2024-04-22,SUC-04,PROD-003,Decoración,131.22,1,207.0,105
2024-04-29,SUC-04,PROD-003,Decoración,153.79,0,102.0,77
2024-05-06,SUC-04,PROD-003,Decoración,154.29,0,25.0,25
2024-05-13,SUC-04,PROD-003,Decoración,148.66,0,0.0,0
2024-05-20,SUC-04,PROD-003,Decoración,152.79,0,0.0,0
2024-05-27,SUC-04,PROD-003,Decoración,150.84,0,185.0,71
2024-06-03,SUC-04,PROD-003,Decoración,154.87,0,114.0,47
2024-06-10,SUC-04,PROD-003,Decoración,152.98,0,67.0,53
2024-06-17,SUC-04,PROD-003,Decoración,127.22,1,247.0,70
2024-06-24,SUC-04,PROD-003,Decoración,147.88,0,-5.0,64
2024-07-01,SUC-04,PROD-003,Decoración,151.5,0,113.0,62
2024-07-08,SUC-04,PROD-003,Decoración,151.39,0,142.0,58
2024-07-15,SUC-04,PROD-003,Decoración,131.72,1,84.0,76
2024-07-22,SUC-04,PROD-003,Decoración,149.58,0,8.0,8
2024-07-29,SUC-04,PROD-003,Decoración,152.96,0,164.0,43
2024-08-05,SUC-04,PROD-003,Decoración,148.94,0,121.0,66
2024-08-12,SUC-04,PROD-003,Decoración,151.94,0,55.0,55
2024-08-19,SUC-04,PROD-003,Decoración,155.56,0,211.0,34
2024-08-26,SUC-04,PROD-003,Decoración,147.94,0,177.0,999999
2024-09-02,SUC-04,PROD-003,Decoración,150.05,0,125.0,52
2024-09-09,SUC-04,PROD-003,Decoración,153.57,0,199.0,40
2024-09-16,SUC-04,PROD-003,Decoración,134.07,1,159.0,63
2024-09-23,SUC-04,PROD-003,Decoración,148.35,0,96.0,79
2024-09-30,SUC-04,PROD-003,Decoración,151.18,0,188.0,44
2024-10-07,SUC-04,PROD-003,Decoración,154.87,0,144.0,60
2024-10-14,SUC-04,PROD-003,Decoración,147.32,0,84.0,52
2024-10-21,SUC-04,PROD-003,Decoración,148.24,0,228.0,74
2024-10-28,SUC-04,PROD-003,Decoración,152.81,0,154.0,87
2024-11-04,SUC-04,PROD-003,Decoración,150.97,0,67.0,67
2024-11-11,SUC-04,PROD-003,Decoración,155.97,0,193.0,75
2024-11-18,SUC-04,PROD-003,Decoración,155.91,0,118.0,59
2024-11-25,SUC-04,PROD-003,Decoración,148.45,0,59.0,59
2024-12-02,SUC-04,PROD-003,Decoración,153.64,0,268.0,79
2024-12-09,SUC-04,PROD-003,Decoración,154.58,0,189.0,65
2024-12-16,SUC-04,PROD-003,Decoración,149.44,0,124.0,111
2024-12-23,SUC-04,PROD-003,Decoración,147.61,0,235.0,89
2024-12-30,SUC-04,PROD-003,Decoración,148.98,0,146.0,80
2025-01-06,SUC-04,PROD-003,Decoración,133.71,1,66.0,66
2025-01-13,SUC-04,PROD-003,Decoración,151.45,0,291.0,72
2025-01-20,SUC-04,PROD-003,Decoración,152.4,0,219.0,80
2025-01-27,SUC-04,PROD-003,Decoración,153.78,0,139.0,72
2025-02-03,SUC-04,PROD-003,Decoración,152.36,0,247.0,107
2025-02-10,SUC-04,PROD-003,Decoración,133.88,1,140.0,42
2025-02-17,SUC-04,PROD-003,Decoración,153.19,0,98.0,98
2025-02-24,SUC-04,PROD-003,Decoración,150.06,0,0.0,0
2025-03-03,SUC-04,PROD-003,Decoración,147.05,0,0.0,0
2025-03-10,SUC-04,PROD-003,Decoración,132.05,1,0.0,0
2025-03-17,SUC-04,PROD-003,Decoración,147.88,0,261.0,91
2025-03-24,SUC-04,PROD-003,Decoración,134.03,1,170.0,96
2025-03-31,SUC-04,PROD-003,Decoración,149.12,0,74.0,74
2025-04-07,SUC-04,PROD-003,Decoración,146.92,0,257.0,72
2025-04-14,SUC-04,PROD-003,Decoración,148.72,0,185.0,87
2025-04-21,SUC-04,PROD-003,Decoración,133.21,1,98.0,62
2025-04-28,SUC-04,PROD-003,Decoración,148.0,0,163.0,92
2025-05-05,SUC-04,PROD-003,Decoración,148.77,0,71.0,60
2025-05-12,SUC-04,PROD-003,Decoración,126.89,1,11.0,11
2025-05-19,SUC-04,PROD-003,Decoración,152.9,0,191.0,86
2025-05-26,SUC-04,PROD-003,Decoración,152.34,0,105.0,55
2025-06-02,SUC-04,PROD-003,Decoración,149.91,0,50.0,50
2025-06-09,SUC-04,PROD-003,Decoración,149.21,0,147.0,64
2025-06-16,SUC-04,PROD-003,Decoración,150.23,0,83.0,61
2025-06-23,SUC-04,PROD-003,Decoración,153.1,0,22.0,22
2025-06-30,SUC-04,PROD-003,Decoración,147.22,0,173.0,44
2025-07-07,SUC-04,PROD-003,Decoración,148.92,0,129.0,42
2025-07-14,SUC-04,PROD-003,Decoración,151.96,0,87.0,55
2025-07-21,SUC-04,PROD-003,Decoración,133.3,1,211.0,70
2025-07-28,SUC-04,PROD-003,Decoración,131.97,1,141.0,57
2025-08-04,SUC-04,PROD-003,Decoración,155.79,0,84.0,67
2025-08-11,SUC-04,PROD-003,Decoración,148.41,0,137.0,50
2025-08-18,SUC-04,PROD-003,Decoración,149.72,0,87.0,51
2025-08-25,SUC-04,PROD-003,Decoración,153.62,0,36.0,36
2025-09-01,SUC-04,PROD-003,Decoración,,0,169.0,50
2025-09-08,SUC-04,PROD-003,Decoración,147.21,0,119.0,51
2025-09-15,SUC-04,PROD-003,Decoración,154.22,0,68.0,49
2025-09-22,SUC-04,PROD-003,Decoración,147.79,0,226.0,45
2025-09-29,SUC-04,PROD-003,Decoración,152.33,0,181.0,45
2025-10-06,SUC-04,PROD-003,Decoración,127.07,1,136.0,42
2025-10-13,SUC-04,PROD-003,Decoración,151.03,0,245.0,63
2025-10-20,SUC-04,PROD-003,Decoración,150.88,0,182.0,71
2025-10-27,SUC-04,PROD-003,Decoración,150.65,0,111.0,89
2025-11-03,SUC-04,PROD-003,Decoración,155.16,0,271.0,62
2025-11-10,SUC-04,PROD-003,Decoración,154.34,0,209.0,65
2025-11-17,SUC-04,PROD-003,Decoración,151.11,0,144.0,53
2025-11-24,SUC-04,PROD-003,Decoración,150.48,0,241.0,65
2025-12-01,SUC-04,PROD-003,Decoración,152.5,0,176.0,83
2025-12-08,SUC-04,PROD-003,Decoración,151.01,0,93.0,68
2025-12-15,SUC-04,PROD-003,Decoración,150.3,0,289.0,113
2025-12-22,SUC-04,PROD-003,Decoración,153.91,0,176.0,71
2024-01-01,SUC-05,PROD-003,Decoración,129.51,1,585.0,93
2024-01-08,SUC-05,PROD-003,Decoración,151.67,0,492.0,116
2024-01-15,SUC-05,PROD-003,Decoración,148.42,0,376.0,92
2024-01-22,SUC-05,PROD-003,Decoración,130.25,1,398.0,99
2024-01-29,SUC-05,PROD-003,Decoración,152.87,0,299.0,96
2024-02-05,SUC-05,PROD-003,Decoración,130.82,1,203.0,114
2024-02-12,SUC-05,PROD-003,Decoración,152.53,0,287.0,148
2024-02-19,SUC-05,PROD-003,Decoración,150.53,0,139.0,100
2024-02-26,SUC-05,PROD-003,Decoración,155.83,0,39.0,39
2024-03-04,SUC-05,PROD-003,Decoración,153.46,0,0.0,0
2024-03-11,SUC-05,PROD-003,Decoración,150.69,0,0.0,0
2024-03-18,SUC-05,PROD-003,Decoración,150.26,0,0.0,0
2024-03-25,SUC-05,PROD-003,Decoración,128.96,1,346.0,126
2024-04-01,SUC-05,PROD-003,Decoración,155.12,0,220.0,79
2024-04-08,SUC-05,PROD-003,Decoración,150.11,0,141.0,87
2024-04-15,SUC-05,PROD-003,Decoración,152.01,0,244.0,75
2024-04-22,SUC-05,PROD-003,Decoración,151.44,0,169.0,75
2024-04-29,SUC-05,PROD-003,Decoración,147.88,0,94.0,94
2024-05-06,SUC-05,PROD-003,Decoración,154.18,0,208.0,63
2024-05-13,SUC-05,PROD-003,Decoración,152.6,0,145.0,91
2024-05-20,SUC-05,PROD-003,Decoración,127.97,1,54.0,54
2024-05-27,SUC-05,PROD-003,Decoración,147.02,0,223.0,97
2024-06-03,SUC-05,PROD-003,Decoración,149.77,0,126.0,77
2024-06-10,SUC-05,PROD-003,Decoración,154.24,0,49.0,49
2024-06-17,SUC-05,PROD-003,Decoración,152.37,0,235.0,55
2024-06-24,SUC-05,PROD-003,Decoración,152.83,0,180.0,57
2024-07-01,SUC-05,PROD-003,Decoración,154.08,0,123.0,66
2024-07-08,SUC-05,PROD-003,Decoración,148.43,0,236.0,57
2024-07-15,SUC-05,PROD-003,Decoración,153.46,0,179.0,65
2024-07-22,SUC-05,PROD-003,Decoración,153.31,0,114.0,52
2024-07-29,SUC-05,PROD-003,Decoración,128.44,1,290.0,93
2024-08-05,SUC-05,PROD-003,Decoración,153.92,0,197.0,50
2024-08-12,SUC-05,PROD-003,Decoración,154.98,0,147.0,47
2024-08-19,SUC-05,PROD-003,Decoración,131.27,1,292.0,52
2024-08-26,SUC-05,PROD-003,Decoración,155.15,0,240.0,50
2024-09-02,SUC-05,PROD-003,Decoración,150.49,0,190.0,68
2024-09-09,SUC-05,PROD-003,Decoración,148.47,0,200.0,86
2024-09-16,SUC-05,PROD-003,Decoración,155.54,0,114.0,76
2024-09-23,SUC-05,PROD-003,Decoración,148.68,0,38.0,38
2024-09-30,SUC-05,PROD-003,Decoración,155.67,0,245.0,62
2024-10-07,SUC-05,PROD-003,Decoración,-10.0,0,183.0,70
2024-10-14,SUC-05,PROD-003,Decoración,,1,113.0,74
2024-10-21,SUC-05,PROD-003,Decoración,154.51,0,287.0,97
2024-10-28,SUC-05,PROD-003,Decoración,155.08,0,190.0,61
2024-11-04,SUC-05,PROD-003,Decoración,151.02,0,129.0,64
2024-11-11,SUC-05,PROD-003,Decoración,130.46,1,65.0,65
2024-11-18,SUC-05,PROD-003,Decoración,149.1,0,0.0,0
2024-11-25,SUC-05,PROD-003,Decoración,126.54,1,0.0,0
2024-12-02,SUC-05,PROD-003,Decoración,149.96,0,323.0,123
2024-12-09,SUC-05,PROD-003,Decoración,152.45,0,200.0,163
2024-12-16,SUC-05,PROD-003,Decoración,148.8,0,37.0,37
2024-12-23,SUC-05,PROD-003,Decoración,147.83,0,352.0,124
2024-12-30,SUC-05,PROD-003,Decoración,147.67,0,228.0,109
2025-01-06,SUC-05,PROD-003,Decoración,150.36,0,119.0,117
2025-01-13,SUC-05,PROD-003,Decoración,155.79,0,258.0,109
2025-01-20,SUC-05,PROD-003,Decoración,154.68,0,149.0,92
2025-01-27,SUC-05,PROD-003,Decoración,148.44,0,57.0,57
2025-02-03,SUC-05,PROD-003,Decoración,129.27,1,458.0,140
2025-02-10,SUC-05,PROD-003,Decoración,152.94,0,318.0,92
2025-02-17,SUC-05,PROD-003,Decoración,154.13,0,226.0,84
2025-02-24,SUC-05,PROD-003,Decoración,147.94,0,362.0,86
2025-03-03,SUC-05,PROD-003,Decoración,152.64,0,276.0,96
2025-03-10,SUC-05,PROD-003,Decoración,148.54,0,180.0,104
2025-03-17,SUC-05,PROD-003,Decoración,154.5,0,283.0,86
2025-03-24,SUC-05,PROD-003,Decoración,149.03,0,197.0,85
2025-03-31,SUC-05,PROD-003,Decoración,152.09,0,112.0,65
2025-04-07,SUC-05,PROD-003,Decoración,131.34,1,479.0,68
2025-04-14,SUC-05,PROD-003,Decoración,153.06,0,411.0,79
2025-04-21,SUC-05,PROD-003,Decoración,150.37,0,332.0,72
2025-04-28,SUC-05,PROD-003,Decoración,150.52,0,216.0,80
2025-05-05,SUC-05,PROD-003,Decoración,149.77,0,136.0,96
2025-05-12,SUC-05,PROD-003,Decoración,150.99,0,40.0,40
2025-05-19,SUC-05,PROD-003,Decoración,149.7,0,241.0,60
2025-05-26,SUC-05,PROD-003,Decoración,129.63,1,181.0,102
2025-06-02,SUC-05,PROD-003,Decoración,132.99,1,79.0,79
2025-06-09,SUC-05,PROD-003,Decoración,153.51,0,244.0,60
2025-06-16,SUC-05,PROD-003,Decoración,154.24,0,184.0,86
2025-06-23,SUC-05,PROD-003,Decoración,148.65,0,98.0,57
2025-06-30,SUC-05,PROD-003,Decoración,152.08,0,204.0,48
2025-07-07,SUC-05,PROD-003,Decoración,151.75,0,156.0,54
2025-07-14,SUC-05,PROD-003,Decoración,153.58,0,102.0,52
2025-07-21,SUC-05,PROD-003,Decoración,127.23,1,236.0,44
2025-07-28,SUC-05,PROD-003,Decoración,153.16,0,192.0,45
2025-08-04,SUC-05,PROD-003,Decoración,149.26,0,147.0,44
2025-08-11,SUC-05,PROD-003,Decoración,151.68,0,213.0,58
2025-08-18,SUC-05,PROD-003,Decoración,148.08,0,155.0,58
2025-08-25,SUC-05,PROD-003,Decoración,150.29,0,97.0,75
2025-09-01,SUC-05,PROD-003,Decoración,152.4,0,22.0,22
2025-09-08,SUC-05,PROD-003,Decoración,131.2,1,0.0,0
2025-09-15,SUC-05,PROD-003,Decoración,152.36,0,0.0,0
2025-09-22,SUC-05,PROD-003,Decoración,153.39,0,184.0,68
2025-09-29,SUC-05,PROD-003,Decoración,148.13,0,116.0,74
2025-10-06,SUC-05,PROD-003,Decoración,128.82,1,42.0,42
2025-10-13,SUC-05,PROD-003,Decoración,148.91,0,282.0,90
2025-10-20,SUC-05,PROD-003,Decoración,152.58,0,192.0,91
2025-10-27,SUC-05,PROD-003,Decoración,149.53,0,101.0,100
2025-11-03,SUC-05,PROD-003,Decoración,155.86,0,276.0,76
2025-11-10,SUC-05,PROD-003,Decoración,151.56,0,200.0,97
2025-11-17,SUC-05,PROD-003,Decoración,147.34,0,103.0,68
2025-11-24,SUC-05,PROD-003,Decoración,147.36,0,224.0,82
2025-12-01,SUC-05,PROD-003,Decoración,147.39,0,142.0,100
2025-12-08,SUC-05,PROD-003,Decoración,150.14,0,42.0,42
2025-12-15,SUC-05,PROD-003,Decoración,128.2,1,491.0,75
2025-12-22,SUC-05,PROD-003,Decoración,153.61,0,416.0,110
2024-01-01,SUC-01,PROD-004,Herramientas,158.43,0,55.0,17
2024-01-08,SUC-01,PROD-004,Herramientas,158.73,0,38.0,16
2024-01-15,SUC-01,PROD-004,Herramientas,157.4,0,22.0,12
2024-01-22,SUC-01,PROD-004,Herramientas,155.25,0,59.0,18
fecha-invalida,SUC-01,PROD-004,Herramientas,151.66,0,41.0,15
2024-02-05,SUC-01,PROD-004,Herramientas,154.6,0,26.0,15
2024-02-12,SUC-01,PROD-004,Herramientas,153.89,0,54.0,15
2024-02-19,SUC-01,PROD-004,Herramientas,151.43,0,39.0,19
2024-02-26,SUC-01,PROD-004,Herramientas,157.81,0,20.0,17
2024-03-04,SUC-01,PROD-004,Herramientas,153.57,0,47.0,17
2024-03-11,SUC-01,PROD-004,Herramientas,154.62,0,30.0,16
2024-03-18,SUC-01,PROD-004,Herramientas,152.22,0,14.0,14
2024-03-25,SUC-01,PROD-004,Herramientas,159.18,0,,16
2024-04-01,SUC-01,PROD-004,Herramientas,153.45,0,25.0,13
2024-04-08,SUC-01,PROD-004,Herramientas,137.5,1,12.0,12
2024-04-15,SUC-01,PROD-004,Herramientas,157.6,0,41.0,14
2024-04-22,SUC-01,PROD-004,Herramientas,159.36,0,27.0,14
2024-04-29,SUC-01,PROD-004,Herramientas,131.21,1,13.0,13
2024-05-06,SUC-01,PROD-004,Herramientas,153.77,0,39.0,11
2024-05-13,SUC-01,PROD-004,Herramientas,130.48,1,28.0,17
2024-05-20,SUC-01,PROD-004,Herramientas,154.31,0,11.0,11
2024-05-27,SUC-01,PROD-004,Herramientas,130.8,1,41.0,16
2024-06-03,SUC-01,PROD-004,Herramientas,153.42,0,25.0,12
2024-06-10,SUC-01,PROD-004,Herramientas,158.97,0,,11
2024-06-17,SUC-01,PROD-004,Herramientas,160.32,0,32.0,11
2024-06-24,SUC-01,PROD-004,Herramientas,156.05,0,21.0,11
2024-07-01,SUC-01,PROD-004,Herramientas,156.49,0,10.0,10
2024-07-08,SUC-01,PROD-004,Herramientas,151.87,0,32.0,9
2024-07-15,SUC-01,PROD-004,Herramientas,155.29,0,23.0,10
2024-07-22,SUC-01,PROD-004,Herramientas,153.63,0,13.0,6
2024-07-29,SUC-01,PROD-004,Herramientas,160.26,0,46.0,12
2024-08-05,SUC-01,PROD-004,Herramientas,157.67,0,34.0,19
2024-08-12,SUC-01,PROD-004,Herramientas,151.82,0,15.0,10
2024-08-19,SUC-01,PROD-004,Herramientas,159.2,0,34.0,15
2024-08-26,SUC-01,PROD-004,Herramientas,156.98,0,19.0,14
2024-09-02,SUC-01,PROD-004,Herramientas,154.89,0,5.0,5
2024-09-09,SUC-01,PROD-004,Herramientas,157.81,0,49.0,12
2024-09-16,SUC-01,PROD-004,Herramientas,151.34,0,37.0,13
2024-09-23,SUC-01,PROD-004,Herramientas,131.56,1,24.0,20
2024-09-30,SUC-01,PROD-004,Herramientas,152.64,0,53.0,21
2024-10-07,SUC-01,PROD-004,Herramientas,155.47,0,32.0,18
2024-10-14,SUC-01,PROD-004,Herramientas,155.68,0,14.0,14
2024-10-21,SUC-01,PROD-004,Herramientas,158.37,0,45.0,17
2024-10-28,SUC-01,PROD-004,Herramientas,160.32,0,28.0,18
2024-11-04,SUC-01,PROD-004,Herramientas,157.93,0,10.0,10
2024-11-11,SUC-01,PROD-004,Herramientas,151.21,0,63.0,18
2024-11-18,SUC-01,PROD-004,Herramientas,157.85,0,45.0,15
2024-11-25,SUC-01,PROD-004,Herramientas,156.44,0,30.0,24
2024-12-02,SUC-01,PROD-004,Herramientas,135.46,1,104.0,28
2024-12-09,SUC-01,PROD-004,Herramientas,151.17,0,76.0,26
2024-12-16,SUC-01,PROD-004,Herramientas,152.54,0,50.0,17
2024-12-23,SUC-01,PROD-004,Herramientas,158.19,0,33.0,20
2024-12-30,SUC-01,PROD-004,Herramientas,132.99,1,13.0,13
2025-01-06,SUC-01,PROD-004,Herramientas,155.72,0,0.0,0
2025-01-13,SUC-01,PROD-004,Herramientas,159.82,0,65.0,21
2025-01-20,SUC-01,PROD-004,Herramientas,155.95,0,44.0,18
2025-01-27,SUC-01,PROD-004,Herramientas,136.95,1,26.0,20
2025-02-03,SUC-01,PROD-004,Herramientas,157.36,0,72.0,23
2025-02-10,SUC-01,PROD-004,Herramientas,159.52,0,49.0,16
2025-02-17,SUC-01,PROD-004,Herramientas,153.75,0,33.0,18
2025-02-24,SUC-01,PROD-004,Herramientas,159.45,0,44.0,21
2025-03-03,SUC-01,PROD-004,Herramientas,151.07,0,23.0,13
2025-03-10,SUC-01,PROD-004,Herramientas,129.99,1,10.0,10
2025-03-17,SUC-01,PROD-004,Herramientas,152.48,0,43.0,21
2025-03-24,SUC-01,PROD-004,Herramientas,156.76,0,22.0,14
2025-03-31,SUC-01,PROD-004,Herramientas,158.65,0,8.0,8
2025-04-07,SUC-01,PROD-004,Herramientas,153.78,0,59.0,12
2025-04-14,SUC-01,PROD-004,Herramientas,155.77,0,47.0,12
2025-04-21,SUC-01,PROD-004,Herramientas,158.26,0,35.0,13
2025-04-28,SUC-01,PROD-004,Herramientas,158.16,0,40.0,10
2025-05-05,SUC-01,PROD-004,Herramientas,153.73,0,30.0,16
2025-05-12,SUC-01,PROD-004,Herramientas,153.97,0,14.0,7
2025-05-19,SUC-01,PROD-004,Herramientas,133.2,1,45.0,18
2025-05-26,SUC-01,PROD-004,Herramientas,155.74,0,27.0,15
2025-06-02,SUC-01,PROD-004,Herramientas,152.07,0,12.0,12
2025-06-09,SUC-01,PROD-004,Herramientas,156.33,0,35.0,9
2025-06-16,SUC-01,PROD-004,Herramientas,157.47,0,26.0,11
2025-06-23,SUC-01,PROD-004,Herramientas,153.95,0,15.0,10
2025-06-30,SUC-01,PROD-004,Herramientas,155.92,0,45.0,11
2025-07-07,SUC-01,PROD-004,Herramientas,152.31,0,34.0,10
2025-07-14,SUC-01,PROD-004,Herramientas,157.09,0,-5.0,9
2025-07-21,SUC-01,PROD-004,Herramientas,158.19,0,52.0,14
2025-07-28,SUC-01,PROD-004,Herramientas,137.36,1,38.0,16
2025-08-04,SUC-01,PROD-004,Herramientas,153.46,0,22.0,11
2025-08-11,SUC-01,PROD-004,Herramientas,160.3,0,35.0,11
2025-08-18,SUC-01,PROD-004,Herramientas,155.63,0,24.0,16
2025-08-25,SUC-01,PROD-004,Herramientas,151.28,0,8.0,8
2025-09-01,SUC-01,PROD-004,Herramientas,153.29,0,42.0,12
2025-09-08,SUC-01,PROD-004,Herramientas,152.48,0,30.0,16
2025-09-15,SUC-01,PROD-004,Herramientas,154.98,0,14.0,14
2025-09-22,SUC-01,PROD-004,Herramientas,154.47,0,56.0,17
2025-09-29,SUC-01,PROD-004,Herramientas,153.54,0,39.0,18
2025-10-06,SUC-01,PROD-004,Herramientas,158.17,0,21.0,15
2025-10-13,SUC-01,PROD-004,Herramientas,151.52,0,52.0,20
2025-10-20,SUC-01,PROD-004,Herramientas,156.59,0,32.0,17
2025-10-27,SUC-01,PROD-004,Herramientas,154.11,0,15.0,15
2025-11-03,SUC-01,PROD-004,Herramientas,157.88,0,68.0,21
2025-11-10,SUC-01,PROD-004,Herramientas,158.61,0,47.0,20
2025-11-17,SUC-01,PROD-004,Herramientas,156.04,0,27.0,21
2025-11-24,SUC-01,PROD-004,Herramientas,158.99,0,67.0,19
2025-12-01,SUC-01,PROD-004,Herramientas,152.11,0,48.0,23
2025-12-08,SUC-01,PROD-004,Herramientas,154.27,0,25.0,23
2025-12-15,SUC-01,PROD-004,Herramientas,156.91,0,89.0,21
2025-12-22,SUC-01,PROD-004,Herramientas,151.47,0,68.0,14
2024-01-01,SUC-02,PROD-004,Herramientas,157.37,0,62.0,15
2024-01-08,SUC-02,PROD-004,Herramientas,158.11,0,47.0,18
2024-01-15,SUC-02,PROD-004,Herramientas,154.52,0,29.0,16
2024-01-22,SUC-02,PROD-004,Herramientas,156.03,0,60.0,15
2024-01-29,SUC-02,PROD-004,Herramientas,156.91,0,45.0,16
2024-02-05,SUC-02,PROD-004,Herramientas,154.53,0,29.0,19
2024-02-12,SUC-02,PROD-004,Herramientas,154.29,0,78.0,18
2024-02-19,SUC-02,PROD-004,Herramientas,159.81,0,60.0,19
2024-02-26,SUC-02,PROD-004,Herramientas,157.54,0,41.0,19
2024-03-04,SUC-02,PROD-004,Herramientas,156.16,0,67.0,18
2024-03-11,SUC-02,PROD-004,Herramientas,153.95,0,49.0,18
2024-03-18,SUC-02,PROD-004,Herramientas,158.37,0,31.0,19
2024-03-25,SUC-02,PROD-004,Herramientas,160.02,0,58.0,15
2024-04-01,SUC-02,PROD-004,Herramientas,153.42,0,43.0,11
2024-04-08,SUC-02,PROD-004,Herramientas,159.17,0,32.0,16
2024-04-15,SUC-02,PROD-004,Herramientas,151.98,0,44.0,15
2024-04-22,SUC-02,PROD-004,Herramientas,156.09,0,29.0,13
2024-04-29,SUC-02,PROD-004,Herramientas,153.42,0,16.0,13
2024-05-06,SUC-02,PROD-004,Herramientas,158.84,0,3.0,3
2024-05-13,SUC-02,PROD-004,Herramientas,133.86,1,0.0,0
2024-05-20,SUC-02,PROD-004,Herramientas,131.33,1,0.0,0
2024-05-27,SUC-02,PROD-004,Herramientas,130.19,1,54.0,18
2024-06-03,SUC-02,PROD-004,Herramientas,158.24,0,36.0,17
2024-06-10,SUC-02,PROD-004,Herramientas,151.26,0,19.0,12
2024-06-17,SUC-02,PROD-004,Herramientas,132.74,1,70.0,14
2024-06-24,SUC-02,PROD-004,Herramientas,159.49,0,56.0,9
2024-07-01,SUC-02,PROD-004,Herramientas,157.11,0,47.0,18
2024-07-08,SUC-02,PROD-004,Herramientas,153.83,0,50.0,12
2024-07-15,SUC-02,PROD-004,Herramientas,152.74,0,38.0,17
2024-07-22,SUC-02,PROD-004,Herramientas,154.37,0,21.0,10
2024-07-29,SUC-02,PROD-004,Herramientas,159.14,0,37.0,13
2024-08-05,SUC-02,PROD-004,Herramientas,154.98,0,24.0,14
2024-08-12,SUC-02,PROD-004,Herramientas,156.36,0,10.0,10
2024-08-19,SUC-02,PROD-004,Herramientas,155.1,0,57.0,15
2024-08-26,SUC-02,PROD-004,Herramientas,131.22,1,42.0,8
2024-09-02,SUC-02,PROD-004,Herramientas,153.12,0,34.0,14
2024-09-09,SUC-02,PROD-004,Herramientas,132.76,1,79.0,28
2024-09-16,SUC-02,PROD-004,Herramientas,154.85,0,51.0,22
2024-09-23,SUC-02,PROD-004,Herramientas,156.72,0,29.0,20
2024-09-30,SUC-02,PROD-004,Herramientas,157.32,0,9.0,9
2024-10-07,SUC-02,PROD-004,Herramientas,152.31,0,0.0,0
2024-10-14,SUC-02,PROD-004,Herramientas,152.49,0,0.0,0
2024-10-21,SUC-02,PROD-004,Herramientas,151.8,0,76.0,17
2024-10-28,SUC-02,PROD-004,Herramientas,136.11,1,59.0,24
2024-11-04,SUC-02,PROD-004,Herramientas,159.42,0,35.0,27
2024-11-11,SUC-02,PROD-004,Herramientas,159.64,0,95.0,17
2024-11-18,SUC-02,PROD-004,Herramientas,157.21,0,78.0,20
2024-11-25,SUC-02,PROD-004,Herramientas,151.5,0,58.0,28
2024-12-02,SUC-02,PROD-004,Herramientas,153.15,0,73.0,28
2024-12-09,SUC-02,PROD-004,Herramientas,136.08,1,45.0,22
2024-12-16,SUC-02,PROD-004,Herramientas,158.83,0,23.0,15
2024-12-23,SUC-02,PROD-004,Herramientas,157.31,0,92.0,57
2024-12-30,SUC-02,PROD-004,Herramientas,154.08,0,35.0,25
2025-01-06,SUC-02,PROD-004,Herramientas,159.83,0,10.0,10
2025-01-13,SUC-02,PROD-004,Herramientas,154.6,0,84.0,26
2025-01-20,SUC-02,PROD-004,Herramientas,156.26,0,58.0,41
2025-01-27,SUC-02,PROD-004,Herramientas,155.0,0,17.0,17
2025-02-03,SUC-02,PROD-004,Herramientas,152.58,0,93.0,25
2025-02-10,SUC-02,PROD-004,Herramientas,157.66,0,68.0,16
2025-02-17,SUC-02,PROD-004,Herramientas,154.66,0,52.0,22
2025-02-24,SUC-02,PROD-004,Herramientas,159.73,0,76.0,17
2025-03-03,SUC-02,PROD-004,Herramientas,157.02,0,59.0,18
2025-03-10,SUC-02,PROD-004,Herramientas,159.76,0,41.0,19
2025-03-17,SUC-02,PROD-004,Herramientas,152.16,0,56.0,22
2025-03-24,SUC-02,PROD-004,Herramientas,160.18,0,34.0,34
2025-03-31,SUC-02,PROD-004,Herramientas,160.12,0,0.0,0
2025-04-07,SUC-02,PROD-004,Herramientas,151.7,0,72.0,20
2025-04-14,SUC-02,PROD-004,Herramientas,133.56,1,52.0,17
2025-04-21,SUC-02,PROD-004,Herramientas,131.97,1,35.0,30
2025-04-28,SUC-02,PROD-004,Herramientas,151.71,0,45.0,18
2025-05-05,SUC-02,PROD-004,Herramientas,135.86,1,27.0,10
2025-05-12,SUC-02,PROD-004,Herramientas,131.93,1,17.0,14
2025-05-19,SUC-02,PROD-004,Herramientas,153.75,0,40.0,19
2025-05-26,SUC-02,PROD-004,Herramientas,156.42,0,21.0,12
2025-06-02,SUC-02,PROD-004,Herramientas,154.5,0,9.0,9
2025-06-09,SUC-02,PROD-004,Herramientas,159.8,0,49.0,11
2025-06-16,SUC-02,PROD-004,Herramientas,157.05,0,38.0,15
2025-06-23,SUC-02,PROD-004,Herramientas,153.4,0,23.0,16
2025-06-30,SUC-02,PROD-004,Herramientas,136.03,1,63.0,11
2025-07-07,SUC-02,PROD-004,Herramientas,156.63,0,52.0,20
2025-07-14,SUC-02,PROD-004,Herramientas,158.7,0,32.0,11
2025-07-21,SUC-02,PROD-004,Herramientas,156.35,0,62.0,15
2025-07-28,SUC-02,PROD-004,Herramientas,153.24,0,47.0,13
2025-08-04,SUC-02,PROD-004,Herramientas,153.16,0,34.0,21
2025-08-11,SUC-02,PROD-004,Herramientas,157.41,0,71.0,18
2025-08-18,SUC-02,PROD-004,Herramientas,156.52,0,53.0,18
2025-08-25,SUC-02,PROD-004,Herramientas,156.83,0,35.0,14
2025-09-01,SUC-02,PROD-004,Herramientas,153.36,0,21.0,18
2025-09-08,SUC-02,PROD-004,Herramientas,159.66,0,3.0,3
2025-09-15,SUC-02,PROD-004,Herramientas,157.23,0,0.0,0
2025-09-22,SUC-02,PROD-004,Herramientas,159.43,0,69.0,21
2025-09-29,SUC-02,PROD-004,Herramientas,151.19,0,48.0,13
2025-10-06,SUC-02,PROD-004,Herramientas,153.79,0,35.0,14
2025-10-13,SUC-02,PROD-004,Herramientas,156.94,0,85.0,17
2025-10-20,SUC-02,PROD-004,Herramientas,153.2,0,68.0,19
2025-10-27,SUC-02,PROD-004,Herramientas,154.86,0,49.0,21
2025-11-03,SUC-02,PROD-004,Herramientas,154.05,0,-5.0,28
2025-11-10,SUC-02,PROD-004,Herramientas,137.47,1,65.0,30
2025-11-17,SUC-02,PROD-004,Herramientas,159.61,0,35.0,21
2025-11-24,SUC-02,PROD-004,Herramientas,137.28,1,98.0,32
fecha-invalida,SUC-02,PROD-004,Herramientas,160.27,0,66.0,24
2025-12-08,SUC-02,PROD-004,Herramientas,131.09,1,42.0,39
2025-12-15,SUC-02,PROD-004,Herramientas,133.02,1,144.0,36
2025-12-22,SUC-02,PROD-004,Herramientas,158.15,0,108.0,27
2024-01-01,SUC-03,PROD-004,Herramientas,136.49,1,156.0,23
2024-01-08,SUC-03,PROD-004,Herramientas,157.81,0,133.0,30
2024-01-15,SUC-03,PROD-004,Herramientas,137.68,1,103.0,25
2024-01-22,SUC-03,PROD-004,Herramientas,154.93,0,84.0,40
2024-01-29,SUC-03,PROD-004,Herramientas,154.66,0,44.0,27
2024-02-05,SUC-03,PROD-004,Herramientas,133.07,1,17.0,17
2024-02-12,SUC-03,PROD-004,Herramientas,157.92,0,0.0,0
2024-02-19,SUC-03,PROD-004,Herramientas,154.86,0,0.0,0
2024-02-26,SUC-03,PROD-004,Herramientas,132.61,1,0.0,0
2024-03-04,SUC-03,PROD-004,Herramientas,155.32,0,80.0,26
2024-03-11,SUC-03,PROD-004,Herramientas,160.05,0,54.0,23
2024-03-18,SUC-03,PROD-004,Herramientas,132.32,1,31.0,30
2024-03-25,SUC-03,PROD-004,Herramientas,159.11,0,1.0,1
2024-04-01,SUC-03,PROD-004,Herramientas,151.58,0,0.0,0
2024-04-08,SUC-03,PROD-004,Herramientas,157.52,0,0.0,0
2024-04-15,SUC-03,PROD-004,Herramientas,152.78,0,52.0,19
2024-04-22,SUC-03,PROD-004,Herramientas,158.72,0,33.0,21
2024-04-29,SUC-03,PROD-004,Herramientas,152.51,0,12.0,12
2024-05-06,SUC-03,PROD-004,Herramientas,158.75,0,41.0,17
2024-05-13,SUC-03,PROD-004,Herramientas,137.11,1,24.0,19
2024-05-20,SUC-03,PROD-004,Herramientas,155.89,0,5.0,5
2024-05-27,SUC-03,PROD-004,Herramientas,137.04,1,76.0,22
2024-06-03,SUC-03,PROD-004,Herramientas,156.16,0,54.0,24
2024-06-10,SUC-03,PROD-004,Herramientas,154.11,0,30.0,13
2024-06-17,SUC-03,PROD-004,Herramientas,152.91,0,59.0,15
2024-06-24,SUC-03,PROD-004,Herramientas,154.81,0,44.0,15
2024-07-01,SUC-03,PROD-004,Herramientas,152.0,0,29.0,17
2024-07-08,SUC-03,PROD-004,Herramientas,160.08,0,-5.0,21
2024-07-15,SUC-03,PROD-004,Herramientas,155.17,0,37.0,18
2024-07-22,SUC-03,PROD-004,Herramientas,156.1,0,19.0,17
2024-07-29,SUC-03,PROD-004,Herramientas,155.69,0,72.0,18
2024-08-05,SUC-03,PROD-004,Herramientas,152.75,0,54.0,13
2024-08-12,SUC-03,PROD-004,Herramientas,157.39,0,41.0,18
2024-08-19,SUC-03,PROD-004,Herramientas,151.81,0,61.0,14
2024-08-26,SUC-03,PROD-004,Herramientas,132.1,1,47.0,16
2024-09-02,SUC-03,PROD-004,Herramientas,154.19,0,31.0,26
2024-09-09,SUC-03,PROD-004,Herramientas,159.99,0,5.0,5
2024-09-16,SUC-03,PROD-004,Herramientas,157.01,0,0.0,0
2024-09-23,SUC-03,PROD-004,Herramientas,158.44,0,0.0,0
2024-09-30,SUC-03,PROD-004,Herramientas,153.86,0,62.0,18
2024-10-07,SUC-03,PROD-004,Herramientas,157.34,0,44.0,18
2024-10-14,SUC-03,PROD-004,Herramientas,137.67,1,26.0,26
2024-10-21,SUC-03,PROD-004,Herramientas,159.32,0,93.0,28
2024-10-28,SUC-03,PROD-004,Herramientas,158.86,0,65.0,28
2024-11-04,SUC-03,PROD-004,Herramientas,155.68,0,37.0,28
2024-11-11,SUC-03,PROD-004,Herramientas,158.47,0,80.0,30
2024-11-18,SUC-03,PROD-004,Herramientas,155.18,0,50.0,26
2024-11-25,SUC-03,PROD-004,Herramientas,131.25,1,24.0,24
2024-12-02,SUC-03,PROD-004,Herramientas,158.81,0,105.0,30
2024-12-09,SUC-03,PROD-004,Herramientas,159.69,0,75.0,32
2024-12-16,SUC-03,PROD-004,Herramientas,155.9,0,43.0,30
2024-12-23,SUC-03,PROD-004,Herramientas,151.04,0,104.0,28
2024-12-30,SUC-03,PROD-004,Herramientas,153.59,0,76.0,31
2025-01-06,SUC-03,PROD-004,Herramientas,159.02,0,45.0,32
2025-01-13,SUC-03,PROD-004,Herramientas,159.95,0,77.0,29
2025-01-20,SUC-03,PROD-004,Herramientas,151.97,0,48.0,16
2025-01-27,SUC-03,PROD-004,Herramientas,154.86,0,32.0,27
2025-02-03,SUC-03,PROD-004,Herramientas,157.47,0,5.0,5
2025-02-10,SUC-03,PROD-004,Herramientas,159.69,0,0.0,0
2025-02-17,SUC-03,PROD-004, HERRAMIENTAS ,137.47,1,0.0,0
2025-02-24,SUC-03,PROD-004,Herramientas,151.05,0,85.0,21
2025-03-03,SUC-03,PROD-004,Herramientas,156.13,0,64.0,19
2025-03-10,SUC-03,PROD-004,Herramientas,157.05,0,45.0,21
2025-03-17,SUC-03,PROD-004,Herramientas,152.34,0,92.0,28
2025-03-24,SUC-03,PROD-004,Herramientas,153.26,0,64.0,30
2025-03-31,SUC-03,PROD-004,Herramientas,154.42,0,34.0,21
2025-04-07,SUC-03,PROD-004,Herramientas,158.4,0,64.0,21
2025-04-14,SUC-03,PROD-004,Herramientas,155.88,0,43.0,19
2025-04-21,SUC-03,PROD-004,Herramientas,152.45,0,24.0,23
2025-04-28,SUC-03,PROD-004,Herramientas,151.0,0,62.0,26
2025-05-05,SUC-03,PROD-004,Herramientas,156.94,0,36.0,20
2025-05-12,SUC-03,PROD-004,Herramientas,155.25,0,16.0,16
2025-05-19,SUC-03,PROD-004,Herramientas,157.05,0,45.0,14
2025-05-26,SUC-03,PROD-004,Herramientas,160.21,0,31.0,20
2025-06-02,SUC-03,PROD-004,Herramientas,157.94,0,11.0,11
2025-06-09,SUC-03,PROD-004,Herramientas,135.7,1,0.0,0
2025-06-16,SUC-03,PROD-004,Herramientas,156.32,0,0.0,0
2025-06-23,SUC-03,PROD-004,Herramientas,159.73,0,0.0,0
2025-06-30,SUC-03,PROD-004,Herramientas,154.19,0,56.0,19
2025-07-07,SUC-03,PROD-004,Herramientas,155.74,0,37.0,34
2025-07-14,SUC-03,PROD-004,Herramientas,151.99,0,3.0,3
2025-07-21,SUC-03,PROD-004,Herramientas,156.0,0,48.0,17
2025-07-28,SUC-03,PROD-004,Herramientas,153.99,0,31.0,18
2025-08-04,SUC-03,PROD-004,Herramientas,155.28,0,13.0,13
2025-08-11,SUC-03,PROD-004,Herramientas,160.13,0,56.0,22
2025-08-18,SUC-03,PROD-004,Herramientas,156.25,0,,22
2025-08-25,SUC-03,PROD-004,Herramientas,160.25,0,12.0,12
2025-09-01,SUC-03,PROD-004,Herramientas,155.25,0,60.0,22
2025-09-08,SUC-03,PROD-004,Herramientas,160.19,0,38.0,17
2025-09-15,SUC-03,PROD-004,Herramientas,158.25,0,21.0,20
2025-09-22,SUC-03,PROD-004,Herramientas,152.25,0,75.0,16
2025-09-29,SUC-03,PROD-004,Herramientas,136.12,1,59.0,30
2025-10-06,SUC-03,PROD-004,Herramientas,155.71,0,29.0,29
2025-10-13,SUC-03,PROD-004,Herramientas,136.21,1,112.0,20
2025-10-20,SUC-03,PROD-004,Herramientas,132.07,1,92.0,35
2025-10-27,SUC-03,PROD-004,Herramientas,155.45,0,57.0,38
2025-11-03,SUC-03,PROD-004,Herramientas,130.13,1,171.0,26
2025-11-10,SUC-03,PROD-004,Herramientas,151.02,0,145.0,33
2025-11-17,SUC-03,PROD-004,Herramientas,134.11,1,112.0,34
2025-11-24,SUC-03,PROD-004,Herramientas,157.78,0,129.0,36
2025-12-01,SUC-03,PROD-004,Herramientas,152.16,0,93.0,31
2025-12-08,SUC-03,PROD-004,Herramientas,154.52,0,62.0,47
2025-12-15,SUC-03,PROD-004,Herramientas,156.0,0,79.0,36
2025-12-22,SUC-03,PROD-004,Herramientas,152.57,0,43.0,43
2024-01-01,SUC-04,PROD-004,Herramientas,157.47,0,113.0,21
2024-01-08,SUC-04,PROD-004,Herramientas,158.35,0,92.0,39
2024-01-15,SUC-04,PROD-004,Herramientas,153.51,0,53.0,30
2024-01-22,SUC-04,PROD-004,Herramientas,156.55,0,93.0,23
2024-01-29,SUC-04,PROD-004,Herramientas,158.44,0,70.0,34
2024-02-05,SUC-04,PROD-004,Herramientas,130.67,1,36.0,27
2024-02-12,SUC-04,PROD-004,Herramientas,157.3,0,110.0,28
2024-02-19,SUC-04,PROD-004,Herramientas,156.55,0,82.0,31
2024-02-26,SUC-04,PROD-004,Herramientas,157.77,0,51.0,36
2024-03-04,SUC-04,PROD-004,Herramientas,154.05,0,79.0,21
2024-03-11,SUC-04,PROD-004,Herramientas,156.21,0,58.0,16
2024-03-18,SUC-04,PROD-004,Herramientas,152.25,0,42.0,24
2024-03-25,SUC-04,PROD-004,Herramientas,152.18,0,60.0,27
2024-04-01,SUC-04,PROD-004,Herramientas,159.48,0,33.0,23
2024-04-08,SUC-04,PROD-004,Herramientas,156.46,0,10.0,10
2024-04-15,SUC-04,PROD-004,Herramientas,159.05,0,65.0,20
2024-04-22,SUC-04,PROD-004,Herramientas,156.96,0,45.0,8
2024-04-29,SUC-04,PROD-004,Herramientas,157.72,0,37.0,25
2024-05-06,SUC-04,PROD-004,Herramientas,151.58,0,62.0,23
2024-05-13,SUC-04,PROD-004,Herramientas,135.05,1,39.0,30
2024-05-20,SUC-04,PROD-004,Herramientas,152.66,0,9.0,9
2024-05-27,SUC-04,PROD-004,Herramientas,158.26,0,69.0,17
2024-06-03,SUC-04,PROD-004,Herramientas,154.64,0,52.0,18
2024-06-10,SUC-04,PROD-004,Herramientas,156.09,0,34.0,18
2024-06-17,SUC-04,PROD-004,Herramientas,153.35,0,72.0,14
2024-06-24,SUC-04,PROD-004,Herramientas,151.62,0,58.0,20
2024-07-01,SUC-04,PROD-004,Herramientas,154.75,0,38.0,20
2024-07-08,SUC-04,PROD-004,Herramientas,151.14,0,77.0,18
2024-07-15,SUC-04,PROD-004,Herramientas,152.59,0,59.0,14
2024-07-22,SUC-04,PROD-004,Herramientas,156.91,0,45.0,18
2024-07-29,SUC-04,PROD-004,Herramientas,130.23,1,,16
2024-08-05,SUC-04,PROD-004,Herramientas,157.58,0,11.0,11
2024-08-12,SUC-04,PROD-004,Herramientas,152.1,0,0.0,0
2024-08-19,SUC-04,PROD-004,Herramientas,152.62,0,71.0,21
2024-08-26,SUC-04,PROD-004,Herramientas,153.22,0,50.0,21
2024-09-02,SUC-04,PROD-004,Herramientas,153.18,0,29.0,18
2024-09-09,SUC-04,PROD-004,Herramientas,154.77,0,73.0,22
2024-09-16,SUC-04,PROD-004,Herramientas,157.96,0,51.0,22
2024-09-23,SUC-04,PROD-004,Herramientas,132.61,1,29.0,29
2024-09-30,SUC-04,PROD-004,Herramientas,159.98,0,82.0,29
2024-10-07,SUC-04,PROD-004,Herramientas,137.57,1,53.0,39
2024-10-14,SUC-04,PROD-004,Herramientas,151.15,0,14.0,14
2024-10-21,SUC-04,PROD-004,Herramientas,130.79,1,167.0,40
2024-10-28,SUC-04,PROD-004,Herramientas,135.66,1,127.0,36
2024-11-04,SUC-04,PROD-004,Herramientas,155.67,0,91.0,28
2024-11-11,SUC-04,PROD-004,Herramientas,154.46,0,63.0,43
2024-11-18,SUC-04,PROD-004,Herramientas,153.26,0,20.0,20
2024-11-25,SUC-04,PROD-004,Herramientas,154.43,0,0.0,0
2024-12-02,SUC-04,PROD-004,Herramientas,159.51,0,128.0,29
2024-12-09,SUC-04,PROD-004,Herramientas,132.24,1,99.0,42
2024-12-16,SUC-04,PROD-004,Herramientas,157.68,0,57.0,999999
2024-12-23,SUC-04,PROD-004,Herramientas,156.95,0,99.0,26
2024-12-30,SUC-04,PROD-004,Herramientas,151.28,0,73.0,36
2025-01-06,SUC-04,PROD-004,Herramientas,152.3,0,37.0,18
2025-01-13,SUC-04,PROD-004,Herramientas,158.79,0,129.0,43
2025-01-20,SUC-04,PROD-004,Herramientas,155.55,0,86.0,63
2025-01-27,SUC-04,PROD-004,Herramientas,152.09,0,23.0,23
2025-02-03,SUC-04,PROD-004,Herramientas,133.45,1,190.0,44
2025-02-10,SUC-04,PROD-004,Herramientas,157.06,0,146.0,33
2025-02-17,SUC-04,PROD-004,Herramientas,153.82,0,113.0,43
2025-02-24,SUC-04,PROD-004,Herramientas,157.74,0,72.0,28
2025-03-03,SUC-04,PROD-004,Herramientas,132.55,1,44.0,38
2025-03-10,SUC-04,PROD-004,Herramientas,155.3,0,6.0,6
2025-03-17,SUC-04,PROD-004,Herramientas,154.35,0,82.0,33
2025-03-24,SUC-04,PROD-004,Herramientas,153.86,0,49.0,20
2025-03-31,SUC-04,PROD-004,Herramientas,160.25,0,29.0,28
2025-04-07,SUC-04,PROD-004,Herramientas,159.57,0,84.0,28
2025-04-14,SUC-04,PROD-004,Herramientas,151.3,0,56.0,30
2025-04-21,SUC-04,PROD-004,Herramientas,155.45,0,26.0,21
2025-04-28,SUC-04,PROD-004,Herramientas,154.33,0,62.0,26
2025-05-05,SUC-04,PROD-004,Herramientas,157.19,0,36.0,17
2025-05-12,SUC-04,PROD-004,Herramientas,136.42,1,19.0,19
2025-05-19,SUC-04,PROD-004,Herramientas,155.34,0,51.0,28
2025-05-26,SUC-04,PROD-004,Herramientas,131.99,1,23.0,18
2025-06-02,SUC-04,PROD-004,Herramientas,157.17,0,5.0,5
2025-06-09,SUC-04,PROD-004,Herramientas,156.59,0,81.0,28
2025-06-16,SUC-04,PROD-004,Herramientas,155.84,0,53.0,23
2025-06-23,SUC-04,PROD-004,Herramientas,157.79,0,30.0,25
2025-06-30,SUC-04,PROD-004,Herramientas,154.55,0,67.0,17
2025-07-07,SUC-04,PROD-004,Herramientas,158.88,0,50.0,21
2025-07-14,SUC-04,PROD-004,Herramientas,158.93,0,29.0,13
2025-07-21,SUC-04,PROD-004,Herramientas,154.24,0,77.0,23
2025-07-28,SUC-04,PROD-004,Herramientas,157.05,0,54.0,17
2025-08-04,SUC-04,PROD-004,Herramientas,156.47,0,37.0,23
2025-08-11,SUC-04,PROD-004,Herramientas,156.82,0,97.0,20
2025-08-18,SUC-04,PROD-004,Herramientas,157.3,0,77.0,22
2025-08-25,SUC-04,PROD-004,Herramientas,155.2,0,55.0,30
2025-09-01,SUC-04,PROD-004,Herramientas,154.25,0,108.0,25
2025-09-08,SUC-04,PROD-004,Herramientas,151.99,0,83.0,24
2025-09-15,SUC-04,PROD-004,Herramientas,159.07,0,59.0,32
2025-09-22,SUC-04,PROD-004,Herramientas,154.7,0,89.0,19
2025-09-29,SUC-04,PROD-004,Herramientas,135.29,1,70.0,33
2025-10-06,SUC-04,PROD-004,Herramientas,160.3,0,37.0,37
2025-10-13,SUC-04,PROD-004,Herramientas,151.32,0,137.0,35
2025-10-20,SUC-04,PROD-004,Herramientas,160.18,0,102.0,26
2025-10-27,SUC-04,PROD-004,Herramientas,157.14,0,76.0,21
2025-11-03,SUC-04,PROD-004,Herramientas,153.4,0,102.0,20
2025-11-10,SUC-04,PROD-004,Herramientas,155.65,0,82.0,28
2025-11-17,SUC-04,PROD-004,Herramientas,154.27,0,54.0,32
2025-11-24,SUC-04,PROD-004,Herramientas,154.87,0,114.0,24
2025-12-01,SUC-04,PROD-004,Herramientas,130.72,1,90.0,44
2025-12-08,SUC-04,PROD-004,Herramientas,160.26,0,46.0,43
2025-12-15,SUC-04,PROD-004,Herramientas,154.05,0,3.0,3
2025-12-22,SUC-04,PROD-004,Herramientas,160.3,0,0.0,0
2024-01-01,SUC-05,PROD-004,Herramientas,151.6,0,95.0,26
2024-01-08,SUC-05,PROD-004,Herramientas,154.35,0,69.0,25
2024-01-15,SUC-05,PROD-004,Herramientas,153.74,0,44.0,37
2024-01-22,SUC-05,PROD-004,Herramientas,154.48,0,120.0,42
2024-01-29,SUC-05,PROD-004,Herramientas,153.24,0,78.0,27
2024-02-05,SUC-05,PROD-004,Herramientas,158.69,0,51.0,26
2024-02-12,SUC-05,PROD-004,Herramientas,154.65,0,25.0,25
2024-02-19,SUC-05,PROD-004,Herramientas,158.92,0,0.0,0
2024-02-26,SUC-05,PROD-004,Herramientas,158.95,0,0.0,0
2024-03-04,SUC-05,PROD-004, HERRAMIENTAS ,135.93,1,109.0,40
2024-03-11,SUC-05,PROD-004,Herramientas,151.42,0,69.0,37
2024-03-18,SUC-05,PROD-004,Herramientas,160.25,0,32.0,26
2024-03-25,SUC-05,PROD-004,Herramientas,151.94,0,71.0,34
2024-04-01,SUC-05,PROD-004,Herramientas,159.07,0,37.0,24
2024-04-08,SUC-05,PROD-004,Herramientas,133.0,1,13.0,13
2024-04-15,SUC-05,PROD-004,Herramientas,151.87,0,84.0,25
2024-04-22,SUC-05,PROD-004,Herramientas,133.58,1,59.0,19
2024-04-29,SUC-05,PROD-004,Herramientas,156.98,0,40.0,31
2024-05-06,SUC-05,PROD-004,Herramientas,156.32,0,67.0,27
2024-05-13,SUC-05,PROD-004,Herramientas,151.88,0,40.0,18
2024-05-20,SUC-05,PROD-004,Herramientas,135.29,1,22.0,22
2024-05-27,SUC-05,PROD-004,Herramientas,151.54,0,54.0,21
2024-06-03,SUC-05,PROD-004,Herramientas,156.71,0,33.0,24
2024-06-10,SUC-05,PROD-004,Herramientas,156.11,0,9.0,9
2024-06-17,SUC-05,PROD-004,Herramientas,129.88,1,107.0,28
2024-06-24,SUC-05,PROD-004,Herramientas,158.77,0,79.0,19
2024-07-01,SUC-05,PROD-004,Herramientas,155.72,0,60.0,18
2024-07-08,SUC-05,PROD-004,Herramientas,153.89,0,56.0,15
2024-07-15,SUC-05,PROD-004,Herramientas,155.16,0,41.0,22
2024-07-22,SUC-05,PROD-004,Herramientas,153.44,0,19.0,17
2024-07-29,SUC-05,PROD-004,Herramientas,158.18,0,95.0,23
2024-08-05,SUC-05,PROD-004,Herramientas,153.01,0,72.0,28
2024-08-12,SUC-05,PROD-004,Herramientas,152.59,0,44.0,20
2024-08-19,SUC-05,PROD-004,Herramientas,159.65,0,98.0,19
2024-08-26,SUC-05,PROD-004,Herramientas,151.11,0,79.0,25
2024-09-02,SUC-05,PROD-004,Herramientas,152.96,0,54.0,18
2024-09-09,SUC-05,PROD-004,Herramientas,159.05,0,103.0,23
2024-09-16,SUC-05,PROD-004,Herramientas,155.32,0,80.0,25
2024-09-23,SUC-05,PROD-004,Herramientas,152.17,0,55.0,19
2024-09-30,SUC-05,PROD-004,Herramientas,154.31,0,111.0,43
2024-10-07,SUC-05,PROD-004,Herramientas,157.87,0,68.0,29
2024-10-14,SUC-05,PROD-004,Herramientas,130.12,1,39.0,30
2024-10-21,SUC-05,PROD-004,Herramientas,158.28,0,134.0,36
2024-10-28,SUC-05,PROD-004,Herramientas,152.91,0,98.0,27
2024-11-04,SUC-05,PROD-004,Herramientas,156.17,0,71.0,33
2024-11-11,SUC-05,PROD-004,Herramientas,152.64,0,112.0,35
2024-11-18,SUC-05,PROD-004,Herramientas,153.62,0,77.0,40
2024-11-25,SUC-05,PROD-004,Herramientas,154.23,0,37.0,37
2024-12-02,SUC-05,PROD-004,Herramientas,157.22,0,106.0,36
2024-12-09,SUC-05,PROD-004,Herramientas,160.08,0,70.0,37
2024-12-16,SUC-05,PROD-004,Herramientas,152.45,0,33.0,33
2024-12-23,SUC-05,PROD-004,Herramientas,156.78,0,101.0,42
2024-12-30,SUC-05,PROD-004,Herramientas,130.51,1,59.0,29
2025-01-06,SUC-05,PROD-004,Herramientas,158.03,0,30.0,30
2025-01-13,SUC-05,PROD-004,Herramientas,154.33,0,109.0,26
2025-01-20,SUC-05,PROD-004,Herramientas,155.76,0,83.0,33
2025-01-27,SUC-05,PROD-004,Herramientas,159.83,0,50.0,36
2025-02-03,SUC-05,PROD-004,Herramientas,131.14,1,150.0,31
2025-02-10,SUC-05,PROD-004,Herramientas,156.93,0,119.0,39
2025-02-17,SUC-05,PROD-004,Herramientas,156.83,0,80.0,33
2025-02-24,SUC-05,PROD-004,Herramientas,151.67,0,129.0,29
2025-03-03,SUC-05,PROD-004,Herramientas,137.34,1,100.0,38
2025-03-10,SUC-05,PROD-004,Herramientas,152.27,0,62.0,32
2025-03-17,SUC-05,PROD-004,Herramientas,133.95,1,116.0,36
2025-03-24,SUC-05,PROD-004,Herramientas,153.43,0,80.0,39
2025-03-31,SUC-05,PROD-004,Herramientas,155.6,0,41.0,35
2025-04-07,SUC-05,PROD-004,Herramientas,153.19,0,113.0,23
2025-04-14,SUC-05,PROD-004,Herramientas,155.88,0,90.0,19
2025-04-21,SUC-05,PROD-004,Herramientas,157.51,0,71.0,28
2025-04-28,SUC-05,PROD-004,Herramientas,152.06,0,63.0,26
2025-05-05,SUC-05,PROD-004,Herramientas,156.96,0,37.0,24
2025-05-12,SUC-05,PROD-004,Herramientas,152.29,0,13.0,13
2025-05-19,SUC-05,PROD-004,Herramientas,156.18,0,0.0,0
2025-05-26,SUC-05,PROD-004,Herramientas,152.11,0,0.0,0
2025-06-02,SUC-05,PROD-004,Herramientas,151.47,0,0.0,0
2025-06-09,SUC-05,PROD-004,Herramientas,152.11,0,0.0,0
2025-06-16,SUC-05,PROD-004,Herramientas,158.69,0,0.0,0
2025-06-23,SUC-05,PROD-004,Herramientas,155.92,0,0.0,0
2025-06-30,SUC-05,PROD-004,Herramientas,151.9,0,77.0,20
2025-07-07,SUC-05,PROD-004,Herramientas,154.22,0,57.0,25
2025-07-14,SUC-05,PROD-004,Herramientas,152.81,0,32.0,26
2025-07-21,SUC-05,PROD-004,Herramientas,159.8,0,75.0,23
2025-07-28,SUC-05,PROD-004,Herramientas,157.47,0,52.0,24
2025-08-04,SUC-05,PROD-004,Herramientas,133.36,1,28.0,28
2025-08-11,SUC-05,PROD-004,Herramientas,152.55,0,105.0,32
2025-08-18,SUC-05,PROD-004,Herramientas,153.08,0,73.0,20
2025-08-25,SUC-05,PROD-004,Herramientas,158.35,0,53.0,20
2025-09-01,SUC-05,PROD-004,Herramientas,157.01,0,106.0,28
2025-09-08,SUC-05,PROD-004,Herramientas,157.75,0,78.0,28
2025-09-15,SUC-05,PROD-004,Herramientas,136.78,1,50.0,50
2025-09-22,SUC-05,PROD-004,Herramientas,152.85,0,94.0,27
2025-09-29,SUC-05,PROD-004,Herramientas,158.99,0,67.0,29
2025-10-06,SUC-05,PROD-004,Herramientas,137.33,1,38.0,38
2025-10-13,SUC-05,PROD-004,Herramientas,153.45,0,154.0,30
2025-10-20,SUC-05,PROD-004,Herramientas,159.61,0,124.0,33
2025-10-27,SUC-05,PROD-004,Herramientas,159.65,0,91.0,41
2025-11-03,SUC-05,PROD-004,Herramientas,134.59,1,200.0,59
2025-11-10,SUC-05,PROD-004,Herramientas,137.54,1,141.0,54
2025-11-17,SUC-05,PROD-004,Herramientas,136.73,1,87.0,38
2025-11-24,SUC-05,PROD-004,Herramientas,133.44,1,49.0,48
2025-12-01,SUC-05,PROD-004,Herramientas,154.56,0,1.0,1
2025-12-08,SUC-05,PROD-004,Herramientas,131.62,1,0.0,0
2025-12-15,SUC-05,PROD-004,Herramientas,153.6,0,171.0,45
2025-12-22,SUC-05,PROD-004,Herramientas,156.71,0,126.0,39
2024-01-01,SUC-01,PROD-005,Iluminación,527.6,0,171.0,29
2024-01-08,SUC-01,PROD-005,Iluminación,550.83,0,142.0,35
2024-01-15,SUC-01,PROD-005,Iluminación,544.94,0,107.0,58
2024-01-22,SUC-01,PROD-005,Iluminación,549.28,0,129.0,43
2024-01-29,SUC-01,PROD-005,Iluminación,462.71,1,86.0,51
2024-02-05,SUC-01,PROD-005,Iluminación,540.28,0,35.0,35
2024-02-12,SUC-01,PROD-005,Iluminación,539.76,0,202.0,48
2024-02-19,SUC-01,PROD-005,Iluminación,523.38,0,154.0,47
2024-02-26,SUC-01,PROD-005,Iluminación,519.75,0,107.0,37
2024-03-04,SUC-01,PROD-005,Iluminación,535.95,0,136.0,51
2024-03-11,SUC-01,PROD-005,Iluminación,528.48,0,85.0,46
2024-03-18,SUC-01,PROD-005,Iluminación,540.04,0,39.0,39
2024-03-25,SUC-01,PROD-005,Iluminación,543.0,0,144.0,45
2024-04-01,SUC-01,PROD-005,Iluminación,464.58,1,99.0,58
2024-04-08,SUC-01,PROD-005,Iluminación,535.69,0,41.0,41
2024-04-15,SUC-01,PROD-005,Iluminación,539.6,0,216.0,69
2024-04-22,SUC-01,PROD-005,Iluminación,522.98,0,147.0,62
2024-04-29,SUC-01,PROD-005,Iluminación,538.63,0,85.0,52
2024-05-06,SUC-01,PROD-005,Iluminación,457.57,1,287.0,72
2024-05-13,SUC-01,PROD-005,Iluminación,546.99,0,215.0,65
2024-05-20,SUC-01,PROD-005,Iluminación,543.75,0,150.0,64
2024-05-27,SUC-01,PROD-005,Iluminación,520.88,0,86.0,46
2024-06-03,SUC-01,PROD-005,Iluminación,457.46,1,40.0,40
2024-06-10,SUC-01,PROD-005,Iluminación,536.24,0,0.0,0
2024-06-17,SUC-01,PROD-005,Iluminación,471.54,1,240.0,59
2024-06-24,SUC-01,PROD-005,Iluminación,546.38,0,181.0,51
2024-07-01,SUC-01,PROD-005,Iluminación,546.41,0,130.0,59
2024-07-08,SUC-01,PROD-005,Iluminación,525.03,0,161.0,46
2024-07-15,SUC-01,PROD-005,Iluminación,531.25,0,115.0,46
2024-07-22,SUC-01,PROD-005,Iluminación,530.67,0,69.0,42
2024-07-29,SUC-01,PROD-005,Iluminación,464.63,1,146.0,62
2024-08-05,SUC-01,PROD-005,Iluminación,521.03,0,84.0,38
2024-08-12,SUC-01,PROD-005,Iluminación,519.12,0,46.0,36
2024-08-19,SUC-01,PROD-005,Iluminación,520.51,0,95.0,40
2024-08-26,SUC-01,PROD-005,Iluminación,545.7,0,55.0,27
2024-09-02,SUC-01,PROD-005,Iluminación,526.73,0,28.0,28
2024-09-09,SUC-01,PROD-005,Iluminación,543.13,0,106.0,29
2024-09-16,SUC-01,PROD-005,Iluminación,519.44,0,77.0,30
2024-09-23,SUC-01,PROD-005,Iluminación,540.15,0,47.0,26
2024-09-30,SUC-01,PROD-005,Iluminación,526.34,0,106.0,24
2024-10-07,SUC-01,PROD-005,Iluminación,536.68,0,82.0,32
2024-10-14,SUC-01,PROD-005,Iluminación,522.56,0,50.0,29
2024-10-21,SUC-01,PROD-005,Iluminación,529.6,0,82.0,26
2024-10-28,SUC-01,PROD-005,Iluminación,525.67,0,56.0,34
2024-11-04,SUC-01,PROD-005,Iluminación,449.07,1,22.0,22
2024-11-11,SUC-01,PROD-005,Iluminación,468.36,1,159.0,41
2024-11-18,SUC-01,PROD-005,Iluminación,547.28,0,118.0,41
2024-11-25,SUC-01,PROD-005,Iluminación,543.74,0,77.0,32
2024-12-02,SUC-01,PROD-005,Iluminación,544.35,0,45.0,28
2024-12-09,SUC-01,PROD-005,Iluminación,526.84,0,17.0,17
2024-12-16,SUC-01,PROD-005,Iluminación,473.88,1,0.0,0
2024-12-23,SUC-01,PROD-005,Iluminación,534.4,0,122.0,29
2024-12-30,SUC-01,PROD-005,Iluminación,533.57,0,93.0,42
2025-01-06,SUC-01,PROD-005,Iluminación,446.71,1,51.0,33
2025-01-13,SUC-01,PROD-005,Iluminación,461.15,1,197.0,67
2025-01-20,SUC-01,PROD-005,Iluminación,522.66,0,130.0,59
2025-01-27,SUC-01,PROD-005,Iluminación,449.9,1,71.0,71
2025-02-03,SUC-01,PROD-005,Iluminación,538.31,0,184.0,59
2025-02-10,SUC-01,PROD-005,Iluminación,529.85,0,125.0,56
2025-02-17,SUC-01,PROD-005,Iluminación,523.6,0,69.0,61
2025-02-24,SUC-01,PROD-005,Iluminación,524.41,0,189.0,27
2025-03-03,SUC-01,PROD-005,Iluminación,520.28,0,162.0,56
2025-03-10,SUC-01,PROD-005,Iluminación,550.55,0,106.0,56
2025-03-17,SUC-01,PROD-005,Iluminación,535.45,0,138.0,49
2025-03-24,SUC-01,PROD-005,Iluminación,544.54,0,89.0,53
2025-03-31,SUC-01,PROD-005,Iluminación,454.29,1,36.0,36
2025-04-07,SUC-01,PROD-005,Iluminación,523.25,0,190.0,56
2025-04-14,SUC-01,PROD-005,Iluminación,543.23,0,134.0,43
2025-04-21,SUC-01,PROD-005,Iluminación,549.34,0,91.0,56
2025-04-28,SUC-01,PROD-005,Iluminación,536.32,0,183.0,54
2025-05-05,SUC-01,PROD-005,Iluminación,534.23,0,129.0,52
2025-05-12,SUC-01,PROD-005,Iluminación,541.75,0,77.0,50
2025-05-19,SUC-01,PROD-005,Iluminación,532.35,0,27.0,27
2025-05-26,SUC-01,PROD-005,Iluminación,542.74,0,0.0,0
2025-06-02,SUC-01,PROD-005,Iluminación,545.2,0,0.0,0
2025-06-09,SUC-01,PROD-005,Iluminación,531.83,0,0.0,0
2025-06-16,SUC-01,PROD-005,Iluminación,548.23,0,0.0,0
2025-06-23,SUC-01,PROD-005,Iluminación,467.02,1,0.0,0
2025-06-30,SUC-01,PROD-005,Iluminación,542.02,0,164.0,45
2025-07-07,SUC-01,PROD-005,Iluminación,545.09,0,119.0,47
2025-07-14,SUC-01,PROD-005,Iluminación,460.15,1,72.0,52
2025-07-21,SUC-01,PROD-005,Iluminación,463.93,1,20.0,20
2025-07-28,SUC-01,PROD-005,Iluminación,523.58,0,0.0,0
2025-08-04,SUC-01,PROD-005,Iluminación,549.17,0,0.0,0
2025-08-11,SUC-01,PROD-005,Iluminación,529.6,0,103.0,41
2025-08-18,SUC-01,PROD-005,Iluminación,529.57,0,62.0,62
2025-08-25,SUC-01,PROD-005,Iluminación,549.38,0,0.0,0
2025-09-01,SUC-01,PROD-005,Iluminación,521.47,0,85.0,26
2025-09-08,SUC-01,PROD-005,Iluminación,519.45,0,59.0,34
2025-09-15,SUC-01,PROD-005,Iluminación,547.34,0,25.0,25
2025-09-22,SUC-01,PROD-005,Iluminación,536.98,0,89.0,35
2025-09-29,SUC-01,PROD-005,Iluminación,446.64,1,54.0,44
2025-10-06,SUC-01,PROD-005,Iluminación,460.75,1,10.0,10
2025-10-13,SUC-01,PROD-005,Iluminación,457.94,1,109.0,32
2025-10-20,SUC-01,PROD-005,Iluminación,530.38,0,77.0,46
2025-10-27,SUC-01,PROD-005,Iluminación,529.31,0,31.0,31
2025-11-03,SUC-01,PROD-005,Iluminación,531.14,0,124.0,33
2025-11-10,SUC-01,PROD-005,Iluminación,547.77,0,91.0,32
2025-11-17,SUC-01,PROD-005,Iluminación,547.59,0,59.0,23
2025-11-24,SUC-01,PROD-005,Iluminación,521.96,0,135.0,26
2025-12-01,SUC-01,PROD-005,Iluminación,525.93,0,109.0,30
2025-12-08,SUC-01,PROD-005,Iluminación,462.44,1,79.0,50
2025-12-15,SUC-01,PROD-005,Iluminación,549.56,0,90.0,55
2025-12-22,SUC-01,PROD-005,Iluminación,522.28,0,35.0,35
2024-01-01,SUC-02,PROD-005,Iluminación,540.02,0,194.0,50
2024-01-08,SUC-02,PROD-005,Iluminación,535.53,0,144.0,32
2024-01-15,SUC-02,PROD-005,Iluminación,519.4,0,112.0,86
2024-01-22,SUC-02,PROD-005,Iluminación,541.71,0,26.0,26
2024-01-29,SUC-02,PROD-005,Iluminación,465.71,1,0.0,0
2024-02-05,SUC-02,PROD-005,Iluminación,541.81,0,0.0,0
2024-02-12,SUC-02,PROD-005,Iluminación,521.48,0,241.0,57
2024-02-19,SUC-02,PROD-005,Iluminación,527.93,0,184.0,66
2024-02-26,SUC-02,PROD-005,Iluminación,524.79,0,118.0,47
2024-03-04,SUC-02,PROD-005,Iluminación,519.21,0,256.0,83
2024-03-11,SUC-02,PROD-005,Iluminación,457.17,1,173.0,85
2024-03-18,SUC-02,PROD-005,Iluminación,-10.0,0,88.0,75
2024-03-25,SUC-02,PROD-005,Iluminación,528.94,0,273.0,67
2024-04-01,SUC-02,PROD-005,Iluminación,550.13,0,206.0,65
2024-04-08,SUC-02,PROD-005,Iluminación,532.73,0,141.0,72
2024-04-15,SUC-02,PROD-005,Iluminación,526.27,0,208.0,58
2024-04-22,SUC-02,PROD-005,Iluminación,523.41,0,150.0,82
2024-04-29,SUC-02,PROD-005,Iluminación,473.59,1,68.0,68
2024-05-06,SUC-02,PROD-005,Iluminación,549.78,0,252.0,63
2024-05-13,SUC-02,PROD-005,Iluminación,523.14,0,189.0,80
2024-05-20,SUC-02,PROD-005,Iluminación,530.26,0,109.0,57
2024-05-27,SUC-02,PROD-005,Iluminación,532.72,0,210.0,55
2024-06-03,SUC-02,PROD-005,Iluminación,536.73,0,155.0,53
2024-06-10,SUC-02,PROD-005,Iluminación,523.05,0,102.0,68
2024-06-17,SUC-02,PROD-005,Iluminación,459.92,1,320.0,52
2024-06-24,SUC-02,PROD-005,Iluminación,535.44,0,268.0,47
2024-07-01,SUC-02,PROD-005,Iluminación,535.99,0,221.0,53
2024-07-08,SUC-02,PROD-005,Iluminación,519.2,0,204.0,39
2024-07-15,SUC-02,PROD-005,Iluminación,546.24,0,165.0,104
2024-07-22,SUC-02,PROD-005,Iluminación,549.0,0,61.0,61
2024-07-29,SUC-02,PROD-005,Iluminación,542.11,0,0.0,0
2024-08-05,SUC-02,PROD-005,Iluminación,531.67,0,0.0,0
2024-08-12,SUC-02,PROD-005,Iluminación,530.64,0,0.0,0
2024-08-19,SUC-02,PROD-005,Iluminación,537.09,0,135.0,37
2024-08-26,SUC-02,PROD-005,Iluminación,540.75,0,98.0,38
2024-09-02,SUC-02,PROD-005,Iluminación,521.58,0,60.0,31
2024-09-09,SUC-02,PROD-005,Iluminación,535.09,0,29.0,29
2024-09-16,SUC-02,PROD-005,Iluminación,453.18,1,0.0,0
2024-09-23,SUC-02,PROD-005,Iluminación,527.29,0,0.0,0
2024-09-30,SUC-02,PROD-005,Iluminación,538.83,0,111.0,41
2024-10-07,SUC-02,PROD-005,Iluminación,538.41,0,70.0,40
2024-10-14,SUC-02,PROD-005,Iluminación,549.08,0,30.0,30
2024-10-21,SUC-02,PROD-005,Iluminación,533.25,0,146.0,46
2024-10-28,SUC-02,PROD-005,Iluminación,524.01,0,100.0,37
2024-11-04,SUC-02,PROD-005,Iluminación,525.55,0,63.0,35
2024-11-11,SUC-02,PROD-005,Iluminación,527.67,0,137.0,39
2024-11-18,SUC-02,PROD-005,Iluminación,550.11,0,98.0,48
2024-11-25,SUC-02,PROD-005,Iluminación,466.45,1,50.0,50
2024-12-02,SUC-02,PROD-005,Iluminación,527.58,0,0.0,0
2024-12-09,SUC-02,PROD-005,Iluminación,532.78,0,0.0,0
2024-12-16,SUC-02,PROD-005,Iluminación,528.18,0,0.0,0
2024-12-23,SUC-02,PROD-005,Iluminación,526.51,0,149.0,41
2024-12-30,SUC-02,PROD-005,Iluminación,550.87,0,108.0,38
2025-01-06,SUC-02,PROD-005,Iluminación,469.84,1,70.0,70
2025-01-13,SUC-02,PROD-005,Iluminación,534.38,0,169.0,56
2025-01-20,SUC-02,PROD-005,Iluminación,536.03,0,113.0,59
2025-01-27,SUC-02,PROD-005,Iluminación,550.35,0,54.0,54
2025-02-03,SUC-02,PROD-005,Iluminación,527.16,0,195.0,47
2025-02-10,SUC-02,PROD-005,Iluminación,526.67,0,148.0,40
2025-02-17,SUC-02,PROD-005,Iluminación,531.87,0,108.0,68
2025-02-24,SUC-02,PROD-005,Iluminación,525.43,0,40.0,40
2025-03-03,SUC-02,PROD-005,Iluminación,539.83,0,0.0,0
2025-03-10,SUC-02,PROD-005,Iluminación,448.34,1,0.0,0
2025-03-17,SUC-02,PROD-005,Iluminación,533.55,0,254.0,78
2025-03-24,SUC-02,PROD-005,Iluminación,541.45,0,176.0,72
2025-03-31,SUC-02,PROD-005,Iluminación,520.78,0,104.0,58
2025-04-07,SUC-02,PROD-005,Iluminación,543.38,0,46.0,46
2025-04-14,SUC-02,PROD-005,Iluminación,536.74,0,0.0,0
2025-04-21,SUC-02,PROD-005,Iluminación,548.61,0,0.0,0
2025-04-28,SUC-02,PROD-005,Iluminación,538.19,0,157.0,83
2025-05-05,SUC-02,PROD-005,Iluminación,547.87,0,74.0,52
2025-05-12,SUC-02,PROD-005,Iluminación,522.62,0,22.0,22
2025-05-19,SUC-02,PROD-005,Iluminación,455.94,1,320.0,65
2025-05-26,SUC-02,PROD-005,Iluminación,535.75,0,255.0,72
2025-06-02,SUC-02,PROD-005,Iluminación,524.25,0,183.0,60
2025-06-09,SUC-02,PROD-005,Iluminación,537.95,0,221.0,53
2025-06-16,SUC-02,PROD-005,Iluminación,548.9,0,168.0,61
2025-06-23,SUC-02,PROD-005,Iluminación,531.75,0,107.0,64
2025-06-30,SUC-02,PROD-005,Iluminación,529.9,0,178.0,53
2025-07-07,SUC-02,PROD-005,Iluminación,524.7,0,125.0,61
2025-07-14,SUC-02,PROD-005,Iluminación,537.37,0,64.0,46
2025-07-21,SUC-02,PROD-005,Iluminación,545.37,0,129.0,999999
2025-07-28,SUC-02,PROD-005,Iluminación,467.87,1,78.0,57
2025-08-04,SUC-02,PROD-005,Iluminación,532.94,0,21.0,21
2025-08-11,SUC-02,PROD-005,Iluminación,523.56,0,144.0,40
2025-08-18,SUC-02,PROD-005,Iluminación,544.86,0,104.0,30
2025-08-25,SUC-02,PROD-005,Iluminación,521.38,0,74.0,39
2025-09-01,SUC-02,PROD-005,Iluminación,547.18,0,35.0,35
2025-09-08,SUC-02,PROD-005,Iluminación,549.09,0,0.0,0
2025-09-15,SUC-02,PROD-005,Iluminación,525.34,0,0.0,0
2025-09-22,SUC-02,PROD-005,Iluminación,531.25,0,136.0,39
2025-09-29,SUC-02,PROD-005,Iluminación,533.25,0,97.0,37
2025-10-06,SUC-02,PROD-005,Iluminación,541.03,0,60.0,25
2025-10-13,SUC-02,PROD-005,Iluminación,538.6,0,127.0,32
2025-10-20,SUC-02,PROD-005,Iluminación,521.42,0,95.0,42
2025-10-27,SUC-02,PROD-005,Iluminación,529.04,0,53.0,40
2025-11-03,SUC-02,PROD-005,Iluminación,550.47,0,143.0,37
2025-11-10,SUC-02,PROD-005,Iluminación,526.53,0,106.0,34
2025-11-17,SUC-02,PROD-005,Iluminación,523.71,0,72.0,46
2025-11-24,SUC-02,PROD-005,Iluminación,543.48,0,149.0,44
2025-12-01,SUC-02,PROD-005,Iluminación,544.08,0,105.0,22
2025-12-08,SUC-02,PROD-005,Iluminación,520.07,0,83.0,33
2025-12-15,SUC-02,PROD-005,Iluminación,544.65,0,155.0,37
2025-12-22,SUC-02,PROD-005,Iluminación,543.19,0,118.0,53
2024-01-01,SUC-03,PROD-005,Iluminación,545.79,0,210.0,53
2024-01-08,SUC-03,PROD-005,Iluminación,547.14,0,157.0,43
2024-01-15,SUC-03,PROD-005,Iluminación,535.49,0,114.0,55
2024-01-22,SUC-03,PROD-005,Iluminación,522.67,0,276.0,75
2024-01-29,SUC-03,PROD-005,Iluminación,532.19,0,201.0,65
2024-02-05,SUC-03,PROD-005,Iluminación,537.12,0,136.0,83
2024-02-12,SUC-03,PROD-005,Iluminación,540.86,0,206.0,85
2024-02-19,SUC-03,PROD-005,Iluminación,528.6,0,121.0,72
2024-02-26,SUC-03,PROD-005,Iluminación,462.0,1,49.0,49
2024-03-04,SUC-03,PROD-005,Iluminación,451.11,1,410.0,72
2024-03-11,SUC-03,PROD-005,Iluminación,547.89,0,338.0,89
2024-03-18,SUC-03,PROD-005,Iluminación,550.72,0,249.0,87
2024-03-25,SUC-03,PROD-005,Iluminación,531.64,0,307.0,89
2024-04-01,SUC-03,PROD-005,Iluminación,469.03,1,218.0,89
2024-04-08,SUC-03,PROD-005,Iluminación,545.93,0,129.0,96
2024-04-15,SUC-03,PROD-005,Iluminación,527.62,0,262.0,94
2024-04-22,SUC-03,PROD-005,Iluminación,534.67,0,168.0,74
2024-04-29,SUC-03,PROD-005,Iluminación,541.13,0,94.0,58
2024-05-06,SUC-03,PROD-005,Iluminación,528.54,0,296.0,62
2024-05-13,SUC-03,PROD-005,Iluminación,454.77,1,234.0,100
2024-05-20,SUC-03,PROD-005,Iluminación,455.69,1,134.0,100
2024-05-27,SUC-03,PROD-005,Iluminación,534.67,0,209.0,109
2024-06-03,SUC-03,PROD-005,Iluminación,547.0,0,100.0,69
2024-06-10,SUC-03,PROD-005,Iluminación,451.27,1,31.0,31
2024-06-17,SUC-03,PROD-005,Iluminación,550.21,0,194.0,76
2024-06-24,SUC-03,PROD-005,Iluminación,546.98,0,118.0,61
2024-07-01,SUC-03,PROD-005,Iluminación,521.07,0,57.0,57
2024-07-08,SUC-03,PROD-005,Iluminación,528.51,0,209.0,74
2024-07-15,SUC-03,PROD-005,Iluminación,541.66,0,135.0,54
2024-07-22,SUC-03,PROD-005,Iluminación,542.43,0,81.0,57
2024-07-29,SUC-03,PROD-005,Iluminación,522.45,0,195.0,67
2024-08-05,SUC-03,PROD-005,Iluminación,536.0,0,128.0,66
2024-08-12,SUC-03,PROD-005,Iluminación,520.45,0,62.0,58
2024-08-19,SUC-03,PROD-005,Iluminación,521.62,0,183.0,63
2024-08-26,SUC-03,PROD-005,Iluminación,539.5,0,120.0,34
2024-09-02,SUC-03,PROD-005,Iluminación,548.19,0,86.0,42
2024-09-09,SUC-03,PROD-005,Iluminación,535.36,0,168.0,50
2024-09-16,SUC-03,PROD-005,Iluminación,527.87,0,118.0,45
2024-09-23,SUC-03,PROD-005,Iluminación,534.93,0,73.0,48
2024-09-30,SUC-03,PROD-005,Iluminación,525.78,0,25.0,25
2024-10-07,SUC-03,PROD-005,Iluminación,465.62,1,0.0,0
2024-10-14,SUC-03,PROD-005,Iluminación,469.02,1,0.0,0
2024-10-21,SUC-03,PROD-005,Iluminación,526.57,0,121.0,65
2024-10-28,SUC-03,PROD-005,Iluminación,543.74,0,56.0,56
2024-11-04,SUC-03,PROD-005,Iluminación,535.83,0,0.0,0
2024-11-11,SUC-03,PROD-005,Iluminación,454.48,1,259.0,79
2024-11-18,SUC-03,PROD-005,Iluminación,528.71,0,180.0,55
2024-11-25,SUC-03,PROD-005,Iluminación,450.9,1,125.0,54
2024-12-02,SUC-03,PROD-005, ILUMINACIÓN ,526.98,0,71.0,66
2024-12-09,SUC-03,PROD-005,Iluminación,548.94,0,5.0,5
2024-12-16,SUC-03,PROD-005,Iluminación,540.04,0,0.0,0
2024-12-23,SUC-03,PROD-005,Iluminación,538.92,0,209.0,90
2024-12-30,SUC-03,PROD-005,Iluminación,530.94,0,119.0,50
2025-01-06,SUC-03,PROD-005,Iluminación,548.62,0,69.0,56
2025-01-13,SUC-03,PROD-005,Iluminación,544.43,0,171.0,72
2025-01-20,SUC-03,PROD-005,Iluminación,538.93,0,99.0,63
2025-01-27,SUC-03,PROD-005,Iluminación,548.94,0,36.0,36
2025-02-03,SUC-03,PROD-005,Iluminación,549.92,0,194.0,81
2025-02-10,SUC-03,PROD-005,Iluminación,549.23,0,113.0,74
2025-02-17,SUC-03,PROD-005,Iluminación,550.26,0,39.0,39
2025-02-24,SUC-03,PROD-005,Iluminación,550.81,0,264.0,84
2025-03-03,SUC-03,PROD-005,Iluminación,523.34,0,180.0,74
2025-03-10,SUC-03,PROD-005,Iluminación,532.09,0,106.0,81
2025-03-17,SUC-03,PROD-005,Iluminación,531.95,0,219.0,62
2025-03-24,SUC-03,PROD-005,Iluminación,537.67,0,-5.0,64
2025-03-31,SUC-03,PROD-005,Iluminación,450.28,1,93.0,67
2025-04-07,SUC-03,PROD-005,Iluminación,474.01,1,406.0,94
2025-04-14,SUC-03,PROD-005,Iluminación,524.91,0,312.0,69
2025-04-21,SUC-03,PROD-005,Iluminación,543.63,0,243.0,80
2025-04-28,SUC-03,PROD-005,Iluminación,520.42,0,204.0,80
2025-05-05,SUC-03,PROD-005,Iluminación,539.89,0,124.0,52
2025-05-12,SUC-03,PROD-005,Iluminación,546.49,0,72.0,67
2025-05-19,SUC-03,PROD-005, ILUMINACIÓN ,537.44,0,256.0,73
2025-05-26,SUC-03,PROD-005,Iluminación,549.11,0,183.0,64
2025-06-02,SUC-03,PROD-005,Iluminación,542.09,0,119.0,73
2025-06-09,SUC-03,PROD-005,Iluminación,549.18,0,217.0,66
2025-06-16,SUC-03,PROD-005,Iluminación,548.35,0,151.0,62
2025-06-23,SUC-03,PROD-005,Iluminación,546.32,0,89.0,45
2025-06-30,SUC-03,PROD-005,Iluminación,528.26,0,194.0,81
2025-07-07,SUC-03,PROD-005,Iluminación,527.24,0,113.0,60
2025-07-14,SUC-03,PROD-005,Iluminación,532.55,0,53.0,48
2025-07-21,SUC-03,PROD-005,Iluminación,527.33,0,186.0,50
2025-07-28,SUC-03,PROD-005,Iluminación,528.12,0,136.0,51
2025-08-04,SUC-03,PROD-005,Iluminación,532.96,0,85.0,47
2025-08-11,SUC-03,PROD-005,Iluminación,522.87,0,-5.0,41
2025-08-18,SUC-03,PROD-005,Iluminación,460.79,1,106.0,82
2025-08-25,SUC-03,PROD-005,Iluminación,541.14,0,24.0,24
2025-09-01,SUC-03,PROD-005,Iluminación,551.17,0,150.0,44
2025-09-08,SUC-03,PROD-005,Iluminación,526.72,0,106.0,44
2025-09-15,SUC-03,PROD-005,Iluminación,468.96,1,62.0,57
2025-09-22,SUC-03,PROD-005,Iluminación,458.37,1,219.0,72
2025-09-29,SUC-03,PROD-005,Iluminación,524.65,0,147.0,52
2025-10-06,SUC-03,PROD-005,Iluminación,530.72,0,95.0,46
2025-10-13,SUC-03,PROD-005,Iluminación,458.16,1,194.0,54
2025-10-20,SUC-03,PROD-005,Iluminación,540.58,0,140.0,50
2025-10-27,SUC-03,PROD-005,Iluminación,521.58,0,90.0,38
2025-11-03,SUC-03,PROD-005,Iluminación,526.26,0,134.0,31
2025-11-10,SUC-03,PROD-005,Iluminación,550.4,0,103.0,42
2025-11-17,SUC-03,PROD-005,Iluminación,548.2,0,61.0,36
2025-11-24,SUC-03,PROD-005,Iluminación,528.49,0,179.0,39
2025-12-01,SUC-03,PROD-005,Iluminación,447.76,1,140.0,77
2025-12-08,SUC-03,PROD-005,Iluminación,450.47,1,63.0,63
2025-12-15,SUC-03,PROD-005,Iluminación,520.24,0,162.0,59
2025-12-22,SUC-03,PROD-005,Iluminación,542.2,0,103.0,59
2024-01-01,SUC-04,PROD-005,Iluminación,537.99,0,278.0,73
2024-01-08,SUC-04,PROD-005,Iluminación,465.99,1,205.0,98
2024-01-15,SUC-04,PROD-005,Iluminación,535.41,0,107.0,100
2024-01-22,SUC-04,PROD-005,Iluminación,538.36,0,315.0,85
2024-01-29,SUC-04,PROD-005,Iluminación,457.41,1,230.0,88
2024-02-05,SUC-04,PROD-005,Iluminación,530.46,0,-5.0,98
2024-02-12,SUC-04,PROD-005,Iluminación,538.12,0,44.0,44
2024-02-19,SUC-04,PROD-005,Iluminación,451.0,1,0.0,0
2024-02-26,SUC-04,PROD-005,Iluminación,464.88,1,0.0,0
2024-03-04,SUC-04,PROD-005,Iluminación,460.47,1,469.0,120
2024-03-11,SUC-04,PROD-005,Iluminación,529.13,0,349.0,128
2024-03-18,SUC-04,PROD-005,Iluminación,470.93,1,221.0,120
2024-03-25,SUC-04,PROD-005,Iluminación,531.03,0,246.0,105
2024-04-01,SUC-04,PROD-005,Iluminación,528.52,0,141.0,85
2024-04-08,SUC-04,PROD-005,Iluminación,521.08,0,56.0,56
2024-04-15,SUC-04,PROD-005,Iluminación,542.87,0,340.0,112
2024-04-22,SUC-04,PROD-005,Iluminación,468.31,1,228.0,106
2024-04-29,SUC-04,PROD-005,Iluminación,533.97,0,122.0,122
2024-05-06,SUC-04,PROD-005,Iluminación,536.08,0,250.0,80
2024-05-13,SUC-04,PROD-005,Iluminación,520.72,0,170.0,101
2024-05-20,SUC-04,PROD-005,Iluminación,527.75,0,69.0,69
2024-05-27,SUC-04,PROD-005,Iluminación,528.31,0,306.0,97
2024-06-03,SUC-04,PROD-005,Iluminación,451.55,1,209.0,107
2024-06-10,SUC-04,PROD-005,Iluminación,525.64,0,102.0,83
2024-06-17,SUC-04,PROD-005,Iluminación,449.92,1,19.0,19
2024-06-24,SUC-04,PROD-005,Iluminación,535.21,0,0.0,0
2024-07-01,SUC-04,PROD-005,Iluminación,549.97,0,0.0,0
2024-07-08,SUC-04,PROD-005,Iluminación,545.91,0,226.0,65
2024-07-15,SUC-04,PROD-005,Iluminación,542.52,0,161.0,72
2024-07-22,SUC-04,PROD-005,Iluminación,535.16,0,89.0,56
2024-07-29,SUC-04,PROD-005,Iluminación,544.0,0,153.0,59
2024-08-05,SUC-04,PROD-005,Iluminación,532.06,0,94.0,48
2024-08-12,SUC-04,PROD-005,Iluminación,449.32,1,46.0,46
2024-08-19,SUC-04,PROD-005,Iluminación,465.55,1,274.0,54
2024-08-26,SUC-04,PROD-005,Iluminación,523.9,0,220.0,59
2024-09-02,SUC-04,PROD-005,Iluminación,469.35,1,161.0,100
2024-09-09,SUC-04,PROD-005,Iluminación,532.36,0,61.0,60
2024-09-16,SUC-04,PROD-005,Iluminación,534.45,0,1.0,1
2024-09-23,SUC-04,PROD-005,Iluminación,524.92,0,0.0,0
2024-09-30,SUC-04,PROD-005,Iluminación,535.69,0,210.0,66
2024-10-07,SUC-04,PROD-005,Iluminación,457.98,1,144.0,57
2024-10-14,SUC-04,PROD-005,Iluminación,524.16,0,87.0,60
2024-10-21,SUC-04,PROD-005,Iluminación,522.54,0,159.0,70
2024-10-28,SUC-04,PROD-005,Iluminación,548.75,0,89.0,62
2024-11-04,SUC-04,PROD-005,Iluminación,545.2,0,27.0,27
2024-11-11,SUC-04,PROD-005,Iluminación,472.94,1,240.0,51
2024-11-18,SUC-04,PROD-005,Iluminación,528.33,0,189.0,64
2024-11-25,SUC-04,PROD-005,Iluminación,536.23,0,125.0,52
2024-12-02,SUC-04,PROD-005,Iluminación,465.93,1,289.0,67
2024-12-09,SUC-04,PROD-005,Iluminación,532.84,0,222.0,53
2024-12-16,SUC-04,PROD-005,Iluminación,542.1,0,169.0,63
2024-12-23,SUC-04,PROD-005,Iluminación,537.49,0,215.0,65
2024-12-30,SUC-04,PROD-005,Iluminación,531.06,0,150.0,69
2025-01-06,SUC-04,PROD-005,Iluminación,448.52,1,81.0,81
2025-01-13,SUC-04,PROD-005,Iluminación,543.17,0,301.0,80
2025-01-20,SUC-04,PROD-005,Iluminación,522.49,0,221.0,77
2025-01-27,SUC-04,PROD-005,Iluminación,465.56,1,144.0,61
2025-02-03,SUC-04,PROD-005,Iluminación,470.91,1,458.0,103
2025-02-10,SUC-04,PROD-005,Iluminación,536.44,0,355.0,72
2025-02-17,SUC-04,PROD-005,Iluminación,546.37,0,283.0,110
2025-02-24,SUC-04,PROD-005,Iluminación,520.73,0,255.0,93
2025-03-03,SUC-04,PROD-005,Iluminación,536.54,0,162.0,75
2025-03-10,SUC-04,PROD-005,Iluminación,521.94,0,87.0,69
2025-03-17,SUC-04,PROD-005,Iluminación,471.23,1,457.0,102
2025-03-24,SUC-04,PROD-005,Iluminación,547.15,0,355.0,114
2025-03-31,SUC-04,PROD-005,Iluminación,545.3,0,241.0,93
2025-04-07,SUC-04,PROD-005,Iluminación,520.35,0,148.0,104
2025-04-14,SUC-04,PROD-005,Iluminación,470.1,1,44.0,44
2025-04-21,SUC-04,PROD-005,Iluminación,539.14,0,0.0,0
2025-04-28,SUC-04,PROD-005,Iluminación,535.77,0,321.0,111
2025-05-05,SUC-04,PROD-005,Iluminación,447.17,1,210.0,101
2025-05-12,SUC-04,PROD-005,Iluminación,530.77,0,109.0,98
2025-05-19,SUC-04,PROD-005,Iluminación,531.75,0,289.0,86
2025-05-26,SUC-04,PROD-005,Iluminación,528.79,0,203.0,118
2025-06-02,SUC-04,PROD-005,Iluminación,528.92,0,85.0,76
2025-06-09,SUC-04,PROD-005,Iluminación,523.05,0,247.0,81
2025-06-16,SUC-04,PROD-005,Iluminación,537.39,0,166.0,81
2025-06-23,SUC-04,PROD-005,Iluminación,519.6,0,85.0,72
2025-06-30,SUC-04,PROD-005,Iluminación,466.41,1,256.0,88
2025-07-07,SUC-04,PROD-005,Iluminación,466.51,1,168.0,61
2025-07-14,SUC-04,PROD-005,Iluminación,524.37,0,107.0,87
2025-07-21,SUC-04,PROD-005,Iluminación,520.69,0,230.0,71
2025-07-28,SUC-04,PROD-005,Iluminación,530.25,0,159.0,64
2025-08-04,SUC-04,PROD-005,Iluminación,470.18,1,95.0,70
2025-08-11,SUC-04,PROD-005,Iluminación,532.94,0,194.0,80
2025-08-18,SUC-04,PROD-005,Iluminación,536.56,0,114.0,73
2025-08-25,SUC-04,PROD-005,Iluminación,458.36,1,41.0,41
2025-09-01,SUC-04,PROD-005,Iluminación,538.15,0,204.0,64
2025-09-08,SUC-04,PROD-005,Iluminación,521.28,0,140.0,46
2025-09-15,SUC-04,PROD-005,Iluminación,536.93,0,94.0,48
2025-09-22,SUC-04,PROD-005,Iluminación,531.39,0,140.0,29
2025-09-29,SUC-04,PROD-005,Iluminación,452.2,1,111.0,62
2025-10-06,SUC-04,PROD-005,Iluminación,540.64,0,49.0,49
2025-10-13,SUC-04,PROD-005,Iluminación,534.39,0,133.0,59
2025-10-20,SUC-04,PROD-005,Iluminación,551.0,0,74.0,42
2025-10-27,SUC-04,PROD-005,Iluminación,531.72,0,32.0,32
2025-11-03,SUC-04,PROD-005,Iluminación,460.86,1,208.0,65
2025-11-10,SUC-04,PROD-005,Iluminación,523.81,0,143.0,55
2025-11-17,SUC-04,PROD-005,Iluminación,530.19,0,88.0,45
2025-11-24,SUC-04,PROD-005,Iluminación,528.77,0,206.0,44
2025-12-01,SUC-04,PROD-005,Iluminación,535.61,0,162.0,41
2025-12-08,SUC-04,PROD-005,Iluminación,535.51,0,121.0,53
2025-12-15,SUC-04,PROD-005,Iluminación,550.27,0,216.0,45
2025-12-22,SUC-04,PROD-005,Iluminación,524.93,0,171.0,52
2024-01-01,SUC-05,PROD-005,Iluminación,545.88,0,281.0,97
2024-01-08,SUC-05,PROD-005,Iluminación,538.35,0,184.0,98
2024-01-15,SUC-05,PROD-005,Iluminación,473.88,1,86.0,86
2024-01-22,SUC-05,PROD-005,Iluminación,531.55,0,365.0,104
2024-01-29,SUC-05,PROD-005,Iluminación,540.6,0,261.0,93
2024-02-05,SUC-05,PROD-005,Iluminación,519.27,0,168.0,66
2024-02-12,SUC-05,PROD-005,Iluminación,535.38,0,387.0,67
2024-02-19,SUC-05,PROD-005,Iluminación,546.21,0,320.0,62
2024-02-26,SUC-05,PROD-005,Iluminación,538.24,0,258.0,108
2024-03-04,SUC-05,PROD-005,Iluminación,525.52,0,388.0,105
2024-03-11,SUC-05,PROD-005,Iluminación,545.42,0,283.0,67
2024-03-18,SUC-05,PROD-005,Iluminación,525.72,0,216.0,102
2024-03-25,SUC-05,PROD-005,Iluminación,535.81,0,370.0,118
2024-04-01,SUC-05,PROD-005,Iluminación,449.06,1,252.0,89
2024-04-08,SUC-05,PROD-005, ILUMINACIÓN ,529.04,0,163.0,79
2024-04-15,SUC-05,PROD-005,Iluminación,522.14,0,272.0,97
2024-04-22,SUC-05,PROD-005,Iluminación,458.95,1,175.0,143
2024-04-29,SUC-05,PROD-005,Iluminación,546.65,0,32.0,32
2024-05-06,SUC-05,PROD-005,Iluminación,469.52,1,451.0,136
2024-05-13,SUC-05,PROD-005,Iluminación,537.7,0,315.0,108
2024-05-20,SUC-05,PROD-005,Iluminación,532.37,0,207.0,117
2024-05-27,SUC-05,PROD-005,Iluminación,454.99,1,90.0,90
2024-06-03,SUC-05,PROD-005,Iluminación,537.32,0,0.0,0
2024-06-10,SUC-05,PROD-005,Iluminación,530.23,0,0.0,0
2024-06-17,SUC-05,PROD-005,Iluminación,534.31,0,226.0,101
2024-06-24,SUC-05,PROD-005,Iluminación,543.33,0,125.0,88
2024-07-01,SUC-05,PROD-005,Iluminación,535.37,0,37.0,37
2024-07-08,SUC-05,PROD-005,Iluminación,519.92,0,328.0,83
2024-07-15,SUC-05,PROD-005,Iluminación,461.06,1,245.0,120
2024-07-22,SUC-05,PROD-005,Iluminación,519.36,0,125.0,87
2024-07-29,SUC-05,PROD-005,Iluminación,525.15,0,199.0,96
2024-08-05,SUC-05,PROD-005,Iluminación,542.76,0,103.0,88
2024-08-12,SUC-05,PROD-005,Iluminación,454.43,1,15.0,15
2024-08-19,SUC-05,PROD-005,Iluminación,542.86,0,213.0,82
2024-08-26,SUC-05,PROD-005,Iluminación,546.16,0,131.0,86
2024-09-02,SUC-05,PROD-005,Iluminación,551.15,0,45.0,45
2024-09-09,SUC-05,PROD-005,Iluminación,526.72,0,183.0,71
2024-09-16,SUC-05,PROD-005,Iluminación,540.13,0,112.0,66
2024-09-23,SUC-05,PROD-005,Iluminación,524.94,0,46.0,46
2024-09-30,SUC-05,PROD-005,Iluminación,537.73,0,195.0,67
2024-10-07,SUC-05,PROD-005,Iluminación,539.49,0,128.0,59
2024-10-14,SUC-05,PROD-005,Iluminación,539.5,0,69.0,62
2024-10-21,SUC-05,PROD-005,Iluminación,543.8,0,7.0,7
2024-10-28,SUC-05,PROD-005,Iluminación,453.37,1,0.0,0
2024-11-04,SUC-05,PROD-005,Iluminación,529.36,0,0.0,0
2024-11-11,SUC-05,PROD-005,Iluminación,536.19,0,243.0,81
2024-11-18,SUC-05,PROD-005,Iluminación,537.72,0,162.0,71
2024-11-25,SUC-05,PROD-005,Iluminación,452.41,1,91.0,57
2024-12-02,SUC-05,PROD-005,Iluminación,519.21,0,181.0,76
2024-12-09,SUC-05,PROD-005,Iluminación,463.55,1,105.0,77
2024-12-16,SUC-05,PROD-005,Iluminación,549.58,0,28.0,28
2024-12-23,SUC-05,PROD-005,Iluminación,,0,215.0,153
2024-12-30,SUC-05,PROD-005,Iluminación,544.73,0,62.0,62
2025-01-06,SUC-05,PROD-005,Iluminación,527.31,0,0.0,0
2025-01-13,SUC-05,PROD-005,Iluminación,458.12,1,461.0,74
2025-01-20,SUC-05,PROD-005,Iluminación,545.2,0,387.0,87
2025-01-27,SUC-05,PROD-005,Iluminación,546.44,0,300.0,104
2025-02-03,SUC-05,PROD-005,Iluminación,545.31,0,293.0,93
2025-02-10,SUC-05,PROD-005,Iluminación,541.54,0,200.0,99
2025-02-17,SUC-05,PROD-005,Iluminación,530.31,0,101.0,87
2025-02-24,SUC-05,PROD-005,Iluminación,545.86,0,342.0,83
2025-03-03,SUC-05,PROD-005,Iluminación,539.75,0,259.0,94
2025-03-10,SUC-05,PROD-005,Iluminación,542.33,0,165.0,83
2025-03-17,SUC-05,PROD-005,Iluminación,527.0,0,326.0,90
2025-03-24,SUC-05,PROD-005,Iluminación,533.17,0,236.0,113
2025-03-31,SUC-05,PROD-005,Iluminación,473.83,1,123.0,110
2025-04-07,SUC-05,PROD-005,Iluminación,523.22,0,285.0,113
2025-04-14,SUC-05,PROD-005,Iluminación,527.0,0,172.0,108
2025-04-21,SUC-05,PROD-005,Iluminación,528.6,0,64.0,64
2025-04-28,SUC-05,PROD-005,Iluminación,526.37,0,0.0,0
2025-05-05,SUC-05,PROD-005,Iluminación,521.48,0,0.0,0
2025-05-12,SUC-05,PROD-005,Iluminación,535.71,0,0.0,0
2025-05-19,SUC-05,PROD-005,Iluminación,524.84,0,383.0,105
2025-05-26,SUC-05,PROD-005,Iluminación,548.68,0,278.0,91
2025-06-02,SUC-05,PROD-005,Iluminación,523.73,0,187.0,99
2025-06-09,SUC-05,PROD-005,Iluminación,545.41,0,221.0,59
2025-06-16,SUC-05,PROD-005,Iluminación,524.71,0,162.0,87
2025-06-23,SUC-05,PROD-005,Iluminación,543.62,0,75.0,64
2025-06-30,SUC-05,PROD-005,Iluminación,471.1,1,11.0,11
2025-07-07,SUC-05,PROD-005,Iluminación,548.46,0,0.0,0
2025-07-14,SUC-05,PROD-005,Iluminación,533.54,0,0.0,0
2025-07-21,SUC-05,PROD-005,Iluminación,538.8,0,233.0,79
2025-07-28,SUC-05,PROD-005,Iluminación,539.19,0,154.0,74
2025-08-04,SUC-05,PROD-005,Iluminación,546.97,0,80.0,68
2025-08-11,SUC-05,PROD-005,Iluminación,537.66,0,162.0,78
2025-08-18,SUC-05,PROD-005,Iluminación,465.81,1,84.0,53
2025-08-25,SUC-05,PROD-005,Iluminación,541.68,0,31.0,31
2025-09-01,SUC-05,PROD-005,Iluminación,458.55,1,344.0,66
2025-09-08,SUC-05,PROD-005,Iluminación,535.45,0,278.0,80
2025-09-15,SUC-05,PROD-005,Iluminación,544.6,0,198.0,65
2025-09-22,SUC-05,PROD-005,Iluminación,473.06,1,220.0,90
2025-09-29,SUC-05,PROD-005,Iluminación,520.49,0,130.0,59
2025-10-06,SUC-05,PROD-005,Iluminación,550.89,0,71.0,59
2025-10-13,SUC-05,PROD-005,Iluminación,547.25,0,208.0,47
2025-10-20,SUC-05,PROD-005,Iluminación,524.0,0,161.0,42
2025-10-27,SUC-05,PROD-005,Iluminación,526.74,0,119.0,53
2025-11-03,SUC-05,PROD-005,Iluminación,531.63,0,208.0,57
2025-11-10,SUC-05,PROD-005,Iluminación,458.13,1,151.0,67
2025-11-17,SUC-05,PROD-005,Iluminación,539.82,0,84.0,53
2025-11-24,SUC-05,PROD-005,Iluminación,519.66,0,182.0,76
2025-12-01,SUC-05,PROD-005,Iluminación,528.95,0,106.0,65
2025-12-08,SUC-05,PROD-005,Iluminación,455.89,1,41.0,41
2025-12-15,SUC-05,PROD-005,Iluminación,549.52,0,252.0,65
2025-12-22,SUC-05,PROD-005,Iluminación,470.49,1,187.0,93
2024-01-01,SUC-01,PROD-006,Accesorios,535.79,0,77.0,22
2024-01-08,SUC-01,PROD-006,Accesorios,547.93,0,55.0,25
2024-01-15,SUC-01,PROD-006,Accesorios,458.8,1,30.0,27
2024-01-22,SUC-01,PROD-006,Accesorios,521.51,0,99.0,26
2024-01-29,SUC-01,PROD-006,Accesorios,470.88,1,73.0,43
2024-02-05,SUC-01,PROD-006,Accesorios,521.06,0,30.0,30
2024-02-12,SUC-01,PROD-006,Accesorios,522.6,0,82.0,40
2024-02-19,SUC-01,PROD-006,Accesorios,537.02,0,42.0,38
2024-02-26,SUC-01,PROD-006,Accesorios,550.93,0,4.0,4
2024-03-04,SUC-01,PROD-006,Accesorios,531.03,0,112.0,28
2024-03-11,SUC-01,PROD-006,Accesorios,540.4,0,84.0,29
2024-03-18,SUC-01,PROD-006,Accesorios,451.57,1,55.0,19
2024-03-25,SUC-01,PROD-006,Accesorios,449.85,1,110.0,35
2024-04-01,SUC-01,PROD-006,Accesorios,537.61,0,75.0,31
2024-04-08,SUC-01,PROD-006,Accesorios,540.55,0,44.0,25
2024-04-15,SUC-01,PROD-006,Accesorios,533.58,0,99.0,39
2024-04-22,SUC-01,PROD-006,Accesorios,466.16,1,60.0,35
2024-04-29,SUC-01,PROD-006,Accesorios,459.34,1,25.0,25
2024-05-06,SUC-01,PROD-006,Accesorios,543.55,0,61.0,30
2024-05-13,SUC-01,PROD-006,Accesorios,520.75,0,31.0,27
2024-05-20,SUC-01,PROD-006,Accesorios,536.43,0,4.0,4
2024-05-27,SUC-01,PROD-006,Accesorios,472.87,1,130.0,30
2024-06-03,SUC-01,PROD-006,Accesorios,542.02,0,100.0,35
2024-06-10,SUC-01,PROD-006,Accesorios,548.02,0,65.0,27
2024-06-17,SUC-01,PROD-006,Accesorios,537.33,0,74.0,24
2024-06-24,SUC-01,PROD-006,Accesorios,448.93,1,50.0,26
2024-07-01,SUC-01,PROD-006,Accesorios,456.12,1,24.0,24
2024-07-08,SUC-01,PROD-006,Accesorios,535.1,0,0.0,0
2024-07-15,SUC-01,PROD-006,Accesorios,525.8,0,0.0,0
2024-07-22,SUC-01,PROD-006,Accesorios,526.0,0,0.0,0
2024-07-29,SUC-01,PROD-006,Accesorios,534.67,0,60.0,16
2024-08-05,SUC-01,PROD-006,Accesorios,473.8,1,44.0,14
2024-08-12,SUC-01,PROD-006,Accesorios,526.83,0,30.0,14
2024-08-19,SUC-01,PROD-006,Accesorios,531.25,0,57.0,20
2024-08-26,SUC-01,PROD-006,Accesorios,544.92,0,37.0,9
2024-09-02,SUC-01,PROD-006,Accesorios,451.76,1,28.0,12
2024-09-09,SUC-01,PROD-006,Accesorios,541.85,0,58.0,18
2024-09-16,SUC-01,PROD-006,Accesorios,549.75,0,40.0,25
2024-09-23,SUC-01,PROD-006,Accesorios,532.15,0,15.0,15
2024-09-30,SUC-01,PROD-006,Accesorios,547.97,0,0.0,0
2024-10-07,SUC-01,PROD-006,Accesorios,533.11,0,0.0,0
2024-10-14,SUC-01,PROD-006,Accesorios,453.68,1,0.0,0
2024-10-21,SUC-01,PROD-006,Accesorios,542.56,0,50.0,23
2024-10-28,SUC-01,PROD-006,Accesorios,543.7,0,27.0,26
2024-11-04,SUC-01,PROD-006,Accesorios,523.61,0,1.0,1
2024-11-11,SUC-01,PROD-006,Accesorios,525.25,0,86.0,19
2024-11-18,SUC-01,PROD-006,Accesorios,535.19,0,67.0,25
2024-11-25,SUC-01,PROD-006,Accesorios,550.54,0,42.0,30
2024-12-02,SUC-01,PROD-006,Accesorios,522.0,0,101.0,24
2024-12-09,SUC-01,PROD-006,Accesorios,550.1,0,77.0,30
2024-12-16,SUC-01,PROD-006,Accesorios,549.28,0,47.0,18
2024-12-23,SUC-01,PROD-006,Accesorios,452.52,1,148.0,27
2024-12-30,SUC-01,PROD-006,Accesorios,545.54,0,121.0,26
2025-01-06,SUC-01,PROD-006,Accesorios,538.5,0,95.0,28
2025-01-13,SUC-01,PROD-006,Accesorios,544.5,0,105.0,27
2025-01-20,SUC-01,PROD-006,Accesorios,449.47,1,78.0,33
2025-01-27,SUC-01,PROD-006,Accesorios,523.35,0,45.0,38
2025-02-03,SUC-01,PROD-006, ACCESORIOS ,541.27,0,98.0,32
2025-02-10,SUC-01,PROD-006,Accesorios,541.22,0,66.0,32
2025-02-17,SUC-01,PROD-006,Accesorios,549.78,0,34.0,28
2025-02-24,SUC-01,PROD-006,Accesorios,549.67,0,87.0,29
2025-03-03,SUC-01,PROD-006,Accesorios,535.88,0,58.0,28
2025-03-10,SUC-01,PROD-006,Accesorios,465.49,1,30.0,30
2025-03-17,SUC-01,PROD-006,Accesorios,528.7,0,110.0,27
2025-03-24,SUC-01,PROD-006,Accesorios,523.44,0,83.0,32
2025-03-31,SUC-01,PROD-006,Accesorios,547.45,0,51.0,29
2025-04-07,SUC-01,PROD-006,Accesorios,535.79,0,109.0,28
2025-04-14,SUC-01,PROD-006,Accesorios,529.3,0,81.0,25
2025-04-21,SUC-01,PROD-006,Accesorios,537.33,0,56.0,28
2025-04-28,SUC-01,PROD-006,Accesorios,545.96,0,71.0,26
2025-05-05,SUC-01,PROD-006,Accesorios,470.82,1,45.0,33
2025-05-12,SUC-01,PROD-006,Accesorios,454.33,1,12.0,12
2025-05-19,SUC-01,PROD-006,Accesorios,527.29,0,88.0,28
2025-05-26,SUC-01,PROD-006,Accesorios,551.42,0,60.0,21
2025-06-02,SUC-01,PROD-006,Accesorios,523.04,0,39.0,29
2025-06-09,SUC-01,PROD-006,Accesorios,526.13,0,55.0,22
2025-06-16,SUC-01,PROD-006,Accesorios,536.02,0,33.0,16
2025-06-23,SUC-01,PROD-006,Accesorios,534.99,0,17.0,17
2025-06-30,SUC-01,PROD-006,Accesorios,544.02,0,68.0,18
2025-07-07,SUC-01,PROD-006,Accesorios,466.98,1,50.0,23
2025-07-14,SUC-01,PROD-006,Accesorios,520.47,0,27.0,25
2025-07-21,SUC-01,PROD-006,Accesorios,536.72,0,49.0,13
2025-07-28,SUC-01,PROD-006,Accesorios,533.23,0,36.0,22
2025-08-04,SUC-01,PROD-006,Accesorios,541.77,0,14.0,14
2025-08-11,SUC-01,PROD-006,Accesorios,465.64,1,80.0,23
2025-08-18,SUC-01,PROD-006,Accesorios,530.27,0,57.0,23
2025-08-25,SUC-01,PROD-006,Accesorios,547.83,0,34.0,16
2025-09-01,SUC-01,PROD-006,Accesorios,523.0,0,70.0,19
2025-09-08,SUC-01,PROD-006,Accesorios,522.95,0,51.0,17
2025-09-15,SUC-01,PROD-006,Accesorios,540.56,0,34.0,17
2025-09-22,SUC-01,PROD-006,Accesorios,522.99,0,55.0,15
2025-09-29,SUC-01,PROD-006,Accesorios,544.35,0,40.0,22
2025-10-06,SUC-01,PROD-006,Accesorios,533.87,0,18.0,15
2025-10-13,SUC-01,PROD-006,Accesorios,-10.0,0,70.0,20
2025-10-20,SUC-01,PROD-006,Accesorios,533.92,0,50.0,11
2025-10-27,SUC-01,PROD-006,Accesorios,525.48,0,39.0,23
2025-11-03,SUC-01,PROD-006,Accesorios,540.82,0,74.0,14
2025-11-10,SUC-01,PROD-006,Accesorios,540.94,0,60.0,30
2025-11-17,SUC-01,PROD-006,Accesorios,540.68,0,30.0,29
2025-11-24,SUC-01,PROD-006,Accesorios,541.2,0,100.0,24
2025-12-01,SUC-01,PROD-006,Accesorios,453.13,1,76.0,29
2025-12-08,SUC-01,PROD-006,Accesorios,530.43,0,47.0,34
2025-12-15,SUC-01,PROD-006,Accesorios,524.4,0,95.0,31
2025-12-22,SUC-01,PROD-006,Accesorios,529.2,0,64.0,32
2024-01-01,SUC-02,PROD-006,Accesorios,545.07,0,101.0,30
2024-01-08,SUC-02,PROD-006,Accesorios,529.4,0,71.0,36
2024-01-15,SUC-02,PROD-006,Accesorios,550.99,0,35.0,22
2024-01-22,SUC-02,PROD-006,Accesorios,520.64,0,114.0,34
2024-01-29,SUC-02,PROD-006,Accesorios,530.75,0,80.0,33
2024-02-05,SUC-02,PROD-006,Accesorios,524.69,0,47.0,35
2024-02-12,SUC-02,PROD-006,Accesorios,524.63,0,100.0,34
2024-02-19,SUC-02,PROD-006,Accesorios,526.77,0,66.0,31
2024-02-26,SUC-02,PROD-006,Accesorios,551.01,0,35.0,27
2024-03-04,SUC-02,PROD-006,Accesorios,526.74,0,109.0,39
2024-03-11,SUC-02,PROD-006,Accesorios,529.15,0,70.0,29
2024-03-18,SUC-02,PROD-006,Accesorios,530.24,0,41.0,37
2024-03-25,SUC-02,PROD-006,Accesorios,527.84,0,85.0,29
2024-04-01,SUC-02,PROD-006,Accesorios,450.79,1,56.0,31
2024-04-08,SUC-02,PROD-006,Accesorios,525.02,0,25.0,25
2024-04-15,SUC-02,PROD-006,Accesorios,550.38,0,113.0,37
2024-04-22,SUC-02,PROD-006,Accesorios,545.2,0,76.0,29
2024-04-29,SUC-02,PROD-006,Accesorios,542.78,0,47.0,26
2024-05-06,SUC-02,PROD-006,Accesorios,527.93,0,107.0,29
2024-05-13,SUC-02,PROD-006,Accesorios,541.46,0,78.0,30
2024-05-20,SUC-02,PROD-006,Accesorios,537.12,0,48.0,23
2024-05-27,SUC-02,PROD-006,Accesorios,529.83,0,72.0,23
2024-06-03,SUC-02,PROD-006,Accesorios,471.59,1,49.0,35
2024-06-10,SUC-02,PROD-006,Accesorios,550.42,0,14.0,14
2024-06-17,SUC-02,PROD-006,Accesorios,545.46,0,73.0,34
2024-06-24,SUC-02,PROD-006,Accesorios,548.74,0,39.0,26
2024-07-01,SUC-02,PROD-006,Accesorios,547.49,0,13.0,13
2024-07-08,SUC-02,PROD-006,Accesorios,533.41,0,76.0,18
2024-07-15,SUC-02,PROD-006,Accesorios,473.19,1,58.0,28
2024-07-22,SUC-02,PROD-006,Accesorios,532.61,0,30.0,21
2024-07-29,SUC-02,PROD-006,Accesorios,534.1,0,55.0,21
2024-08-05,SUC-02,PROD-006,Accesorios,539.73,0,34.0,21
2024-08-12,SUC-02,PROD-006,Accesorios,542.71,0,13.0,13
2024-08-19,SUC-02,PROD-006,Accesorios,456.63,1,78.0,25
2024-08-26,SUC-02,PROD-006,Accesorios,539.13,0,53.0,22
2024-09-02,SUC-02,PROD-006,Accesorios,543.19,0,31.0,22
2024-09-09,SUC-02,PROD-006,Accesorios,541.38,0,9.0,9
2024-09-16,SUC-02,PROD-006,Accesorios,540.66,0,0.0,0
2024-09-23,SUC-02,PROD-006,Accesorios,550.34,0,0.0,0
2024-09-30,SUC-02,PROD-006,Accesorios,465.08,1,128.0,34
2024-10-07,SUC-02,PROD-006,Accesorios,543.41,0,94.0,22
2024-10-14,SUC-02,PROD-006,Accesorios,526.99,0,72.0,16
2024-10-21,SUC-02,PROD-006,Accesorios,529.77,0,62.0,22
2024-10-28,SUC-02,PROD-006,Accesorios,541.47,0,40.0,28
2024-11-04,SUC-02,PROD-006,Accesorios,468.05,1,12.0,12
2024-11-11,SUC-02,PROD-006,Accesorios,521.92,0,109.0,29
2024-11-18,SUC-02,PROD-006,Accesorios,536.46,0,80.0,13
fecha-invalida,SUC-02,PROD-006,Accesorios,550.26,0,67.0,22
2024-12-02,SUC-02,PROD-006,Accesorios,534.08,0,108.0,24
2024-12-09,SUC-02,PROD-006,Accesorios,,0,84.0,29
2024-12-16,SUC-02,PROD-006,Accesorios,469.22,1,55.0,42
2024-12-23,SUC-02,PROD-006,Accesorios,528.09,0,95.0,32
2024-12-30,SUC-02,PROD-006,Accesorios,525.24,0,63.0,36
2025-01-06,SUC-02,PROD-006,Accesorios,448.16,1,27.0,27
2025-01-13,SUC-02,PROD-006,Accesorios,546.07,0,91.0,43
2025-01-20,SUC-02,PROD-006,Accesorios,530.59,0,48.0,48
2025-01-27,SUC-02,PROD-006,Accesorios,530.71,0,0.0,999999
2025-02-03,SUC-02,PROD-006,Accesorios,543.11,0,0.0,0
2025-02-10,SUC-02,PROD-006,Accesorios,539.33,0,0.0,0
2025-02-17,SUC-02,PROD-006,Accesorios,531.6,0,0.0,0
2025-02-24,SUC-02,PROD-006,Accesorios,551.04,0,132.0,34
2025-03-03,SUC-02,PROD-006,Accesorios,521.04,0,98.0,37
2025-03-10,SUC-02,PROD-006,Accesorios,550.17,0,61.0,34
2025-03-17,SUC-02,PROD-006,Accesorios,547.31,0,145.0,31
2025-03-24,SUC-02,PROD-006,Accesorios,453.15,1,114.0,26
2025-03-31,SUC-02,PROD-006,Accesorios,522.28,0,88.0,48
2025-04-07,SUC-02,PROD-006,Accesorios,538.77,0,103.0,49
2025-04-14,SUC-02,PROD-006,Accesorios,530.73,0,54.0,35
2025-04-21,SUC-02,PROD-006,Accesorios,534.68,0,19.0,19
2025-04-28,SUC-02,PROD-006,Accesorios,535.62,0,128.0,32
2025-05-05,SUC-02,PROD-006,Accesorios,524.49,0,96.0,26
2025-05-12,SUC-02,PROD-006,Accesorios,530.0,0,70.0,31
2025-05-19,SUC-02,PROD-006,Accesorios,547.53,0,112.0,30
2025-05-26,SUC-02,PROD-006,Accesorios,543.88,0,82.0,37
2025-06-02,SUC-02,PROD-006,Accesorios,457.71,1,45.0,33
2025-06-09,SUC-02,PROD-006,Accesorios,547.5,0,89.0,33
2025-06-16,SUC-02,PROD-006,Accesorios,469.78,1,56.0,41
2025-06-23,SUC-02,PROD-006,Accesorios,539.9,0,15.0,15
2025-06-30,SUC-02,PROD-006,Accesorios,521.43,0,80.0,28
2025-07-07,SUC-02,PROD-006,Accesorios,526.46,0,52.0,23
2025-07-14,SUC-02,PROD-006,Accesorios,531.75,0,29.0,19
2025-07-21,SUC-02,PROD-006,Accesorios,542.99,0,78.0,22
2025-07-28,SUC-02,PROD-006,Accesorios,534.02,0,56.0,23
2025-08-04,SUC-02,PROD-006,Accesorios,539.81,0,33.0,30
2025-08-11,SUC-02,PROD-006,Accesorios,526.02,0,62.0,17
2025-08-18,SUC-02,PROD-006,Accesorios,534.59,0,45.0,18
2025-08-25,SUC-02,PROD-006,Accesorios,449.35,1,27.0,15
2025-09-01,SUC-02,PROD-006,Accesorios,531.59,0,12.0,12
2025-09-08,SUC-02,PROD-006,Accesorios,447.61,1,0.0,0
2025-09-15,SUC-02,PROD-006,Accesorios,523.43,0,0.0,0
2025-09-22,SUC-02,PROD-006,Accesorios,523.8,0,81.0,21
2025-09-29,SUC-02,PROD-006,Accesorios,551.81,0,60.0,20
2025-10-06,SUC-02,PROD-006,Accesorios,525.0,0,40.0,24
2025-10-13,SUC-02,PROD-006,Accesorios,521.16,0,75.0,27
2025-10-20,SUC-02,PROD-006,Accesorios,539.36,0,48.0,19
2025-10-27,SUC-02,PROD-006,Accesorios,469.11,1,29.0,25
2025-11-03,SUC-02,PROD-006,Accesorios,541.61,0,68.0,30
2025-11-10,SUC-02,PROD-006,Accesorios,536.16,0,38.0,27
2025-11-17,SUC-02,PROD-006,Accesorios,534.43,0,11.0,11
2025-11-24,SUC-02,PROD-006,Accesorios,535.98,0,121.0,35
2025-12-01,SUC-02,PROD-006,Accesorios,531.63,0,86.0,22
2025-12-08,SUC-02,PROD-006,Accesorios,532.89,0,64.0,28
2025-12-15,SUC-02,PROD-006,Accesorios,469.12,1,156.0,37
2025-12-22,SUC-02,PROD-006,Accesorios,532.03,0,119.0,55
2024-01-01,SUC-03,PROD-006,Accesorios,546.09,0,123.0,32
2024-01-08,SUC-03,PROD-006,Accesorios,449.27,1,91.0,50
2024-01-15,SUC-03,PROD-006,Accesorios,550.82,0,41.0,36
2024-01-22,SUC-03,PROD-006,Accesorios,537.73,0,108.0,41
2024-01-29,SUC-03,PROD-006,Accesorios,540.87,0,67.0,44
2024-02-05,SUC-03,PROD-006,Accesorios,546.05,0,23.0,23
2024-02-12,SUC-03,PROD-006,Accesorios,473.25,1,224.0,27
2024-02-19,SUC-03,PROD-006,Accesorios,520.56,0,197.0,40
2024-02-26,SUC-03,PROD-006,Accesorios,521.17,0,157.0,34
2024-03-04,SUC-03,PROD-006,Accesorios,528.32,0,146.0,49
2024-03-11,SUC-03,PROD-006,Accesorios,546.56,0,97.0,38
2024-03-18,SUC-03,PROD-006,Accesorios,521.44,0,59.0,43
2024-03-25,SUC-03,PROD-006,Accesorios,525.26,0,120.0,35
2024-04-01,SUC-03,PROD-006,Accesorios,527.67,0,85.0,54
2024-04-08,SUC-03,PROD-006,Accesorios,535.46,0,31.0,31
2024-04-15,SUC-03,PROD-006,Accesorios,531.71,0,153.0,49
2024-04-22,SUC-03,PROD-006,Accesorios,452.56,1,104.0,61
2024-04-29,SUC-03,PROD-006,Accesorios,523.38,0,43.0,35
2024-05-06,SUC-03,PROD-006,Accesorios,551.82,0,114.0,34
2024-05-13,SUC-03,PROD-006,Accesorios,547.2,0,80.0,37
2024-05-20,SUC-03,PROD-006,Accesorios,520.34,0,43.0,32
2024-05-27,SUC-03,PROD-006,Accesorios,533.86,0,128.0,32
2024-06-03,SUC-03,PROD-006,Accesorios,531.63,0,96.0,41
2024-06-10,SUC-03,PROD-006,Accesorios,526.37,0,55.0,27
2024-06-17,SUC-03,PROD-006,Accesorios,536.96,0,82.0,34
2024-06-24,SUC-03,PROD-006,Accesorios,531.74,0,48.0,28
2024-07-01,SUC-03,PROD-006,Accesorios,467.82,1,20.0,20
2024-07-08,SUC-03,PROD-006,Accesorios,541.34,0,0.0,0
2024-07-15,SUC-03,PROD-006,Accesorios,527.93,0,0.0,0
2024-07-22,SUC-03,PROD-006,Accesorios,552.25,0,0.0,0
2024-07-29,SUC-03,PROD-006,Accesorios,551.34,0,90.0,19
2024-08-05,SUC-03,PROD-006,Accesorios,458.74,1,71.0,10
2024-08-12,SUC-03,PROD-006,Accesorios,460.35,1,61.0,34
2024-08-19,SUC-03,PROD-006,Accesorios,531.96,0,67.0,30
2024-08-26,SUC-03,PROD-006,Accesorios,540.7,0,37.0,29
2024-09-02,SUC-03,PROD-006,Accesorios,530.02,0,8.0,8
2024-09-09,SUC-03,PROD-006,Accesorios,540.28,0,72.0,27
2024-09-16,SUC-03,PROD-006,Accesorios,530.34,0,45.0,24
2024-09-23,SUC-03,PROD-006,Accesorios,551.65,0,21.0,21
2024-09-30,SUC-03,PROD-006,Accesorios,538.61,0,64.0,25
2024-10-07,SUC-03,PROD-006,Accesorios,534.33,0,39.0,23
2024-10-14,SUC-03,PROD-006,Accesorios,541.44,0,16.0,16
2024-10-21,SUC-03,PROD-006,Accesorios,540.29,0,76.0,29
2024-10-28,SUC-03,PROD-006,Accesorios,538.79,0,47.0,31
2024-11-04,SUC-03,PROD-006,Accesorios,525.96,0,16.0,16
2024-11-11,SUC-03,PROD-006,Accesorios,544.8,0,0.0,0
2024-11-18,SUC-03,PROD-006,Accesorios,551.99,0,0.0,0
2024-11-25,SUC-03,PROD-006,Accesorios,528.54,0,0.0,0
2024-12-02,SUC-03,PROD-006,Accesorios,534.85,0,109.0,36
2024-12-09,SUC-03,PROD-006,Accesorios,471.47,1,73.0,29
2024-12-16,SUC-03,PROD-006,Accesorios,450.16,1,44.0,32
2024-12-23,SUC-03,PROD-006,Accesorios,470.95,1,205.0,59
2024-12-30,SUC-03,PROD-006,Accesorios,548.95,0,146.0,61
2025-01-06,SUC-03,PROD-006,Accesorios,538.24,0,85.0,38
2025-01-13,SUC-03,PROD-006,Accesorios,523.28,0,172.0,40
2025-01-20,SUC-03,PROD-006,Accesorios,528.08,0,132.0,40
2025-01-27,SUC-03,PROD-006,Accesorios,540.75,0,92.0,43
2025-02-03,SUC-03,PROD-006,Accesorios,466.23,1,234.0,57
2025-02-10,SUC-03,PROD-006,Accesorios,548.15,0,177.0,46
2025-02-17,SUC-03,PROD-006,Accesorios,521.11,0,131.0,48
2025-02-24,SUC-03,PROD-006,Accesorios,547.6,0,170.0,55
2025-03-03,SUC-03,PROD-006,Accesorios,523.74,0,115.0,42
2025-03-10,SUC-03,PROD-006,Accesorios,527.15,0,73.0,31
2025-03-17,SUC-03,PROD-006,Accesorios,461.01,1,42.0,42
2025-03-24,SUC-03,PROD-006,Accesorios,546.2,0,0.0,0
2025-03-31,SUC-03,PROD-006,Accesorios,527.9,0,0.0,0
2025-04-07,SUC-03,PROD-006,Accesorios,528.18,0,175.0,42
2025-04-14,SUC-03,PROD-006,Accesorios,534.87,0,133.0,29
2025-04-21,SUC-03,PROD-006,Accesorios,526.06,0,104.0,51
2025-04-28,SUC-03,PROD-006,Accesorios,531.54,0,119.0,47
2025-05-05,SUC-03,PROD-006,Accesorios,530.84,0,72.0,21
2025-05-12,SUC-03,PROD-006,Accesorios,458.51,1,51.0,46
2025-05-19,SUC-03,PROD-006,Accesorios,524.4,0,129.0,42
2025-05-26,SUC-03,PROD-006,Accesorios,537.54,0,87.0,29
2025-06-02,SUC-03,PROD-006,Accesorios,469.52,1,58.0,31
2025-06-09,SUC-03,PROD-006,Accesorios,461.32,1,124.0,52
2025-06-16,SUC-03,PROD-006,Accesorios,544.07,0,72.0,35
2025-06-23,SUC-03,PROD-006,Accesorios,543.79,0,37.0,31
2025-06-30,SUC-03,PROD-006,Accesorios,539.41,0,119.0,38
2025-07-07,SUC-03,PROD-006,Accesorios,525.58,0,81.0,30
2025-07-14,SUC-03,PROD-006,Accesorios,548.41,0,51.0,28
2025-07-21,SUC-03,PROD-006,Accesorios,552.26,0,83.0,33
2025-07-28,SUC-03,PROD-006,Accesorios,534.25,0,50.0,28
2025-08-04,SUC-03,PROD-006,Accesorios,467.05,1,22.0,22
2025-08-11,SUC-03,PROD-006,Accesorios,527.8,0,99.0,29
2025-08-18,SUC-03,PROD-006,Accesorios,546.67,0,70.0,21
2025-08-25,SUC-03,PROD-006,Accesorios,536.75,0,49.0,23
2025-09-01,SUC-03,PROD-006,Accesorios,523.64,0,102.0,29
2025-09-08,SUC-03,PROD-006,Accesorios,527.53,0,73.0,25
2025-09-15,SUC-03,PROD-006,Accesorios,523.74,0,48.0,18
2025-09-22,SUC-03,PROD-006,Accesorios,522.73,0,89.0,31
2025-09-29,SUC-03,PROD-006,Accesorios,549.38,0,58.0,26
2025-10-06,SUC-03,PROD-006,Accesorios,474.55,1,32.0,32
2025-10-13,SUC-03,PROD-006,Accesorios,469.73,1,126.0,22
2025-10-20,SUC-03,PROD-006,Accesorios,469.28,1,104.0,46
2025-10-27,SUC-03,PROD-006,Accesorios,524.14,0,58.0,38
2025-11-03,SUC-03,PROD-006,Accesorios,543.35,0,101.0,32
2025-11-10,SUC-03,PROD-006,Accesorios,544.12,0,69.0,35
fecha-invalida,SUC-03,PROD-006,Accesorios,548.37,0,34.0,34
2025-11-24,SUC-03,PROD-006,Accesorios,542.24,0,150.0,37
2025-12-01,SUC-03,PROD-006,Accesorios,529.36,0,113.0,28
2025-12-08,SUC-03,PROD-006,Accesorios,540.91,0,85.0,35
2025-12-15,SUC-03,PROD-006,Accesorios,545.56,0,50.0,40
2025-12-22,SUC-03,PROD-006,Accesorios,541.01,0,10.0,10
2024-01-01,SUC-04,PROD-006,Accesorios,531.38,0,143.0,16
2024-01-08,SUC-04,PROD-006,Accesorios,527.5,0,127.0,31
2024-01-15,SUC-04,PROD-006,Accesorios,474.31,1,96.0,50
2024-01-22,SUC-04,PROD-006,Accesorios,535.99,0,121.0,30
2024-01-29,SUC-04,PROD-006,Accesorios,474.99,1,91.0,52
2024-02-05,SUC-04,PROD-006,Accesorios,538.11,0,39.0,39
2024-02-12,SUC-04,PROD-006,Accesorios,464.49,1,220.0,66
2024-02-19,SUC-04,PROD-006,Accesorios,471.13,1,154.0,71
2024-02-26,SUC-04,PROD-006,Accesorios,527.25,0,83.0,54
2024-03-04,SUC-04,PROD-006,Accesorios,524.87,0,129.0,51
2024-03-11,SUC-04,PROD-006,Accesorios,545.91,0,78.0,58
2024-03-18,SUC-04,PROD-006,Accesorios,460.16,1,20.0,20
2024-03-25,SUC-04,PROD-006,Accesorios,458.05,1,223.0,73
2024-04-01,SUC-04,PROD-006,Accesorios,524.23,0,150.0,39
2024-04-08,SUC-04,PROD-006,Accesorios,533.6,0,111.0,48
2024-04-15,SUC-04,PROD-006,Accesorios,550.17,0,173.0,47
2024-04-22,SUC-04,PROD-006,Accesorios,526.63,0,126.0,39
2024-04-29,SUC-04,PROD-006,Accesorios,530.98,0,87.0,36
2024-05-06,SUC-04,PROD-006,Accesorios,451.61,1,167.0,47
2024-05-13,SUC-04,PROD-006,Accesorios,530.74,0,120.0,46
2024-05-20,SUC-04,PROD-006,Accesorios,466.54,1,74.0,28
2024-05-27,SUC-04,PROD-006,Accesorios,531.0,0,96.0,48
2024-06-03,SUC-04,PROD-006,Accesorios,530.17,0,48.0,48
2024-06-10,SUC-04,PROD-006,Accesorios,468.88,1,0.0,0
2024-06-17,SUC-04,PROD-006,Accesorios,525.45,0,106.0,49
2024-06-24,SUC-04,PROD-006,Accesorios,525.23,0,57.0,35
2024-07-01,SUC-04,PROD-006,Accesorios,523.18,0,22.0,22
2024-07-08,SUC-04,PROD-006,Accesorios,544.39,0,109.0,24
2024-07-15,SUC-04,PROD-006,Accesorios,472.54,1,85.0,26
2024-07-22,SUC-04,PROD-006,Accesorios,544.73,0,59.0,37
2024-07-29,SUC-04,PROD-006,Accesorios,532.28,0,99.0,27
2024-08-05,SUC-04,PROD-006,Accesorios,543.28,0,72.0,27
2024-08-12,SUC-04,PROD-006,Accesorios,534.56,0,45.0,33
2024-08-19,SUC-04,PROD-006,Accesorios,537.18,0,108.0,26
2024-08-26,SUC-04,PROD-006,Accesorios,534.04,0,82.0,32
2024-09-02,SUC-04,PROD-006,Accesorios,537.05,0,50.0,28
2024-09-09,SUC-04,PROD-006,Accesorios,540.34,0,85.0,29
2024-09-16,SUC-04,PROD-006,Accesorios,533.05,0,56.0,30
2024-09-23,SUC-04,PROD-006,Accesorios,532.21,0,26.0,24
2024-09-30,SUC-04,PROD-006,Accesorios,463.93,1,108.0,32
2024-10-07,SUC-04,PROD-006,Accesorios,542.96,0,76.0,38
2024-10-14,SUC-04,PROD-006,Accesorios,464.88,1,38.0,38
2024-10-21,SUC-04,PROD-006,Accesorios,540.85,0,0.0,0
2024-10-28,SUC-04,PROD-006,Accesorios,525.89,0,0.0,0
2024-11-04,SUC-04,PROD-006,Accesorios,524.02,0,0.0,0
2024-11-11,SUC-04,PROD-006,Accesorios,448.48,1,143.0,45
2024-11-18,SUC-04,PROD-006,Accesorios,542.63,0,98.0,42
2024-11-25,SUC-04,PROD-006,Accesorios,536.48,0,56.0,43
2024-12-02,SUC-04,PROD-006,Accesorios,552.4,0,105.0,43
2024-12-09,SUC-04,PROD-006,Accesorios,531.34,0,62.0,999999
2024-12-16,SUC-04,PROD-006,Accesorios,453.89,1,20.0,20
2024-12-23,SUC-04,PROD-006,Accesorios,544.08,0,146.0,42
2024-12-30,SUC-04,PROD-006,Accesorios,523.97,0,104.0,28
2025-01-06,SUC-04,PROD-006,Accesorios,544.34,0,76.0,59
2025-01-13,SUC-04,PROD-006,Accesorios,548.55,0,138.0,60
2025-01-20,SUC-04,PROD-006,Accesorios,526.3,0,78.0,42
2025-01-27,SUC-04,PROD-006,Accesorios,536.68,0,36.0,36
2025-02-03,SUC-04,PROD-006,Accesorios,534.7,0,175.0,42
2025-02-10,SUC-04,PROD-006,Accesorios,524.69,0,133.0,52
2025-02-17,SUC-04,PROD-006,Accesorios,549.12,0,81.0,48
2025-02-24,SUC-04,PROD-006,Accesorios,525.86,0,188.0,47
2025-03-03,SUC-04,PROD-006,Accesorios,535.73,0,141.0,46
2025-03-10,SUC-04,PROD-006,Accesorios,552.22,0,95.0,47
2025-03-17,SUC-04,PROD-006,Accesorios,472.92,1,200.0,57
2025-03-24,SUC-04,PROD-006,Accesorios,532.84,0,143.0,71
2025-03-31,SUC-04,PROD-006,Accesorios,531.07,0,72.0,39
2025-04-07,SUC-04,PROD-006,Accesorios,522.07,0,159.0,54
2025-04-14,SUC-04,PROD-006,Accesorios,542.04,0,105.0,51
2025-04-21,SUC-04,PROD-006,Accesorios,475.16,1,54.0,54
2025-04-28,SUC-04,PROD-006,Accesorios,530.99,0,146.0,45
2025-05-05,SUC-04,PROD-006,Accesorios,541.81,0,101.0,49
2025-05-12,SUC-04,PROD-006,Accesorios,543.03,0,52.0,52
2025-05-19,SUC-04,PROD-006,Accesorios,539.07,0,162.0,51
2025-05-26,SUC-04,PROD-006,Accesorios,542.62,0,111.0,43
2025-06-02,SUC-04,PROD-006,Accesorios,543.06,0,68.0,999999
2025-06-09,SUC-04,PROD-006,Accesorios,546.34,0,148.0,35
2025-06-16,SUC-04,PROD-006,Accesorios,549.32,0,113.0,43
2025-06-23,SUC-04,PROD-006,Accesorios,527.65,0,70.0,35
2025-06-30,SUC-04,PROD-006,Accesorios,473.22,1,191.0,51
2025-07-07,SUC-04,PROD-006,Accesorios,533.92,0,140.0,44
2025-07-14,SUC-04,PROD-006,Accesorios,546.72,0,96.0,36
2025-07-21,SUC-04,PROD-006,Accesorios,525.8,0,131.0,29
2025-07-28,SUC-04,PROD-006,Accesorios,539.63,0,102.0,31
2025-08-04,SUC-04,PROD-006,Accesorios,551.78,0,71.0,31
2025-08-11,SUC-04,PROD-006,Accesorios,547.31,0,40.0,28
2025-08-18,SUC-04,PROD-006,Accesorios,532.01,0,12.0,12
2025-08-25,SUC-04,PROD-006,Accesorios,534.96,0,0.0,0
2025-09-01,SUC-04,PROD-006,Accesorios,543.22,0,0.0,0
2025-09-08,SUC-04,PROD-006,Accesorios,548.41,0,0.0,0
2025-09-15,SUC-04,PROD-006,Accesorios,549.11,0,0.0,0
2025-09-22,SUC-04,PROD-006,Accesorios,545.96,0,95.0,29
2025-09-29,SUC-04,PROD-006,Accesorios,542.91,0,66.0,30
2025-10-06,SUC-04,PROD-006,Accesorios,537.12,0,36.0,36
2025-10-13,SUC-04,PROD-006,Accesorios,532.92,0,118.0,34
2025-10-20,SUC-04,PROD-006,Accesorios,549.68,0,84.0,30
2025-10-27,SUC-04,PROD-006,Accesorios,538.09,0,54.0,41
2025-11-03,SUC-04,PROD-006,Accesorios,546.56,0,120.0,37
2025-11-10,SUC-04,PROD-006,Accesorios,455.88,1,83.0,51
2025-11-17,SUC-04,PROD-006,Accesorios,533.1,0,32.0,32
2025-11-24,SUC-04,PROD-006,Accesorios,524.29,0,161.0,57
2025-12-01,SUC-04,PROD-006,Accesorios,534.39,0,104.0,26
2025-12-08,SUC-04,PROD-006,Accesorios,541.11,0,78.0,33
2025-12-15,SUC-04,PROD-006,Accesorios,536.31,0,137.0,39
2025-12-22,SUC-04,PROD-006,Accesorios,534.12,0,98.0,56
2024-01-01,SUC-05,PROD-006,Accesorios,456.89,1,176.0,52
2024-01-08,SUC-05,PROD-006,Accesorios,461.24,1,124.0,75
2024-01-15,SUC-05,PROD-006,Accesorios,550.37,0,49.0,49
2024-01-22,SUC-05,PROD-006,Accesorios,545.87,0,132.0,55
2024-01-29,SUC-05,PROD-006,Accesorios,549.5,0,77.0,56
2024-02-05,SUC-05,PROD-006,Accesorios,545.08,0,21.0,21
2024-02-12,SUC-05,PROD-006,Accesorios,551.52,0,163.0,45
2024-02-19,SUC-05,PROD-006,Accesorios,471.25,1,118.0,64
2024-02-26,SUC-05,PROD-006,Accesorios,535.65,0,54.0,54
2024-03-04,SUC-05,PROD-006,Accesorios,540.96,0,211.0,59
2024-03-11,SUC-05,PROD-006,Accesorios,548.17,0,152.0,59
2024-03-18,SUC-05,PROD-006,Accesorios,543.57,0,93.0,82
2024-03-25,SUC-05,PROD-006,Accesorios,528.41,0,188.0,57
2024-04-01,SUC-05,PROD-006,Accesorios,538.64,0,131.0,50
2024-04-08,SUC-05,PROD-006,Accesorios,541.2,0,81.0,56
2024-04-15,SUC-05,PROD-006,Accesorios,549.61,0,182.0,40
2024-04-22,SUC-05,PROD-006,Accesorios,544.13,0,142.0,43
2024-04-29,SUC-05,PROD-006,Accesorios,547.61,0,99.0,57
2024-05-06,SUC-05,PROD-006,Accesorios,538.12,0,179.0,46
2024-05-13,SUC-05,PROD-006,Accesorios,540.16,0,133.0,42
2024-05-20,SUC-05,PROD-006,Accesorios,537.99,0,91.0,40
2024-05-27,SUC-05,PROD-006,Accesorios,460.97,1,250.0,37
2024-06-03,SUC-05,PROD-006,Accesorios,456.53,1,213.0,62
2024-06-10,SUC-05,PROD-006,Accesorios,522.22,0,151.0,52
2024-06-17,SUC-05,PROD-006,Accesorios,549.31,0,152.0,44
2024-06-24,SUC-05,PROD-006,Accesorios,537.67,0,108.0,45
2024-07-01,SUC-05,PROD-006,Accesorios,548.73,0,63.0,44
2024-07-08,SUC-05,PROD-006,Accesorios,521.91,0,93.0,26
2024-07-15,SUC-05,PROD-006,Accesorios,530.76,0,67.0,38
2024-07-22,SUC-05,PROD-006,Accesorios,543.98,0,29.0,29
2024-07-29,SUC-05,PROD-006,Accesorios,547.75,0,79.0,36
2024-08-05,SUC-05,PROD-006,Accesorios,545.27,0,43.0,13
2024-08-12,SUC-05,PROD-006,Accesorios,545.94,0,30.0,30
2024-08-19,SUC-05,PROD-006,Accesorios,550.74,0,0.0,0
2024-08-26,SUC-05,PROD-006,Accesorios,449.34,1,0.0,0
2024-09-02,SUC-05,PROD-006,Accesorios,539.96,0,0.0,0
2024-09-09,SUC-05,PROD-006,Accesorios,459.93,1,190.0,55
2024-09-16,SUC-05,PROD-006,Accesorios,460.16,1,135.0,34
2024-09-23,SUC-05,PROD-006,Accesorios,540.01,0,101.0,43
2024-09-30,SUC-05,PROD-006,Accesorios,540.31,0,114.0,38
2024-10-07,SUC-05,PROD-006,Accesorios,546.12,0,76.0,34
2024-10-14,SUC-05,PROD-006,Accesorios,543.41,0,42.0,41
2024-10-21,SUC-05,PROD-006,Accesorios,534.11,0,136.0,42
2024-10-28,SUC-05,PROD-006,Accesorios,525.37,0,94.0,42
2024-11-04,SUC-05,PROD-006,Accesorios,532.32,0,52.0,37
2024-11-11,SUC-05,PROD-006,Accesorios,548.49,0,126.0,35
2024-11-18,SUC-05,PROD-006,Accesorios,463.01,1,91.0,40
2024-11-25,SUC-05,PROD-006,Accesorios,529.28,0,51.0,40
2024-12-02,SUC-05,PROD-006,Accesorios,552.12,0,11.0,11
2024-12-09,SUC-05,PROD-006,Accesorios,469.88,1,0.0,0
2024-12-16,SUC-05,PROD-006,Accesorios,464.53,1,0.0,0
2024-12-23,SUC-05,PROD-006,Accesorios,538.94,0,164.0,60
2024-12-30,SUC-05,PROD-006,Accesorios,530.44,0,104.0,51
2025-01-06,SUC-05,PROD-006,Accesorios,527.82,0,53.0,53
2025-01-13,SUC-05,PROD-006,Accesorios,449.26,1,248.0,49
2025-01-20,SUC-05,PROD-006,Accesorios,539.65,0,199.0,65
2025-01-27,SUC-05,PROD-006,Accesorios,531.33,0,134.0,102
2025-02-03,SUC-05,PROD-006,Accesorios,551.79,0,191.0,142
2025-02-10,SUC-05,PROD-006,Accesorios,473.31,1,49.0,49
2025-02-17,SUC-05,PROD-006,Accesorios,524.39,0,0.0,0
2025-02-24,SUC-05,PROD-006,Accesorios,474.27,1,328.0,83
2025-03-03,SUC-05,PROD-006,Accesorios,550.36,0,245.0,68
2025-03-10,SUC-05,PROD-006,Accesorios,550.12,0,177.0,86
2025-03-17,SUC-05,PROD-006,Accesorios,529.46,0,196.0,67
2025-03-24,SUC-05,PROD-006,Accesorios,543.1,0,129.0,999999
2025-03-31,SUC-05,PROD-006,Accesorios,537.55,0,86.0,52
2025-04-07,SUC-05,PROD-006,Accesorios,466.32,1,297.0,58
2025-04-14,SUC-05,PROD-006,Accesorios,541.48,0,239.0,61
2025-04-21,SUC-05,PROD-006,Accesorios,524.38,0,178.0,62
2025-04-28,SUC-05,PROD-006,Accesorios,550.25,0,157.0,53
2025-05-05,SUC-05,PROD-006,Accesorios,531.55,0,104.0,53
2025-05-12,SUC-05,PROD-006,Accesorios,523.03,0,51.0,36
2025-05-19,SUC-05,PROD-006,Accesorios,533.64,0,149.0,44
2025-05-26,SUC-05,PROD-006,Accesorios,527.25,0,105.0,30
2025-06-02,SUC-05,PROD-006,Accesorios,458.52,1,75.0,66
2025-06-09,SUC-05,PROD-006,Accesorios,546.25,0,115.0,49
2025-06-16,SUC-05,PROD-006,Accesorios,532.29,0,66.0,57
2025-06-23,SUC-05,PROD-006,Accesorios,524.37,0,9.0,9
2025-06-30,SUC-05,PROD-006,Accesorios,542.98,0,146.0,37
2025-07-07,SUC-05,PROD-006,Accesorios,522.92,0,109.0,33
2025-07-14,SUC-05,PROD-006,Accesorios,528.82,0,76.0,36
2025-07-21,SUC-05,PROD-006,Accesorios,541.77,0,133.0,44
2025-07-28,SUC-05,PROD-006,Accesorios,524.54,0,89.0,32
2025-08-04,SUC-05,PROD-006,Accesorios,530.83,0,57.0,37
2025-08-11,SUC-05,PROD-006,Accesorios,458.63,1,128.0,35
2025-08-18,SUC-05,PROD-006,Accesorios,545.66,0,93.0,34
2025-08-25,SUC-05,PROD-006,Accesorios,536.45,0,59.0,30
2025-09-01,SUC-05,PROD-006,Accesorios,530.36,0,135.0,40
2025-09-08,SUC-05,PROD-006,Accesorios,529.3,0,95.0,35
2025-09-15,SUC-05,PROD-006,Accesorios,535.55,0,60.0,36
2025-09-22,SUC-05,PROD-006,Accesorios,536.04,0,134.0,33
2025-09-29,SUC-05,PROD-006,Accesorios,464.86,1,101.0,40
2025-10-06,SUC-05,PROD-006,Accesorios,541.12,0,61.0,39
2025-10-13,SUC-05,PROD-006,Accesorios,540.03,0,116.0,36
2025-10-20,SUC-05,PROD-006,Accesorios,526.56,0,80.0,43
2025-10-27,SUC-05,PROD-006,Accesorios,550.76,0,37.0,37
2025-11-03,SUC-05,PROD-006,Accesorios,453.34,1,257.0,37
2025-11-10,SUC-05,PROD-006,Accesorios,531.9,0,220.0,42
2025-11-17,SUC-05,PROD-006,Accesorios,545.81,0,178.0,57
2025-11-24,SUC-05,PROD-006,Accesorios,522.42,0,121.0,54
2025-12-01,SUC-05,PROD-006,Accesorios,448.09,1,67.0,47
2025-12-08,SUC-05,PROD-006,Accesorios,546.49,0,20.0,20
2025-12-15,SUC-05,PROD-006,Accesorios,470.72,1,310.0,60
2025-12-22,SUC-05,PROD-006,Accesorios,545.52,0,250.0,44
2024-01-01,SUC-01,PROD-007,Decoración,166.99,0,144.0,45
2024-01-08,SUC-01,PROD-007,Decoración,163.77,0,99.0,51
2024-01-15,SUC-01,PROD-007,Decoración,165.02,0,48.0,35
2024-01-22,SUC-01,PROD-007,Decoración,165.13,0,159.0,47
2024-01-29,SUC-01,PROD-007,Decoración,166.48,0,112.0,55
2024-02-05,SUC-01,PROD-007, DECORACIÓN ,158.78,0,57.0,47
2024-02-12,SUC-01,PROD-007,Decoración,162.54,0,151.0,29
2024-02-19,SUC-01,PROD-007,Decoración,166.1,0,122.0,32
2024-02-26,SUC-01,PROD-007,Decoración,164.62,0,90.0,64
2024-03-04,SUC-01,PROD-007,Decoración,160.79,0,26.0,26
2024-03-11,SUC-01,PROD-007,Decoración,164.38,0,0.0,0
2024-03-18,SUC-01,PROD-007,Decoración,162.54,0,0.0,0
2024-03-25,SUC-01,PROD-007,Decoración,159.27,0,130.0,41
2024-04-01,SUC-01,PROD-007,Decoración,157.9,0,89.0,34
2024-04-08,SUC-01,PROD-007,Decoración,140.81,1,55.0,55
2024-04-15,SUC-01,PROD-007,Decoración,166.03,0,131.0,43
2024-04-22,SUC-01,PROD-007,Decoración,143.14,1,88.0,40
2024-04-29,SUC-01,PROD-007,Decoración,163.79,0,48.0,34
2024-05-06,SUC-01,PROD-007,Decoración,163.41,0,98.0,26
2024-05-13,SUC-01,PROD-007,Decoración,159.9,0,72.0,33
2024-05-20,SUC-01,PROD-007,Decoración,162.44,0,39.0,31
2024-05-27,SUC-01,PROD-007,Decoración,142.33,1,119.0,24
2024-06-03,SUC-01,PROD-007,Decoración,161.94,0,95.0,37
2024-06-10,SUC-01,PROD-007,Decoración,164.47,0,58.0,30
2024-06-17,SUC-01,PROD-007,Decoración,165.12,0,107.0,35
2024-06-24,SUC-01,PROD-007,Decoración,163.14,0,72.0,29
2024-07-01,SUC-01,PROD-007,Decoración,158.28,0,43.0,31
2024-07-08,SUC-01,PROD-007,Decoración,164.28,0,86.0,24
2024-07-15,SUC-01,PROD-007,Decoración,163.85,0,62.0,23
2024-07-22,SUC-01,PROD-007,Decoración,157.71,0,39.0,20
2024-07-29,SUC-01,PROD-007,Decoración,164.17,0,70.0,28
2024-08-05,SUC-01,PROD-007,Decoración,157.9,0,42.0,23
2024-08-12,SUC-01,PROD-007,Decoración,138.2,1,19.0,19
2024-08-19,SUC-01,PROD-007,Decoración,163.41,0,71.0,30
2024-08-26,SUC-01,PROD-007,Decoración,162.24,0,41.0,41
2024-09-02,SUC-01,PROD-007,Decoración,141.62,1,0.0,0
2024-09-09,SUC-01,PROD-007,Decoración,162.37,0,97.0,37
2024-09-16,SUC-01,PROD-007,Decoración,162.76,0,60.0,24
2024-09-23,SUC-01,PROD-007,Decoración,161.98,0,36.0,25
2024-09-30,SUC-01,PROD-007,Decoración,160.12,0,124.0,39
2024-10-07,SUC-01,PROD-007,Decoración,166.09,0,85.0,34
2024-10-14,SUC-01,PROD-007,Decoración,162.66,0,51.0,34
2024-10-21,SUC-01,PROD-007,Decoración,165.28,0,104.0,34
2024-10-28,SUC-01,PROD-007,Decoración,161.89,0,70.0,28
2024-11-04,SUC-01,PROD-007,Decoración,141.83,1,42.0,42
2024-11-11,SUC-01,PROD-007,Decoración,163.07,0,153.0,36
2024-11-18,SUC-01,PROD-007,Decoración,162.31,0,117.0,35
2024-11-25,SUC-01,PROD-007,Decoración,166.1,0,82.0,48
2024-12-02,SUC-01,PROD-007,Decoración,162.16,0,108.0,34
2024-12-09,SUC-01,PROD-007,Decoración,160.21,0,74.0,35
2024-12-16,SUC-01,PROD-007,Decoración,162.49,0,39.0,39
2024-12-23,SUC-01,PROD-007,Decoración,143.17,1,0.0,0
fecha-invalida,SUC-01,PROD-007,Decoración,139.19,1,0.0,0
2025-01-06,SUC-01,PROD-007,Decoración,160.91,0,0.0,0
2025-01-13,SUC-01,PROD-007,Decoración,166.31,0,117.0,62
2025-01-20,SUC-01,PROD-007,Decoración,166.16,0,55.0,49
2025-01-27,SUC-01,PROD-007,Decoración,159.72,0,6.0,6
2025-02-03,SUC-01,PROD-007,Decoración,160.65,0,0.0,0
2025-02-10,SUC-01,PROD-007,Decoración,160.71,0,0.0,0
2025-02-17,SUC-01,PROD-007,Decoración,137.16,1,0.0,0
2025-02-24,SUC-01,PROD-007,Decoración,140.41,1,246.0,74
2025-03-03,SUC-01,PROD-007,Decoración,163.44,0,172.0,43
2025-03-10,SUC-01,PROD-007,Decoración,159.77,0,129.0,39
2025-03-17,SUC-01,PROD-007,Decoración,136.68,1,90.0,52
2025-03-24,SUC-01,PROD-007,Decoración,160.36,0,38.0,38
2025-03-31,SUC-01,PROD-007,Decoración,163.07,0,0.0,0
2025-04-07,SUC-01,PROD-007,Decoración,162.22,0,0.0,0
2025-04-14,SUC-01,PROD-007,Decoración,158.28,0,0.0,0
2025-04-21,SUC-01,PROD-007,Decoración,162.92,0,0.0,0
2025-04-28,SUC-01,PROD-007,Decoración,167.16,0,104.0,42
2025-05-05,SUC-01,PROD-007,Decoración,158.05,0,62.0,28
2025-05-12,SUC-01,PROD-007,Decoración,165.55,0,34.0,31
2025-05-19,SUC-01,PROD-007,Decoración,160.84,0,3.0,3
2025-05-26,SUC-01,PROD-007,Decoración,163.71,0,0.0,0
2025-06-02,SUC-01,PROD-007,Decoración,161.38,0,0.0,0
2025-06-09,SUC-01,PROD-007,Decoración,159.87,0,105.0,25
2025-06-16,SUC-01,PROD-007,Decoración,159.77,0,80.0,31
2025-06-23,SUC-01,PROD-007,Decoración,165.34,0,49.0,33
2025-06-30,SUC-01,PROD-007,Decoración,159.39,0,66.0,31
2025-07-07,SUC-01,PROD-007,Decoración,158.02,0,35.0,24
2025-07-14,SUC-01,PROD-007,Decoración,166.38,0,11.0,11
2025-07-21,SUC-01,PROD-007,Decoración,161.75,0,81.0,24
2025-07-28,SUC-01,PROD-007,Decoración,164.32,0,57.0,26
2025-08-04,SUC-01,PROD-007,Decoración,161.05,0,31.0,27
2025-08-11,SUC-01,PROD-007,Decoración,160.21,0,4.0,4
2025-08-18,SUC-01,PROD-007,Decoración,162.68,0,0.0,0
2025-08-25,SUC-01,PROD-007,Decoración,165.23,0,0.0,0
2025-09-01,SUC-01,PROD-007,Decoración,161.66,0,87.0,24
2025-09-08,SUC-01,PROD-007,Decoración,166.15,0,63.0,24
2025-09-15,SUC-01,PROD-007,Decoración,166.5,0,39.0,28
2025-09-22,SUC-01,PROD-007,Decoración,165.84,0,122.0,18
2025-09-29,SUC-01,PROD-007,Decoración,136.93,1,104.0,41
2025-10-06,SUC-01,PROD-007,Decoración,163.1,0,63.0,29
2025-10-13,SUC-01,PROD-007,Decoración,160.84,0,114.0,45
2025-10-20,SUC-01,PROD-007,Decoración,138.03,1,69.0,39
2025-10-27,SUC-01,PROD-007,Decoración,158.94,0,30.0,30
2025-11-03,SUC-01,PROD-007,Decoración,161.69,0,96.0,37
2025-11-10,SUC-01,PROD-007,Decoración,165.78,0,59.0,41
2025-11-17,SUC-01,PROD-007,Decoración,165.39,0,18.0,18
2025-11-24,SUC-01,PROD-007,Decoración,163.89,0,113.0,48
2025-12-01,SUC-01,PROD-007,Decoración,165.69,0,65.0,39
2025-12-08,SUC-01,PROD-007,Decoración,138.69,1,26.0,26
2025-12-15,SUC-01,PROD-007,Decoración,158.43,0,116.0,49
2025-12-22,SUC-01,PROD-007,Decoración,163.87,0,67.0,54
2024-01-01,SUC-02,PROD-007,Decoración,162.49,0,210.0,55
2024-01-08,SUC-02,PROD-007,Decoración,166.02,0,155.0,60
2024-01-15,SUC-02,PROD-007,Decoración,162.76,0,95.0,62
2024-01-22,SUC-02,PROD-007,Decoración,165.52,0,138.0,59
2024-01-29,SUC-02,PROD-007,Decoración,159.15,0,79.0,54
2024-02-05,SUC-02,PROD-007,Decoración,163.55,0,25.0,25
2024-02-12,SUC-02,PROD-007,Decoración,160.62,0,150.0,56
2024-02-19,SUC-02,PROD-007,Decoración,159.24,0,94.0,58
2024-02-26,SUC-02,PROD-007,Decoración,159.52,0,36.0,36
2024-03-04,SUC-02,PROD-007,Decoración,164.38,0,183.0,68
2024-03-11,SUC-02,PROD-007,Decoración,164.7,0,115.0,54
2024-03-18,SUC-02,PROD-007,Decoración,161.94,0,61.0,61
2024-03-25,SUC-02,PROD-007,Decoración,159.47,0,124.0,63
2024-04-01,SUC-02,PROD-007,Decoración,158.09,0,61.0,41
2024-04-08,SUC-02,PROD-007,Decoración,160.11,0,20.0,20
2024-04-15,SUC-02,PROD-007,Decoración,162.24,0,123.0,42
2024-04-22,SUC-02,PROD-007,Decoración,165.11,0,81.0,38
2024-04-29,SUC-02,PROD-007,Decoración,162.92,0,43.0,39
2024-05-06,SUC-02,PROD-007,Decoración,164.81,0,101.0,38
2024-05-13,SUC-02,PROD-007,Decoración,160.97,0,63.0,28
2024-05-20,SUC-02,PROD-007,Decoración,160.49,0,35.0,35
2024-05-27,SUC-02,PROD-007,Decoración,165.59,0,107.0,47
2024-06-03,SUC-02,PROD-007,Decoración,163.58,0,60.0,35
2024-06-10,SUC-02,PROD-007,Decoración,164.67,0,25.0,20
2024-06-17,SUC-02,PROD-007,Decoración,159.34,0,105.0,36
2024-06-24,SUC-02,PROD-007,Decoración,161.17,0,69.0,26
fecha-invalida,SUC-02,PROD-007,Decoración,160.07,0,43.0,35
2024-07-08,SUC-02,PROD-007,Decoración,161.92,0,130.0,36
2024-07-15,SUC-02,PROD-007,Decoración,157.84,0,94.0,23
2024-07-22,SUC-02,PROD-007,Decoración,136.0,1,71.0,31
2024-07-29,SUC-02,PROD-007,Decoración,163.23,0,40.0,35
2024-08-05,SUC-02,PROD-007,Decoración,140.35,1,5.0,5
2024-08-12,SUC-02,PROD-007,Decoración,165.05,0,0.0,0
2024-08-19,SUC-02,PROD-007,Decoración,165.82,0,93.0,29
2024-08-26,SUC-02,PROD-007,Decoración,164.03,0,64.0,34
2024-09-02,SUC-02,PROD-007,Decoración,164.99,0,30.0,30
2024-09-09,SUC-02,PROD-007,Decoración,163.75,0,107.0,39
2024-09-16,SUC-02,PROD-007,Decoración,164.71,0,68.0,35
2024-09-23,SUC-02,PROD-007,Decoración,166.07,0,33.0,33
2024-09-30,SUC-02,PROD-007,Decoración,143.05,1,169.0,52
2024-10-07,SUC-02,PROD-007,Decoración,165.25,0,117.0,32
2024-10-14,SUC-02,PROD-007,Decoración,166.83,0,85.0,36
2024-10-21,SUC-02,PROD-007,Decoración,158.62,0,129.0,42
2024-10-28,SUC-02,PROD-007,Decoración,136.0,1,87.0,30
2024-11-04,SUC-02,PROD-007,Decoración,159.1,0,57.0,42
2024-11-11,SUC-02,PROD-007,Decoración,159.99,0,129.0,45
2024-11-18,SUC-02,PROD-007,Decoración,136.27,1,84.0,45
2024-11-25,SUC-02,PROD-007,Decoración,141.09,1,39.0,39
2024-12-02,SUC-02,PROD-007,Decoración,165.19,0,137.0,75
2024-12-09,SUC-02,PROD-007,Decoración,165.39,0,62.0,62
2024-12-16,SUC-02,PROD-007,Decoración,158.97,0,0.0,0
2024-12-23,SUC-02,PROD-007,Decoración,158.35,0,154.0,72
2024-12-30,SUC-02,PROD-007,Decoración,137.05,1,82.0,40
2025-01-06,SUC-02,PROD-007,Decoración,137.09,1,42.0,42
2025-01-13,SUC-02,PROD-007,Decoración,164.0,0,163.0,63
2025-01-20,SUC-02,PROD-007,Decoración,165.89,0,100.0,35
2025-01-27,SUC-02,PROD-007,Decoración,162.74,0,65.0,60
2025-02-03,SUC-02,PROD-007,Decoración,141.48,1,5.0,5
2025-02-10,SUC-02,PROD-007,Decoración,160.52,0,0.0,0
2025-02-17,SUC-02,PROD-007,Decoración,160.04,0,0.0,0
2025-02-24,SUC-02,PROD-007,Decoración,140.15,1,219.0,49
2025-03-03,SUC-02,PROD-007,Decoración,163.04,0,-5.0,46
2025-03-10,SUC-02,PROD-007,Decoración,159.06,0,124.0,54
2025-03-17,SUC-02,PROD-007,Decoración,161.59,0,172.0,41
2025-03-24,SUC-02,PROD-007,Decoración,164.62,0,131.0,58
2025-03-31,SUC-02,PROD-007,Decoración,137.99,1,73.0,54
2025-04-07,SUC-02,PROD-007,Decoración,162.1,0,182.0,47
2025-04-14,SUC-02,PROD-007,Decoración,162.97,0,135.0,45
2025-04-21,SUC-02,PROD-007,Decoración,157.98,0,90.0,39
2025-04-28,SUC-02,PROD-007,Decoración,160.67,0,164.0,50
2025-05-05,SUC-02,PROD-007,Decoración,160.14,0,114.0,45
2025-05-12,SUC-02,PROD-007,Decoración,140.27,1,69.0,37
2025-05-19,SUC-02,PROD-007,Decoración,158.66,0,129.0,54
2025-05-26,SUC-02,PROD-007,Decoración,166.48,0,75.0,31
2025-06-02,SUC-02,PROD-007,Decoración,160.06,0,44.0,42
2025-06-09,SUC-02,PROD-007,Decoración,141.16,1,136.0,39
2025-06-16,SUC-02,PROD-007,Decoración,158.88,0,97.0,45
2025-06-23,SUC-02,PROD-007,Decoración,164.74,0,52.0,44
2025-06-30,SUC-02,PROD-007,Decoración,165.53,0,88.0,45
2025-07-07,SUC-02,PROD-007,Decoración,157.6,0,43.0,34
2025-07-14,SUC-02,PROD-007,Decoración,164.48,0,9.0,9
2025-07-21,SUC-02,PROD-007,Decoración,163.91,0,96.0,37
2025-07-28,SUC-02,PROD-007,Decoración,162.37,0,59.0,26
2025-08-04,SUC-02,PROD-007,Decoración,166.62,0,33.0,33
2025-08-11,SUC-02,PROD-007,Decoración,160.8,0,94.0,30
2025-08-18,SUC-02,PROD-007,Decoración,163.88,0,64.0,31
2025-08-25,SUC-02,PROD-007,Decoración,165.02,0,33.0,27
2025-09-01,SUC-02,PROD-007,Decoración,164.01,0,6.0,6
2025-09-08,SUC-02,PROD-007,Decoración,158.02,0,0.0,0
2025-09-15,SUC-02,PROD-007,Decoración,136.92,1,0.0,0
2025-09-22,SUC-02,PROD-007,Decoración,166.15,0,143.0,38
2025-09-29,SUC-02,PROD-007,Decoración,137.93,1,105.0,64
2025-10-06,SUC-02,PROD-007,Decoración,158.68,0,41.0,41
2025-10-13,SUC-02,PROD-007,Decoración,140.5,1,159.0,65
2025-10-20,SUC-02,PROD-007,Decoración,161.48,0,94.0,56
2025-10-27,SUC-02,PROD-007,Decoración,160.41,0,38.0,33
2025-11-03,SUC-02,PROD-007,Decoración,166.77,0,175.0,41
2025-11-10,SUC-02,PROD-007,Decoración,164.15,0,134.0,55
2025-11-17,SUC-02,PROD-007,Decoración,140.45,1,79.0,75
2025-11-24,SUC-02,PROD-007,Decoración,137.66,1,281.0,53
2025-12-01,SUC-02,PROD-007,Decoración,140.63,1,228.0,61
2025-12-08,SUC-02,PROD-007,Decoración,164.01,0,167.0,68
2025-12-15,SUC-02,PROD-007,Decoración,160.24,0,99.0,64
2025-12-22,SUC-02,PROD-007,Decoración,165.0,0,35.0,35
2024-01-01,SUC-03,PROD-007,Decoración,140.34,1,273.0,50
2024-01-08,SUC-03,PROD-007,Decoración,165.27,0,223.0,46
2024-01-15,SUC-03,PROD-007,Decoración,164.74,0,177.0,55
2024-01-22,SUC-03,PROD-007,Decoración,163.29,0,259.0,64
2024-01-29,SUC-03,PROD-007,Decoración,158.0,0,195.0,80
2024-02-05,SUC-03,PROD-007,Decoración,163.42,0,115.0,58
2024-02-12,SUC-03,PROD-007,Decoración,164.48,0,57.0,57
2024-02-19,SUC-03,PROD-007,Decoración,166.72,0,0.0,0
2024-02-26,SUC-03,PROD-007,Decoración,160.46,0,0.0,0
2024-03-04,SUC-03,PROD-007,Decoración,161.95,0,165.0,44
2024-03-11,SUC-03,PROD-007,Decoración,163.54,0,121.0,47
2024-03-18,SUC-03,PROD-007,Decoración,142.09,1,74.0,74
2024-03-25,SUC-03,PROD-007,Decoración,162.15,0,0.0,0
2024-04-01,SUC-03,PROD-007,Decoración,164.16,0,0.0,0
2024-04-08,SUC-03,PROD-007,Decoración,164.11,0,0.0,0
2024-04-15,SUC-03,PROD-007,Decoración,159.78,0,145.0,57
2024-04-22,SUC-03,PROD-007,Decoración,162.42,0,88.0,56
2024-04-29,SUC-03,PROD-007,Decoración,166.76,0,32.0,32
2024-05-06,SUC-03,PROD-007,Decoración,166.13,0,118.0,54
2024-05-13,SUC-03,PROD-007,Decoración,161.84,0,64.0,41
2024-05-20,SUC-03,PROD-007,Decoración,158.76,0,23.0,23
2024-05-27,SUC-03,PROD-007,Decoración,164.47,0,107.0,54
2024-06-03,SUC-03,PROD-007,Decoración,,0,53.0,43
2024-06-10,SUC-03,PROD-007,Decoración,139.6,1,10.0,10
2024-06-17,SUC-03,PROD-007,Decoración,140.59,1,145.0,51
2024-06-24,SUC-03,PROD-007,Decoración,159.65,0,94.0,49
2024-07-01,SUC-03,PROD-007,Decoración,166.88,0,45.0,38
2024-07-08,SUC-03,PROD-007,Decoración,159.22,0,109.0,38
2024-07-15,SUC-03,PROD-007,Decoración,165.45,0,71.0,36
2024-07-22,SUC-03,PROD-007,Decoración,159.1,0,35.0,35
2024-07-29,SUC-03,PROD-007,Decoración,141.66,1,137.0,55
2024-08-05,SUC-03,PROD-007,Decoración,158.68,0,82.0,44
2024-08-12,SUC-03,PROD-007,Decoración,159.94,0,38.0,35
2024-08-19,SUC-03,PROD-007,Decoración,139.08,1,237.0,44
2024-08-26,SUC-03,PROD-007,Decoración,140.6,1,193.0,29
2024-09-02,SUC-03,PROD-007,Decoración,160.4,0,164.0,56
2024-09-09,SUC-03,PROD-007,Decoración,140.46,1,108.0,64
2024-09-16,SUC-03,PROD-007,Decoración,161.48,0,44.0,44
2024-09-23,SUC-03,PROD-007,Decoración,160.39,0,0.0,0
2024-09-30,SUC-03,PROD-007,Decoración,164.0,0,175.0,68
2024-10-07,SUC-03,PROD-007,Decoración,159.73,0,107.0,40
2024-10-14,SUC-03,PROD-007,Decoración,167.12,0,67.0,52
2024-10-21,SUC-03,PROD-007,Decoración,141.22,1,312.0,48
2024-10-28,SUC-03,PROD-007,Decoración,139.55,1,264.0,80
2024-11-04,SUC-03,PROD-007,Decoración,163.39,0,184.0,54
2024-11-11,SUC-03,PROD-007,Decoración,164.22,0,130.0,55
2024-11-18,SUC-03,PROD-007,Decoración,162.29,0,75.0,60
2024-11-25,SUC-03,PROD-007,Decoración,160.14,0,15.0,15
2024-12-02,SUC-03,PROD-007,Decoración,160.36,0,194.0,71
2024-12-09,SUC-03,PROD-007,Decoración,157.51,0,123.0,75
2024-12-16,SUC-03,PROD-007,Decoración,166.79,0,48.0,48
2024-12-23,SUC-03,PROD-007,Decoración,139.24,1,328.0,90
2024-12-30,SUC-03,PROD-007,Decoración,157.64,0,-5.0,66
2025-01-06,SUC-03,PROD-007,Decoración,162.23,0,172.0,70
2025-01-13,SUC-03,PROD-007,Decoración,162.13,0,268.0,58
2025-01-20,SUC-03,PROD-007,Decoración,161.25,0,210.0,76
2025-01-27,SUC-03,PROD-007,Decoración,157.5,0,134.0,73
2025-02-03,SUC-03,PROD-007,Decoración,161.63,0,253.0,79
2025-02-10,SUC-03,PROD-007,Decoración,135.87,1,174.0,64
2025-02-17,SUC-03,PROD-007,Decoración,160.62,0,110.0,89
2025-02-24,SUC-03,PROD-007,Decoración,162.14,0,238.0,72
2025-03-03,SUC-03,PROD-007,Decoración,162.49,0,166.0,75
2025-03-10,SUC-03,PROD-007,Decoración,161.68,0,91.0,62
2025-03-17,SUC-03,PROD-007,Decoración,142.11,1,216.0,94
2025-03-24,SUC-03,PROD-007,Decoración,158.73,0,122.0,66
2025-03-31,SUC-03,PROD-007,Decoración,162.64,0,56.0,56
2025-04-07,SUC-03,PROD-007,Decoración,143.19,1,324.0,88
2025-04-14,SUC-03,PROD-007,Decoración,160.86,0,236.0,60
2025-04-21,SUC-03,PROD-007,Decoración,166.88,0,176.0,60
2025-04-28,SUC-03,PROD-007,Decoración,141.29,1,226.0,46
2025-05-05,SUC-03,PROD-007,Decoración,163.82,0,180.0,68
2025-05-12,SUC-03,PROD-007,Decoración,138.72,1,112.0,69
2025-05-19,SUC-03,PROD-007,Decoración,158.43,0,179.0,49
2025-05-26,SUC-03,PROD-007,Decoración,163.7,0,130.0,53
2025-06-02,SUC-03,PROD-007,Decoración,160.26,0,77.0,51
2025-06-09,SUC-03,PROD-007,Decoración,166.52,0,26.0,26
2025-06-16,SUC-03,PROD-007,Decoración,163.59,0,0.0,0
2025-06-23,SUC-03,PROD-007,Decoración,165.52,0,0.0,0
2025-06-30,SUC-03,PROD-007,Decoración,139.52,1,226.0,44
2025-07-07,SUC-03,PROD-007,Decoración,157.46,0,182.0,38
2025-07-14,SUC-03,PROD-007,Decoración,161.62,0,144.0,50
2025-07-21,SUC-03,PROD-007,Decoración,163.71,0,104.0,42
2025-07-28,SUC-03,PROD-007,Decoración,142.94,1,62.0,44
2025-08-04,SUC-03,PROD-007,Decoración,140.59,1,18.0,18
2025-08-11,SUC-03,PROD-007,Decoración,164.13,0,125.0,43
2025-08-18,SUC-03,PROD-007,Decoración,143.41,1,82.0,75
2025-08-25,SUC-03,PROD-007,Decoración,163.07,0,7.0,7
2025-09-01,SUC-03,PROD-007,Decoración,163.73,0,115.0,43
2025-09-08,SUC-03,PROD-007,Decoración,137.77,1,72.0,34
2025-09-15,SUC-03,PROD-007,Decoración,159.18,0,38.0,38
2025-09-22,SUC-03,PROD-007,Decoración,166.1,0,120.0,53
2025-09-29,SUC-03,PROD-007,Decoración,162.98,0,67.0,32
2025-10-06,SUC-03,PROD-007,Decoración,165.25,0,35.0,35
2025-10-13,SUC-03,PROD-007,Decoración,140.57,1,238.0,52
2025-10-20,SUC-03,PROD-007,Decoración,163.55,0,186.0,41
2025-10-27,SUC-03,PROD-007,Decoración,143.62,1,145.0,62
2025-11-03,SUC-03,PROD-007,Decoración,158.28,0,195.0,59
2025-11-10,SUC-03,PROD-007,Decoración,139.26,1,136.0,57
2025-11-17,SUC-03,PROD-007,Decoración,140.42,1,79.0,68
2025-11-24,SUC-03,PROD-007,Decoración,160.78,0,158.0,64
2025-12-01,SUC-03,PROD-007,Decoración,143.44,1,94.0,65
2025-12-08,SUC-03,PROD-007,Decoración,164.41,0,29.0,29
2025-12-15,SUC-03,PROD-007,Decoración,159.67,0,0.0,0
2025-12-22,SUC-03,PROD-007,Decoración,164.34,0,0.0,0
2024-01-01,SUC-04,PROD-007,Decoración,166.68,0,284.0,60
2024-01-08,SUC-04,PROD-007,Decoración,163.55,0,224.0,60
2024-01-15,SUC-04,PROD-007,Decoración,137.94,1,164.0,84
2024-01-22,SUC-04,PROD-007,Decoración,160.41,0,255.0,79
2024-01-29,SUC-04,PROD-007,Decoración,160.09,0,176.0,93
2024-02-05,SUC-04,PROD-007,Decoración,160.68,0,83.0,82
2024-02-12,SUC-04,PROD-007,Decoración,161.8,0,308.0,85
2024-02-19,SUC-04,PROD-007,Decoración,164.66,0,223.0,80
2024-02-26,SUC-04,PROD-007,Decoración,159.32,0,143.0,58
2024-03-04,SUC-04,PROD-007,Decoración,166.69,0,178.0,77
2024-03-11,SUC-04,PROD-007,Decoración,139.0,1,101.0,61
2024-03-18,SUC-04,PROD-007,Decoración,162.18,0,40.0,40
2024-03-25,SUC-04,PROD-007,Decoración,135.94,1,392.0,70
2024-04-01,SUC-04,PROD-007,Decoración,162.67,0,322.0,133
2024-04-08,SUC-04,PROD-007,Decoración,160.27,0,189.0,71
2024-04-15,SUC-04,PROD-007,Decoración,135.68,1,238.0,68
2024-04-22,SUC-04,PROD-007,Decoración,166.92,0,170.0,52
2024-04-29,SUC-04,PROD-007,Decoración,161.02,0,118.0,88
2024-05-06,SUC-04,PROD-007,Decoración,141.24,1,269.0,88
2024-05-13,SUC-04,PROD-007,Decoración,166.47,0,181.0,60
2024-05-20,SUC-04,PROD-007,Decoración,167.16,0,121.0,54
2024-05-27,SUC-04,PROD-007,Decoración,166.72,0,185.0,55
2024-06-03,SUC-04,PROD-007,Decoración,160.38,0,130.0,50
2024-06-10,SUC-04,PROD-007,Decoración,142.65,1,80.0,54
2024-06-17,SUC-04,PROD-007,Decoración,164.37,0,183.0,62
2024-06-24,SUC-04,PROD-007,Decoración,161.01,0,121.0,44
2024-07-01,SUC-04,PROD-007,Decoración,159.57,0,77.0,50
2024-07-08,SUC-04,PROD-007,Decoración,158.53,0,145.0,49
2024-07-15,SUC-04,PROD-007,Decoración,165.53,0,96.0,44
2024-07-22,SUC-04,PROD-007,Decoración,166.8,0,52.0,46
2024-07-29,SUC-04,PROD-007,Decoración,158.82,0,168.0,37
2024-08-05,SUC-04,PROD-007,Decoración,166.54,0,-5.0,46
2024-08-12,SUC-04,PROD-007,Decoración,158.11,0,85.0,52
2024-08-19,SUC-04,PROD-007,Decoración,164.1,0,167.0,40
2024-08-26,SUC-04,PROD-007,Decoración,157.91,0,127.0,49
2024-09-02,SUC-04,PROD-007,Decoración,165.23,0,78.0,37
2024-09-09,SUC-04,PROD-007,Decoración,157.98,0,173.0,30
2024-09-16,SUC-04,PROD-007,Decoración,159.93,0,143.0,32
2024-09-23,SUC-04,PROD-007,Decoración,162.88,0,111.0,54
2024-09-30,SUC-04,PROD-007,Decoración,162.64,0,135.0,42
2024-10-07,SUC-04,PROD-007,Decoración,162.35,0,93.0,73
2024-10-14,SUC-04,PROD-007,Decoración,163.91,0,20.0,20
2024-10-21,SUC-04,PROD-007,Decoración,163.02,0,233.0,61
2024-10-28,SUC-04,PROD-007,Decoración,161.7,0,172.0,68
2024-11-04,SUC-04,PROD-007,Decoración,166.32,0,104.0,57
2024-11-11,SUC-04,PROD-007,Decoración,161.6,0,220.0,84
2024-11-18,SUC-04,PROD-007,Decoración,143.39,1,136.0,88
2024-11-25,SUC-04,PROD-007,Decoración,157.59,0,48.0,48
2024-12-02,SUC-04,PROD-007,Decoración,158.15,0,266.0,71
2024-12-09,SUC-04,PROD-007,Decoración,158.14,0,195.0,79
2024-12-16,SUC-04,PROD-007,Decoración,158.3,0,116.0,90
2024-12-23,SUC-04,PROD-007,Decoración,142.85,1,318.0,63
2024-12-30,SUC-04,PROD-007,Decoración,159.15,0,255.0,91
2025-01-06,SUC-04,PROD-007,Decoración,167.12,0,164.0,81
2025-01-13,SUC-04,PROD-007,Decoración,158.68,0,198.0,80
2025-01-20,SUC-04,PROD-007,Decoración,165.32,0,118.0,71
2025-01-27,SUC-04,PROD-007,Decoración,164.04,0,47.0,47
2025-02-03,SUC-04,PROD-007,Decoración,139.6,1,355.0,92
2025-02-10,SUC-04,PROD-007,Decoración,159.0,0,263.0,77
2025-02-17,SUC-04,PROD-007,Decoración,159.3,0,186.0,96
2025-02-24,SUC-04,PROD-007,Decoración,165.97,0,294.0,75
2025-03-03,SUC-04,PROD-007,Decoración,164.32,0,219.0,72
2025-03-10,SUC-04,PROD-007,Decoración,158.25,0,147.0,41
2025-03-17,SUC-04,PROD-007,Decoración,161.48,0,193.0,59
2025-03-24,SUC-04,PROD-007,Decoración,158.83,0,134.0,56
2025-03-31,SUC-04,PROD-007,Decoración,158.87,0,78.0,78
2025-04-07,SUC-04,PROD-007,Decoración,166.53,0,164.0,69
2025-04-14,SUC-04,PROD-007,Decoración,,0,95.0,36
2025-04-21,SUC-04,PROD-007,Decoración,160.57,0,59.0,59
2025-04-28,SUC-04,PROD-007,Decoración,139.03,1,210.0,63
2025-05-05,SUC-04,PROD-007,Decoración,160.14,0,147.0,63
2025-05-12,SUC-04,PROD-007,Decoración,164.87,0,84.0,48
2025-05-19,SUC-04,PROD-007,Decoración,159.4,0,156.0,46
2025-05-26,SUC-04,PROD-007,Decoración,138.92,1,110.0,62
2025-06-02,SUC-04,PROD-007,Decoración,161.05,0,48.0,48
2025-06-09,SUC-04,PROD-007,Decoración,163.75,0,118.0,57
2025-06-16,SUC-04,PROD-007,Decoración,167.18,0,61.0,35
2025-06-23,SUC-04,PROD-007,Decoración,139.26,1,26.0,26
2025-06-30,SUC-04,PROD-007,Decoración,163.8,0,143.0,61
2025-07-07,SUC-04,PROD-007,Decoración,158.15,0,82.0,45
2025-07-14,SUC-04,PROD-007,Decoración,162.77,0,37.0,35
2025-07-21,SUC-04,PROD-007,Decoración,165.41,0,126.0,39
2025-07-28,SUC-04,PROD-007,Decoración,164.89,0,87.0,50
2025-08-04,SUC-04,PROD-007,Decoración,163.91,0,37.0,37
2025-08-11,SUC-04,PROD-007,Decoración,162.12,0,183.0,52
2025-08-18,SUC-04,PROD-007,Decoración,163.38,0,131.0,39
2025-08-25,SUC-04,PROD-007,Decoración,138.14,1,92.0,78
2025-09-01,SUC-04,PROD-007,Decoración,159.67,0,177.0,58
2025-09-08,SUC-04,PROD-007,Decoración,166.4,0,119.0,56
2025-09-15,SUC-04,PROD-007,Decoración,166.25,0,63.0,42
2025-09-22,SUC-04,PROD-007,Decoración,163.72,0,154.0,53
2025-09-29,SUC-04,PROD-007,Decoración,164.55,0,101.0,40
2025-10-06,SUC-04,PROD-007,Decoración,141.41,1,61.0,61
2025-10-13,SUC-04,PROD-007,Decoración,160.74,0,151.0,62
2025-10-20,SUC-04,PROD-007,Decoración,164.86,0,89.0,72
2025-10-27,SUC-04,PROD-007,Decoración,160.14,0,17.0,17
2025-11-03,SUC-04,PROD-007,Decoración,166.68,0,207.0,59
2025-11-10,SUC-04,PROD-007,Decoración,161.0,0,148.0,57
2025-11-17,SUC-04,PROD-007,Decoración,159.58,0,91.0,59
2025-11-24,SUC-04,PROD-007,Decoración,167.03,0,174.0,66
2025-12-01,SUC-04,PROD-007,Decoración,163.94,0,108.0,76
2025-12-08,SUC-04,PROD-007,Decoración,165.18,0,32.0,32
2025-12-15,SUC-04,PROD-007,Decoración,159.13,0,285.0,69
2025-12-22,SUC-04,PROD-007,Decoración,159.53,0,216.0,82
2024-01-01,SUC-05,PROD-007,Decoración,159.07,0,306.0,67
2024-01-08,SUC-05,PROD-007,Decoración,162.69,0,239.0,42
2024-01-15,SUC-05,PROD-007,Decoración,159.03,0,197.0,102
2024-01-22,SUC-05,PROD-007,Decoración,162.43,0,95.0,77
2024-01-29,SUC-05,PROD-007,Decoración,140.21,1,18.0,18
2024-02-05,SUC-05,PROD-007,Decoración,160.3,0,0.0,0
2024-02-12,SUC-05,PROD-007,Decoración,161.35,0,262.0,120
2024-02-19,SUC-05,PROD-007,Decoración,166.48,0,142.0,66
2024-02-26,SUC-05,PROD-007,Decoración,159.59,0,76.0,76
2024-03-04,SUC-05,PROD-007,Decoración,164.85,0,0.0,0
2024-03-11,SUC-05,PROD-007,Decoración,162.63,0,0.0,0
2024-03-18,SUC-05,PROD-007,Decoración,160.94,0,0.0,0
2024-03-25,SUC-05,PROD-007,Decoración,164.06,0,193.0,72
2024-04-01,SUC-05,PROD-007,Decoración,164.48,0,121.0,80
2024-04-08,SUC-05,PROD-007,Decoración,160.59,0,41.0,41
2024-04-15,SUC-05,PROD-007,Decoración,157.84,0,0.0,0
2024-04-22,SUC-05,PROD-007,Decoración,167.01,0,0.0,0
2024-04-29,SUC-05,PROD-007,Decoración,165.22,0,0.0,0
2024-05-06,SUC-05,PROD-007,Decoración,160.3,0,191.0,69
2024-05-13,SUC-05,PROD-007,Decoración,142.49,1,122.0,999999
2024-05-20,SUC-05,PROD-007,Decoración,158.7,0,30.0,30
2024-05-27,SUC-05,PROD-007,Decoración,143.45,1,251.0,66
2024-06-03,SUC-05,PROD-007,Decoración,158.61,0,185.0,61
2024-06-10,SUC-05,PROD-007,Decoración,163.59,0,124.0,59
2024-06-17,SUC-05,PROD-007,Decoración,164.24,0,127.0,44
2024-06-24,SUC-05,PROD-007,Decoración,160.01,0,83.0,47
2024-07-01,SUC-05,PROD-007,Decoración,135.54,1,36.0,36
2024-07-08,SUC-05,PROD-007,Decoración,140.09,1,196.0,71
2024-07-15,SUC-05,PROD-007,Decoración,161.65,0,125.0,49
2024-07-22,SUC-05,PROD-007,Decoración,163.69,0,76.0,44
2024-07-29,SUC-05,PROD-007,Decoración,165.59,0,186.0,47
2024-08-05,SUC-05,PROD-007,Decoración,158.31,0,139.0,49
2024-08-12,SUC-05,PROD-007,Decoración,163.56,0,90.0,40
2024-08-19,SUC-05,PROD-007,Decoración,159.83,0,50.0,49
2024-08-26,SUC-05,PROD-007,Decoración,163.77,0,1.0,1
2024-09-02,SUC-05,PROD-007,Decoración,166.32,0,0.0,0
2024-09-09,SUC-05,PROD-007,Decoración,166.41,0,171.0,36
2024-09-16,SUC-05,PROD-007,Decoración,163.39,0,135.0,39
2024-09-23,SUC-05,PROD-007,Decoración,165.2,0,96.0,65
2024-09-30,SUC-05,PROD-007,Decoración,164.51,0,167.0,54
2024-10-07,SUC-05,PROD-007,Decoración,161.61,0,113.0,54
2024-10-14,SUC-05,PROD-007,Decoración,166.57,0,59.0,59
2024-10-21,SUC-05,PROD-007,Decoración,140.89,1,327.0,42
2024-10-28,SUC-05,PROD-007,Decoración,162.72,0,285.0,68
2024-11-04,SUC-05,PROD-007,Decoración,162.77,0,217.0,97
2024-11-11,SUC-05,PROD-007,Decoración,160.13,0,273.0,73
2024-11-18,SUC-05,PROD-007,Decoración,158.99,0,200.0,82
2024-11-25,SUC-05,PROD-007,Decoración,159.34,0,118.0,77
2024-12-02,SUC-05,PROD-007,Decoración,139.86,1,483.0,101
2024-12-09,SUC-05,PROD-007,Decoración,166.86,0,382.0,69
2024-12-16,SUC-05,PROD-007,Decoración,163.74,0,313.0,84
2024-12-23,SUC-05,PROD-007,Decoración,140.29,1,424.0,70
2024-12-30,SUC-05,PROD-007,Decoración,162.48,0,354.0,111
fecha-invalida,SUC-05,PROD-007,Decoración,162.32,0,243.0,91
2025-01-13,SUC-05,PROD-007,Decoración,165.74,0,217.0,91
2025-01-20,SUC-05,PROD-007,Decoración,167.11,0,126.0,86
2025-01-27,SUC-05,PROD-007,Decoración,158.9,0,40.0,40
2025-02-03,SUC-05,PROD-007,Decoración,158.85,0,280.0,102
2025-02-10,SUC-05,PROD-007,Decoración,157.83,0,178.0,107
2025-02-17,SUC-05,PROD-007,Decoración,136.75,1,71.0,71
2025-02-24,SUC-05,PROD-007,Decoración,157.72,0,289.0,104
2025-03-03,SUC-05,PROD-007,Decoración,163.2,0,185.0,84
2025-03-10,SUC-05,PROD-007,Decoración,161.7,0,101.0,95
2025-03-17,SUC-05,PROD-007,Decoración,161.73,0,312.0,61
2025-03-24,SUC-05,PROD-007,Decoración,157.93,0,251.0,76
2025-03-31,SUC-05,PROD-007,Decoración,166.57,0,175.0,105
2025-04-07,SUC-05,PROD-007,Decoración,163.78,0,255.0,74
2025-04-14,SUC-05,PROD-007,Decoración,167.17,0,181.0,61
2025-04-21,SUC-05,PROD-007,Decoración,140.04,1,120.0,86
2025-04-28,SUC-05,PROD-007,Decoración,163.8,0,248.0,75
2025-05-05,SUC-05,PROD-007,Decoración,162.18,0,173.0,68
2025-05-12,SUC-05,PROD-007,Decoración,165.95,0,105.0,63
2025-05-19,SUC-05,PROD-007,Decoración,163.85,0,153.0,66
2025-05-26,SUC-05,PROD-007,Decoración,138.82,1,87.0,76
2025-06-02,SUC-05,PROD-007,Decoración,140.64,1,11.0,11
2025-06-09,SUC-05,PROD-007,Decoración,164.89,0,208.0,61
2025-06-16,SUC-05,PROD-007,Decoración,136.31,1,147.0,90
2025-06-23,SUC-05,PROD-007,Decoración,163.04,0,57.0,54
2025-06-30,SUC-05,PROD-007,Decoración,164.03,0,127.0,68
2025-07-07,SUC-05,PROD-007,Decoración,158.03,0,59.0,59
2025-07-14,SUC-05,PROD-007,Decoración,157.82,0,0.0,0
2025-07-21,SUC-05,PROD-007,Decoración,160.0,0,0.0,0
2025-07-28,SUC-05,PROD-007,Decoración,158.97,0,0.0,0
2025-08-04,SUC-05,PROD-007,Decoración,158.18,0,0.0,0
2025-08-11,SUC-05,PROD-007,Decoración,166.55,0,0.0,0
2025-08-18,SUC-05,PROD-007,Decoración,165.83,0,0.0,0
2025-08-25,SUC-05,PROD-007,Decoración,166.15,0,0.0,0
2025-09-01,SUC-05,PROD-007,Decoración,161.08,0,174.0,57
2025-09-08,SUC-05,PROD-007,Decoración,158.81,0,117.0,53
2025-09-15,SUC-05,PROD-007,Decoración,141.19,1,64.0,50
2025-09-22,SUC-05,PROD-007,Decoración,167.14,0,160.0,69
2025-09-29,SUC-05,PROD-007,Decoración,158.45,0,91.0,39
2025-10-06,SUC-05,PROD-007,Decoración,163.25,0,52.0,52
2025-10-13,SUC-05,PROD-007,Decoración,158.28,0,278.0,47
2025-10-20,SUC-05,PROD-007,Decoración,165.69,0,231.0,61
2025-10-27,SUC-05,PROD-007,Decoración,159.23,0,170.0,91
2025-11-03,SUC-05,PROD-007,Decoración,165.71,0,236.0,69
2025-11-10,SUC-05,PROD-007,Decoración,159.14,0,167.0,66
2025-11-17,SUC-05,PROD-007,Decoración,166.08,0,101.0,101
2025-11-24,SUC-05,PROD-007,Decoración,161.29,0,327.0,72
2025-12-01,SUC-05,PROD-007,Decoración,158.3,0,255.0,107
2025-12-08,SUC-05,PROD-007,Decoración,141.68,1,148.0,86
2025-12-15,SUC-05,PROD-007,Decoración,159.45,0,279.0,96
2025-12-22,SUC-05,PROD-007,Decoración,139.3,1,183.0,82
2024-01-01,SUC-01,PROD-008,Herramientas,257.86,0,89.0,27
2024-01-08,SUC-01,PROD-008,Herramientas,262.95,0,62.0,28
2024-01-15,SUC-01,PROD-008,Herramientas,261.59,0,34.0,24
2024-01-22,SUC-01,PROD-008,Herramientas,263.63,0,124.0,26
2024-01-29,SUC-01,PROD-008,Herramientas,266.65,0,98.0,31
2024-02-05,SUC-01,PROD-008,Herramientas,264.05,0,67.0,17
2024-02-12,SUC-01,PROD-008,Herramientas,218.73,1,50.0,31
2024-02-19,SUC-01,PROD-008,Herramientas,257.78,0,19.0,19
2024-02-26,SUC-01,PROD-008,Herramientas,254.35,0,0.0,0
2024-03-04,SUC-01,PROD-008,Herramientas,265.44,0,97.0,23
2024-03-11,SUC-01,PROD-008,Herramientas,266.09,0,74.0,26
2024-03-18,SUC-01,PROD-008,Herramientas,269.22,0,48.0,19
2024-03-25,SUC-01,PROD-008,Herramientas,253.88,0,72.0,25
2024-04-01,SUC-01,PROD-008,Herramientas,256.76,0,47.0,26
2024-04-08,SUC-01,PROD-008,Herramientas,260.66,0,21.0,21
2024-04-15,SUC-01,PROD-008,Herramientas,262.52,0,65.0,22
2024-04-22,SUC-01,PROD-008,Herramientas,220.4,1,43.0,18
2024-04-29,SUC-01,PROD-008,Herramientas,221.87,1,25.0,25
2024-05-06,SUC-01,PROD-008,Herramientas,228.77,1,88.0,21
2024-05-13,SUC-01,PROD-008,Herramientas,268.31,0,67.0,23
2024-05-20,SUC-01,PROD-008,Herramientas,258.11,0,44.0,23
2024-05-27,SUC-01,PROD-008,Herramientas,230.52,1,100.0,25
2024-06-03,SUC-01,PROD-008,Herramientas,,0,75.0,17
2024-06-10,SUC-01,PROD-008,Herramientas,263.82,0,58.0,16
2024-06-17,SUC-01,PROD-008,Herramientas,224.91,1,93.0,21
2024-06-24,SUC-01,PROD-008,Herramientas,265.11,0,72.0,17
2024-07-01,SUC-01,PROD-008,Herramientas,266.55,0,55.0,21
2024-07-08,SUC-01,PROD-008,Herramientas,265.86,0,78.0,16
2024-07-15,SUC-01,PROD-008,Herramientas,268.49,0,62.0,24
2024-07-22,SUC-01,PROD-008,Herramientas,254.95,0,38.0,17
2024-07-29,SUC-01,PROD-008,Herramientas,255.24,0,58.0,21
2024-08-05,SUC-01,PROD-008,Herramientas,256.45,0,37.0,8
2024-08-12,SUC-01,PROD-008,Herramientas,227.49,1,29.0,29
2024-08-19,SUC-01,PROD-008,Herramientas,257.33,0,0.0,0
2024-08-26,SUC-01,PROD-008,Herramientas,259.38,0,0.0,0
2024-09-02,SUC-01,PROD-008,Herramientas,268.02,0,0.0,0
2024-09-09,SUC-01,PROD-008,Herramientas,263.58,0,93.0,26
2024-09-16,SUC-01,PROD-008,Herramientas,221.21,1,67.0,999999
2024-09-23,SUC-01,PROD-008,Herramientas,264.88,0,32.0,32
2024-09-30,SUC-01,PROD-008,Herramientas,259.25,0,71.0,31
2024-10-07,SUC-01,PROD-008,Herramientas,258.55,0,40.0,20
2024-10-14,SUC-01,PROD-008,Herramientas,262.22,0,20.0,20
2024-10-21,SUC-01,PROD-008,Herramientas,219.95,1,136.0,36
2024-10-28,SUC-01,PROD-008,Herramientas,229.82,1,100.0,32
2024-11-04,SUC-01,PROD-008,Herramientas,267.84,0,68.0,35
2024-11-11,SUC-01,PROD-008,Herramientas,256.02,0,86.0,29
2024-11-18,SUC-01,PROD-008,Herramientas,265.05,0,57.0,36
2024-11-25,SUC-01,PROD-008,Herramientas,268.47,0,21.0,21
2024-12-02,SUC-01,PROD-008,Herramientas,266.52,0,99.0,39
2024-12-09,SUC-01,PROD-008,Herramientas,257.74,0,60.0,19
2024-12-16,SUC-01,PROD-008,Herramientas,262.18,0,41.0,28
2024-12-23,SUC-01,PROD-008,Herramientas,267.47,0,85.0,24
2024-12-30,SUC-01,PROD-008,Herramientas,261.75,0,61.0,61
2025-01-06,SUC-01,PROD-008,Herramientas,263.12,0,0.0,0
2025-01-13,SUC-01,PROD-008,Herramientas,258.61,0,126.0,36
2025-01-20,SUC-01,PROD-008,Herramientas,267.23,0,90.0,23
2025-01-27,SUC-01,PROD-008,Herramientas,260.94,0,67.0,43
2025-02-03,SUC-01,PROD-008,Herramientas,264.23,0,24.0,24
2025-02-10,SUC-01,PROD-008,Herramientas,265.22,0,0.0,0
2025-02-17,SUC-01,PROD-008,Herramientas,265.83,0,0.0,999999
2025-02-24,SUC-01,PROD-008,Herramientas,263.85,0,72.0,26
2025-03-03,SUC-01,PROD-008,Herramientas,230.68,1,46.0,46
2025-03-10,SUC-01,PROD-008,Herramientas,256.35,0,0.0,0
2025-03-17,SUC-01,PROD-008,Herramientas,261.92,0,73.0,29
2025-03-24,SUC-01,PROD-008,Herramientas,230.85,1,44.0,35
2025-03-31,SUC-01,PROD-008,Herramientas,254.02,0,9.0,9
2025-04-07,SUC-01,PROD-008,Herramientas,260.8,0,96.0,27
2025-04-14,SUC-01,PROD-008,Herramientas,268.17,0,69.0,31
2025-04-21,SUC-01,PROD-008,Herramientas,267.87,0,38.0,23
2025-04-28,SUC-01,PROD-008,Herramientas,256.95,0,15.0,15
2025-05-05,SUC-01,PROD-008,Herramientas,268.97,0,0.0,0
2025-05-12,SUC-01,PROD-008,Herramientas,266.85,0,0.0,0
2025-05-19,SUC-01,PROD-008,Herramientas,223.18,1,74.0,21
2025-05-26,SUC-01,PROD-008,Herramientas,268.08,0,53.0,22
2025-06-02,SUC-01,PROD-008,Herramientas,225.78,1,31.0,24
2025-06-09,SUC-01,PROD-008,Herramientas,253.64,0,54.0,22
2025-06-16,SUC-01,PROD-008,Herramientas,221.76,1,32.0,26
2025-06-23,SUC-01,PROD-008,Herramientas,226.39,1,6.0,6
2025-06-30,SUC-01,PROD-008,Herramientas,-10.0,0,0.0,0
2025-07-07,SUC-01,PROD-008,Herramientas,255.43,0,0.0,0
2025-07-14,SUC-01,PROD-008,Herramientas,253.94,0,0.0,0
2025-07-21,SUC-01,PROD-008,Herramientas,260.55,0,78.0,16
2025-07-28,SUC-01,PROD-008,Herramientas,266.07,0,62.0,28
2025-08-04,SUC-01,PROD-008,Herramientas,261.25,0,34.0,19
2025-08-11,SUC-01,PROD-008,Herramientas,218.74,1,143.0,18
2025-08-18,SUC-01,PROD-008,Herramientas,259.07,0,125.0,28
2025-08-25,SUC-01,PROD-008,Herramientas,267.77,0,97.0,25
2025-09-01,SUC-01,PROD-008,Herramientas,255.28,0,76.0,31
2025-09-08,SUC-01,PROD-008,Herramientas,263.22,0,45.0,34
2025-09-15,SUC-01,PROD-008,Herramientas,265.06,0,11.0,11
2025-09-22,SUC-01,PROD-008,Herramientas,221.41,1,0.0,0
2025-09-29,SUC-01,PROD-008,Herramientas,254.36,0,0.0,0
2025-10-06,SUC-01,PROD-008,Herramientas,258.57,0,0.0,0
2025-10-13,SUC-01,PROD-008,Herramientas,261.18,0,87.0,29
2025-10-20,SUC-01,PROD-008,Herramientas,220.53,1,58.0,44
2025-10-27,SUC-01,PROD-008,Herramientas,261.39,0,14.0,14
2025-11-03,SUC-01,PROD-008,Herramientas,254.48,0,131.0,46
2025-11-10,SUC-01,PROD-008,Herramientas,259.06,0,85.0,38
2025-11-17,SUC-01,PROD-008,Herramientas,258.76,0,47.0,33
2025-11-24,SUC-01,PROD-008,Herramientas,221.77,1,186.0,32
2025-12-01,SUC-01,PROD-008,Herramientas,229.02,1,154.0,45
2025-12-08,SUC-01,PROD-008,Herramientas,263.43,0,109.0,37
2025-12-15,SUC-01,PROD-008,Herramientas,265.87,0,123.0,41
2025-12-22,SUC-01,PROD-008,Herramientas,261.0,0,82.0,39
2024-01-01,SUC-02,PROD-008,Herramientas,262.4,0,121.0,50
2024-01-08,SUC-02,PROD-008,Herramientas,226.3,1,71.0,31
2024-01-15,SUC-02,PROD-008,Herramientas,257.57,0,40.0,37
2024-01-22,SUC-02,PROD-008,Herramientas,264.99,0,108.0,35
2024-01-29,SUC-02,PROD-008,Herramientas,265.9,0,73.0,50
2024-02-05,SUC-02,PROD-008,Herramientas,268.72,0,23.0,23
2024-02-12,SUC-02,PROD-008,Herramientas,263.76,0,92.0,33
2024-02-19,SUC-02,PROD-008,Herramientas,256.94,0,59.0,43
2024-02-26,SUC-02,PROD-008,Herramientas,257.81,0,16.0,16
2024-03-04,SUC-02,PROD-008,Herramientas,266.58,0,102.0,31
2024-03-11,SUC-02,PROD-008,Herramientas,259.94,0,71.0,30
2024-03-18,SUC-02,PROD-008,Herramientas,259.36,0,41.0,37
2024-03-25,SUC-02,PROD-008,Herramientas,257.4,0,83.0,31
2024-04-01,SUC-02,PROD-008,Herramientas,265.61,0,52.0,23
2024-04-08,SUC-02,PROD-008,Herramientas,259.08,0,29.0,25
2024-04-15,SUC-02,PROD-008,Herramientas,256.13,0,85.0,27
2024-04-22,SUC-02,PROD-008,Herramientas,218.92,1,58.0,31
2024-04-29,SUC-02,PROD-008,Herramientas,226.76,1,27.0,27
2024-05-06,SUC-02,PROD-008,Herramientas,263.29,0,80.0,36
fecha-invalida,SUC-02,PROD-008,Herramientas,227.18,1,44.0,38
2024-05-20,SUC-02,PROD-008,Herramientas,266.09,0,6.0,6
2024-05-27,SUC-02,PROD-008,Herramientas,253.79,0,96.0,35
2024-06-03,SUC-02,PROD-008,Herramientas,258.88,0,61.0,22
2024-06-10,SUC-02,PROD-008,Herramientas,254.71,0,39.0,28
2024-06-17,SUC-02,PROD-008,Herramientas,261.21,0,69.0,13
2024-06-24,SUC-02,PROD-008,Herramientas,230.86,1,56.0,25
2024-07-01,SUC-02,PROD-008,Herramientas,257.34,0,31.0,23
2024-07-08,SUC-02,PROD-008,Herramientas,224.97,1,109.0,32
2024-07-15,SUC-02,PROD-008,Herramientas,225.34,1,77.0,31
2024-07-22,SUC-02,PROD-008,Herramientas,264.07,0,46.0,30
2024-07-29,SUC-02,PROD-008,Herramientas,256.82,0,93.0,17
2024-08-05,SUC-02,PROD-008,Herramientas,264.75,0,76.0,28
2024-08-12,SUC-02,PROD-008,Herramientas,266.04,0,48.0,24
2024-08-19,SUC-02,PROD-008,Herramientas,230.26,1,166.0,44
2024-08-26,SUC-02,PROD-008,Herramientas,265.36,0,122.0,32
2024-09-02,SUC-02,PROD-008,Herramientas,256.17,0,90.0,34
2024-09-09,SUC-02,PROD-008,Herramientas,260.4,0,82.0,32
2024-09-16,SUC-02,PROD-008,Herramientas,256.78,0,50.0,19
2024-09-23,SUC-02,PROD-008,Herramientas,257.81,0,31.0,31
2024-09-30,SUC-02,PROD-008,Herramientas,255.75,0,107.0,24
2024-10-07,SUC-02,PROD-008,Herramientas,261.68,0,83.0,30
2024-10-14,SUC-02,PROD-008,Herramientas,259.8,0,53.0,33
2024-10-21,SUC-02,PROD-008,Herramientas,266.95,0,150.0,28
2024-10-28,SUC-02,PROD-008,Herramientas,260.32,0,122.0,34
2024-11-04,SUC-02,PROD-008,Herramientas,257.73,0,88.0,72
2024-11-11,SUC-02,PROD-008,Herramientas,231.31,1,176.0,56
2024-11-18,SUC-02,PROD-008,Herramientas,264.94,0,120.0,40
2024-11-25,SUC-02,PROD-008,Herramientas,256.76,0,80.0,40
2024-12-02,SUC-02,PROD-008,Herramientas,262.16,0,168.0,54
2024-12-09,SUC-02,PROD-008,Herramientas,268.94,0,114.0,39
2024-12-16,SUC-02,PROD-008,Herramientas,261.3,0,75.0,34
2024-12-23,SUC-02,PROD-008,Herramientas,264.63,0,120.0,39
2024-12-30,SUC-02,PROD-008,Herramientas,256.99,0,81.0,34
2025-01-06,SUC-02,PROD-008,Herramientas,259.91,0,47.0,33
2025-01-13,SUC-02,PROD-008,Herramientas,230.7,1,189.0,21
2025-01-20,SUC-02,PROD-008,Herramientas,256.43,0,168.0,51
2025-01-27,SUC-02,PROD-008,Herramientas,260.74,0,117.0,41
2025-02-03,SUC-02,PROD-008,Herramientas,262.1,0,155.0,42
2025-02-10,SUC-02,PROD-008,Herramientas,260.04,0,113.0,36
2025-02-17,SUC-02,PROD-008,Herramientas,257.43,0,77.0,35
2025-02-24,SUC-02,PROD-008,Herramientas,268.25,0,108.0,39
2025-03-03,SUC-02,PROD-008,Herramientas,257.92,0,69.0,39
2025-03-10,SUC-02,PROD-008,Herramientas,263.84,0,30.0,999999
2025-03-17,SUC-02,PROD-008,Herramientas,262.71,0,90.0,29
2025-03-24,SUC-02,PROD-008,Herramientas,257.79,0,61.0,27
2025-03-31,SUC-02,PROD-008,Herramientas,259.76,0,34.0,29
2025-04-07,SUC-02,PROD-008,Herramientas,229.9,1,152.0,28
2025-04-14,SUC-02,PROD-008,Herramientas,268.35,0,124.0,25
2025-04-21,SUC-02,PROD-008,Herramientas,262.71,0,99.0,31
2025-04-28,SUC-02,PROD-008,Herramientas,256.3,0,105.0,31
2025-05-05,SUC-02,PROD-008,Herramientas,261.08,0,74.0,30
2025-05-12,SUC-02,PROD-008,Herramientas,263.36,0,44.0,38
2025-05-19,SUC-02,PROD-008,Herramientas,264.05,0,83.0,32
2025-05-26,SUC-02,PROD-008,Herramientas,257.26,0,51.0,20
2025-06-02,SUC-02,PROD-008,Herramientas,264.36,0,31.0,22
2025-06-09,SUC-02,PROD-008,Herramientas,226.6,1,115.0,33
2025-06-16,SUC-02,PROD-008,Herramientas,254.79,0,82.0,25
2025-06-23,SUC-02,PROD-008,Herramientas,265.38,0,57.0,22
2025-06-30,SUC-02,PROD-008,Herramientas,219.34,1,104.0,32
2025-07-07,SUC-02,PROD-008,Herramientas,265.37,0,72.0,28
2025-07-14,SUC-02,PROD-008,Herramientas,254.92,0,44.0,19
2025-07-21,SUC-02,PROD-008,Herramientas,253.76,0,79.0,27
2025-07-28,SUC-02,PROD-008,Herramientas,264.36,0,52.0,25
2025-08-04,SUC-02,PROD-008,Herramientas,258.94,0,27.0,23
2025-08-11,SUC-02,PROD-008,Herramientas,219.07,1,137.0,31
2025-08-18,SUC-02,PROD-008,Herramientas,262.05,0,106.0,31
2025-08-25,SUC-02,PROD-008,Herramientas,266.22,0,75.0,34
2025-09-01,SUC-02,PROD-008,Herramientas,255.83,0,90.0,29
2025-09-08,SUC-02,PROD-008,Herramientas,268.52,0,61.0,29
2025-09-15,SUC-02,PROD-008,Herramientas,261.34,0,32.0,27
2025-09-22,SUC-02,PROD-008,Herramientas,226.59,1,194.0,42
2025-09-29,SUC-02,PROD-008,Herramientas,257.6,0,152.0,27
2025-10-06,SUC-02,PROD-008,Herramientas,261.49,0,125.0,36
2025-10-13,SUC-02,PROD-008,Herramientas,257.38,0,160.0,34
2025-10-20,SUC-02,PROD-008,Herramientas,259.69,0,126.0,42
2025-10-27,SUC-02,PROD-008,Herramientas,260.09,0,84.0,34
2025-11-03,SUC-02,PROD-008,Herramientas,257.19,0,131.0,32
2025-11-10,SUC-02,PROD-008,Herramientas,261.91,0,99.0,72
2025-11-17,SUC-02,PROD-008,Herramientas,264.98,0,27.0,27
2025-11-24,SUC-02,PROD-008,Herramientas,257.38,0,114.0,42
2025-12-01,SUC-02,PROD-008,Herramientas,269.16,0,72.0,50
2025-12-08,SUC-02,PROD-008,Herramientas,265.75,0,22.0,22
2025-12-15,SUC-02,PROD-008,Herramientas,259.81,0,176.0,38
2025-12-22,SUC-02,PROD-008,Herramientas,258.48,0,138.0,47
2024-01-01,SUC-03,PROD-008,Herramientas,257.74,0,163.0,40
2024-01-08,SUC-03,PROD-008,Herramientas,267.34,0,123.0,52
2024-01-15,SUC-03,PROD-008,Herramientas,268.05,0,71.0,43
2024-01-22,SUC-03,PROD-008,Herramientas,254.04,0,113.0,47
2024-01-29,SUC-03,PROD-008,Herramientas,264.18,0,66.0,47
2024-02-05,SUC-03,PROD-008,Herramientas,226.72,1,19.0,19
2024-02-12,SUC-03,PROD-008,Herramientas,255.76,0,167.0,39
2024-02-19,SUC-03,PROD-008,Herramientas,267.92,0,128.0,47
2024-02-26,SUC-03,PROD-008,Herramientas,228.41,1,81.0,72
2024-03-04,SUC-03,PROD-008,Herramientas,219.01,1,206.0,65
2024-03-11,SUC-03,PROD-008,Herramientas,267.58,0,141.0,37
2024-03-18,SUC-03,PROD-008,Herramientas,266.91,0,104.0,43
2024-03-25,SUC-03,PROD-008,Herramientas,225.64,1,146.0,50
2024-04-01,SUC-03,PROD-008,Herramientas,260.29,0,96.0,40
2024-04-08,SUC-03,PROD-008,Herramientas,267.26,0,56.0,36
2024-04-15,SUC-03,PROD-008,Herramientas,262.49,0,83.0,35
2024-04-22,SUC-03,PROD-008,Herramientas,263.42,0,48.0,31
2024-04-29,SUC-03,PROD-008,Herramientas,269.15,0,17.0,17
2024-05-06,SUC-03,PROD-008,Herramientas,254.87,0,109.0,35
2024-05-13,SUC-03,PROD-008,Herramientas,229.79,1,74.0,31
2024-05-20,SUC-03,PROD-008,Herramientas,256.4,0,43.0,30
2024-05-27,SUC-03,PROD-008,Herramientas,264.83,0,87.0,31
2024-06-03,SUC-03,PROD-008,Herramientas,260.51,0,56.0,22
2024-06-10,SUC-03,PROD-008,Herramientas,267.62,0,34.0,34
2024-06-17,SUC-03,PROD-008,Herramientas,268.66,0,84.0,25
2024-06-24,SUC-03,PROD-008,Herramientas,265.45,0,59.0,26
2024-07-01,SUC-03,PROD-008,Herramientas,260.02,0,33.0,27
2024-07-08,SUC-03,PROD-008,Herramientas,265.88,0,75.0,28
2024-07-15,SUC-03,PROD-008,Herramientas,256.88,0,47.0,29
2024-07-22,SUC-03,PROD-008,Herramientas,262.97,0,18.0,18
2024-07-29,SUC-03,PROD-008,Herramientas,264.28,0,0.0,0
2024-08-05,SUC-03,PROD-008,Herramientas,255.76,0,0.0,0
2024-08-12,SUC-03,PROD-008,Herramientas,258.61,0,0.0,0
2024-08-19,SUC-03,PROD-008,Herramientas,261.62,0,113.0,35
2024-08-26,SUC-03,PROD-008,Herramientas,253.74,0,78.0,37
2024-09-02,SUC-03,PROD-008,Herramientas,256.37,0,41.0,36
2024-09-09,SUC-03,PROD-008,Herramientas,258.61,0,98.0,34
2024-09-16,SUC-03,PROD-008,Herramientas,258.0,0,64.0,32
2024-09-23,SUC-03,PROD-008,Herramientas,267.21,0,32.0,28
2024-09-30,SUC-03,PROD-008,Herramientas,222.71,1,225.0,68
2024-10-07,SUC-03,PROD-008,Herramientas,259.9,0,157.0,40
2024-10-14,SUC-03,PROD-008,Herramientas,265.75,0,117.0,39
2024-10-21,SUC-03,PROD-008,Herramientas,264.85,0,166.0,37
2024-10-28,SUC-03,PROD-008,Herramientas,267.96,0,129.0,44
2024-11-04,SUC-03,PROD-008,Herramientas,224.14,1,85.0,66
2024-11-11,SUC-03,PROD-008,Herramientas,258.35,0,129.0,50
2024-11-18,SUC-03,PROD-008,Herramientas,262.33,0,79.0,52
2024-11-25,SUC-03,PROD-008,Herramientas,255.19,0,27.0,27
2024-12-02,SUC-03,PROD-008,Herramientas,260.02,0,130.0,45
2024-12-09,SUC-03,PROD-008,Herramientas,258.43,0,85.0,45
2024-12-16,SUC-03,PROD-008,Herramientas,222.9,1,40.0,40
2024-12-23,SUC-03,PROD-008,Herramientas,218.53,1,210.0,58
2024-12-30,SUC-03,PROD-008,Herramientas,267.34,0,152.0,65
2025-01-06,SUC-03,PROD-008,Herramientas,257.32,0,87.0,45
2025-01-13,SUC-03,PROD-008,Herramientas,230.23,1,42.0,36
2025-01-20,SUC-03,PROD-008,Herramientas,253.85,0,6.0,6
2025-01-27,SUC-03,PROD-008,Herramientas,265.88,0,0.0,0
2025-02-03,SUC-03,PROD-008,Herramientas,263.83,0,0.0,0
2025-02-10,SUC-03,PROD-008,Herramientas,254.33,0,0.0,0
2025-02-17,SUC-03,PROD-008,Herramientas,228.69,1,0.0,0
2025-02-24,SUC-03,PROD-008,Herramientas,258.12,0,119.0,50
2025-03-03,SUC-03,PROD-008,Herramientas,258.39,0,69.0,30
2025-03-10,SUC-03,PROD-008,Herramientas,265.2,0,39.0,39
2025-03-17,SUC-03,PROD-008,Herramientas,260.84,0,122.0,34
2025-03-24,SUC-03,PROD-008,Herramientas,227.28,1,88.0,37
2025-03-31,SUC-03,PROD-008,Herramientas,223.28,1,51.0,51
2025-04-07,SUC-03,PROD-008,Herramientas,264.89,0,0.0,0
2025-04-14,SUC-03,PROD-008,Herramientas,268.38,0,0.0,0
2025-04-21,SUC-03,PROD-008,Herramientas,260.67,0,0.0,0
2025-04-28,SUC-03,PROD-008,Herramientas,261.23,0,129.0,24
2025-05-05,SUC-03,PROD-008,Herramientas,257.82,0,105.0,28
2025-05-12,SUC-03,PROD-008,Herramientas,265.1,0,77.0,31
2025-05-19,SUC-03,PROD-008,Herramientas,265.32,0,91.0,28
2025-05-26,SUC-03,PROD-008,Herramientas,257.96,0,63.0,32
2025-06-02,SUC-03,PROD-008,Herramientas,254.28,0,31.0,31
2025-06-09,SUC-03,PROD-008,Herramientas,259.11,0,110.0,29
2025-06-16,SUC-03,PROD-008,Herramientas,259.17,0,81.0,27
2025-06-23,SUC-03,PROD-008,Herramientas,257.98,0,54.0,36
2025-06-30,SUC-03,PROD-008,Herramientas,259.09,0,87.0,18
2025-07-07,SUC-03,PROD-008,Herramientas,266.3,0,69.0,23
2025-07-14,SUC-03,PROD-008,Herramientas,256.62,0,46.0,31
2025-07-21,SUC-03,PROD-008,Herramientas,263.9,0,97.0,39
2025-07-28,SUC-03,PROD-008,Herramientas,262.52,0,58.0,25
2025-08-04,SUC-03,PROD-008,Herramientas,218.38,1,33.0,22
2025-08-11,SUC-03,PROD-008,Herramientas,226.24,1,135.0,32
2025-08-18,SUC-03,PROD-008,Herramientas,269.14,0,103.0,42
2025-08-25,SUC-03,PROD-008,Herramientas,264.14,0,-5.0,44
2025-09-01,SUC-03,PROD-008,Herramientas,253.95,0,156.0,35
2025-09-08,SUC-03,PROD-008,Herramientas,255.8,0,121.0,41
2025-09-15,SUC-03,PROD-008,Herramientas,263.05,0,80.0,37
2025-09-22,SUC-03,PROD-008,Herramientas,266.23,0,118.0,28
2025-09-29,SUC-03,PROD-008,Herramientas,259.13,0,90.0,46
2025-10-06,SUC-03,PROD-008,Herramientas,267.79,0,44.0,35
2025-10-13,SUC-03,PROD-008,Herramientas,255.22,0,145.0,42
2025-10-20,SUC-03,PROD-008,Herramientas,255.22,0,103.0,65
2025-10-27,SUC-03,PROD-008,Herramientas,269.06,0,38.0,38
2025-11-03,SUC-03,PROD-008,Herramientas,257.8,0,0.0,0
2025-11-10,SUC-03,PROD-008,Herramientas,254.09,0,0.0,0
2025-11-17,SUC-03,PROD-008,Herramientas,255.15,0,0.0,0
2025-11-24,SUC-03,PROD-008,Herramientas,261.61,0,177.0,51
2025-12-01,SUC-03,PROD-008,Herramientas,263.2,0,126.0,36
2025-12-08,SUC-03,PROD-008,Herramientas,256.21,0,90.0,43
2025-12-15,SUC-03,PROD-008,Herramientas,225.69,1,196.0,73
2025-12-22,SUC-03,PROD-008,Herramientas,259.01,0,123.0,56
2024-01-01,SUC-04,PROD-008,Herramientas,266.84,0,158.0,47
2024-01-08,SUC-04,PROD-008,Herramientas,261.78,0,111.0,51
2024-01-15,SUC-04,PROD-008,Herramientas,260.93,0,60.0,53
2024-01-22,SUC-04,PROD-008,Herramientas,254.99,0,197.0,37
2024-01-29,SUC-04,PROD-008,Herramientas,261.64,0,160.0,49
2024-02-05,SUC-04,PROD-008,Herramientas,262.53,0,111.0,56
2024-02-12,SUC-04,PROD-008,Herramientas,259.41,0,149.0,42
2024-02-19,SUC-04,PROD-008,Herramientas,257.05,0,107.0,55
2024-02-26,SUC-04,PROD-008,Herramientas,267.66,0,52.0,45
2024-03-04,SUC-04,PROD-008,Herramientas,264.53,0,151.0,58
2024-03-11,SUC-04,PROD-008,Herramientas,266.07,0,93.0,29
2024-03-18,SUC-04,PROD-008,Herramientas,264.04,0,64.0,42
2024-03-25,SUC-04,PROD-008,Herramientas,268.68,0,113.0,47
2024-04-01,SUC-04,PROD-008,Herramientas,265.54,0,66.0,44
2024-04-08,SUC-04,PROD-008,Herramientas,258.53,0,22.0,22
2024-04-15,SUC-04,PROD-008,Herramientas,255.64,0,110.0,42
2024-04-22,SUC-04,PROD-008,Herramientas,254.11,0,68.0,43
2024-04-29,SUC-04,PROD-008,Herramientas,229.83,1,25.0,25
2024-05-06,SUC-04,PROD-008,Herramientas,266.31,0,121.0,42
2024-05-13,SUC-04,PROD-008,Herramientas,262.1,0,79.0,39
2024-05-20,SUC-04,PROD-008,Herramientas,229.04,1,40.0,40
2024-05-27,SUC-04,PROD-008,Herramientas,258.89,0,123.0,41
2024-06-03,SUC-04,PROD-008,Herramientas,257.18,0,82.0,29
2024-06-10,SUC-04,PROD-008,Herramientas,265.11,0,53.0,53
2024-06-17,SUC-04,PROD-008,Herramientas,263.04,0,102.0,31
2024-06-24,SUC-04,PROD-008,Herramientas,263.2,0,71.0,28
2024-07-01,SUC-04,PROD-008,Herramientas,261.63,0,43.0,32
2024-07-08,SUC-04,PROD-008,Herramientas,258.87,0,135.0,41
2024-07-15,SUC-04,PROD-008,Herramientas,258.27,0,94.0,27
2024-07-22,SUC-04,PROD-008,Herramientas,218.18,1,67.0,33
2024-07-29,SUC-04,PROD-008,Herramientas,257.27,0,106.0,30
2024-08-05,SUC-04,PROD-008,Herramientas,223.04,1,76.0,50
2024-08-12,SUC-04,PROD-008,Herramientas,227.08,1,26.0,26
2024-08-19,SUC-04,PROD-008,Herramientas,264.84,0,139.0,37
2024-08-26,SUC-04,PROD-008,Herramientas,267.56,0,102.0,48
2024-09-02,SUC-04,PROD-008,Herramientas,226.02,1,54.0,53
2024-09-09,SUC-04,PROD-008,Herramientas,266.41,0,129.0,45
2024-09-16,SUC-04,PROD-008,Herramientas,257.12,0,84.0,40
2024-09-23,SUC-04,PROD-008,Herramientas,265.18,0,44.0,33
2024-09-30,SUC-04,PROD-008,Herramientas,266.0,0,196.0,48
2024-10-07,SUC-04,PROD-008,Herramientas,219.09,1,148.0,65
2024-10-14,SUC-04,PROD-008,Herramientas,259.76,0,83.0,38
2024-10-21,SUC-04,PROD-008,Herramientas,220.66,1,221.0,70
2024-10-28,SUC-04,PROD-008,Herramientas,263.18,0,151.0,54
2024-11-04,SUC-04,PROD-008,Herramientas,261.85,0,97.0,51
2024-11-11,SUC-04,PROD-008,Herramientas,264.06,0,215.0,45
2024-11-18,SUC-04,PROD-008,Herramientas,262.27,0,170.0,63
2024-11-25,SUC-04,PROD-008,Herramientas,263.68,0,107.0,70
2024-12-02,SUC-04,PROD-008,Herramientas,256.08,0,207.0,50
2024-12-09,SUC-04,PROD-008,Herramientas,225.0,1,157.0,72
2024-12-16,SUC-04,PROD-008,Herramientas,227.82,1,85.0,999999
2024-12-23,SUC-04,PROD-008,Herramientas,258.74,0,219.0,62
2024-12-30,SUC-04,PROD-008,Herramientas,264.17,0,157.0,41
2025-01-06,SUC-04,PROD-008,Herramientas,264.53,0,116.0,65
2025-01-13,SUC-04,PROD-008,Herramientas,223.9,1,311.0,58
2025-01-20,SUC-04,PROD-008,Herramientas,260.68,0,253.0,60
2025-01-27,SUC-04,PROD-008,Herramientas,267.6,0,193.0,58
2025-02-03,SUC-04,PROD-008,Herramientas,256.13,0,207.0,64
2025-02-10,SUC-04,PROD-008,Herramientas,227.58,1,143.0,67
2025-02-17,SUC-04,PROD-008,Herramientas,264.01,0,76.0,56
2025-02-24,SUC-04,PROD-008,Herramientas,268.09,0,173.0,81
2025-03-03,SUC-04,PROD-008,Herramientas,254.58,0,92.0,51
2025-03-10,SUC-04,PROD-008,Herramientas,268.48,0,41.0,41
2025-03-17,SUC-04,PROD-008,Herramientas,259.06,0,173.0,33
2025-03-24,SUC-04,PROD-008,Herramientas,253.96,0,140.0,32
2025-03-31,SUC-04,PROD-008,Herramientas,258.27,0,108.0,42
2025-04-07,SUC-04,PROD-008,Herramientas,253.89,0,137.0,35
2025-04-14,SUC-04,PROD-008,Herramientas,267.48,0,102.0,48
2025-04-21,SUC-04,PROD-008,Herramientas,260.4,0,54.0,47
2025-04-28,SUC-04,PROD-008,Herramientas,260.2,0,7.0,7
2025-05-05,SUC-04,PROD-008,Herramientas,262.73,0,0.0,0
2025-05-12,SUC-04,PROD-008,Herramientas,222.11,1,0.0,0
2025-05-19,SUC-04,PROD-008,Herramientas,231.34,1,172.0,52
2025-05-26,SUC-04,PROD-008,Herramientas,257.98,0,120.0,29
2025-06-02,SUC-04,PROD-008,Herramientas,268.29,0,91.0,26
2025-06-09,SUC-04,PROD-008,Herramientas,220.12,1,188.0,46
2025-06-16,SUC-04,PROD-008,Herramientas,229.46,1,142.0,36
2025-06-23,SUC-04,PROD-008,Herramientas,267.79,0,106.0,45
2025-06-30,SUC-04,PROD-008,Herramientas,264.9,0,97.0,32
2025-07-07,SUC-04,PROD-008,Herramientas,266.8,0,65.0,38
2025-07-14,SUC-04,PROD-008,Herramientas,262.84,0,27.0,27
2025-07-21,SUC-04,PROD-008,Herramientas,267.38,0,99.0,31
2025-07-28,SUC-04,PROD-008,Herramientas,254.7,0,68.0,34
2025-08-04,SUC-04,PROD-008,Herramientas,264.38,0,34.0,34
2025-08-11,SUC-04,PROD-008,Herramientas,222.18,1,238.0,51
2025-08-18,SUC-04,PROD-008,Herramientas,222.11,1,187.0,67
2025-08-25,SUC-04,PROD-008,Herramientas,265.95,0,120.0,32
2025-09-01,SUC-04,PROD-008,Herramientas,257.38,0,179.0,52
2025-09-08,SUC-04,PROD-008,Herramientas,265.85,0,127.0,45
2025-09-15,SUC-04,PROD-008,Herramientas,255.3,0,82.0,50
2025-09-22,SUC-04,PROD-008,Herramientas,227.84,1,182.0,67
2025-09-29,SUC-04,PROD-008,Herramientas,224.66,1,115.0,90
2025-10-06,SUC-04,PROD-008,Herramientas,259.1,0,25.0,25
2025-10-13,SUC-04,PROD-008,Herramientas,227.37,1,295.0,70
2025-10-20,SUC-04,PROD-008,Herramientas,230.28,1,225.0,66
2025-10-27,SUC-04,PROD-008,Herramientas,269.14,0,159.0,57
2025-11-03,SUC-04,PROD-008,Herramientas,258.17,0,147.0,75
2025-11-10,SUC-04,PROD-008,Herramientas,256.29,0,72.0,57
2025-11-17,SUC-04,PROD-008,Herramientas,269.09,0,15.0,15
2025-11-24,SUC-04,PROD-008,Herramientas,223.03,1,353.0,85
2025-12-01,SUC-04,PROD-008,Herramientas,230.34,1,268.0,90
2025-12-08,SUC-04,PROD-008,Herramientas,268.23,0,178.0,50
2025-12-15,SUC-04,PROD-008,Herramientas,267.32,0,223.0,76
2025-12-22,SUC-04,PROD-008,Herramientas,255.48,0,147.0,39
2024-01-01,SUC-05,PROD-008,Herramientas,259.66,0,191.0,59
2024-01-08,SUC-05,PROD-008,Herramientas,264.32,0,132.0,65
2024-01-15,SUC-05,PROD-008,Herramientas,267.6,0,67.0,55
2024-01-22,SUC-05,PROD-008,Herramientas,227.24,1,12.0,12
2024-01-29,SUC-05,PROD-008,Herramientas,258.99,0,0.0,0
2024-02-05,SUC-05,PROD-008,Herramientas,256.56,0,0.0,0
2024-02-12,SUC-05,PROD-008,Herramientas,262.2,0,149.0,59
2024-02-19,SUC-05,PROD-008,Herramientas,219.58,1,90.0,60
2024-02-26,SUC-05,PROD-008,Herramientas,229.81,1,30.0,30
2024-03-04,SUC-05,PROD-008,Herramientas,253.98,0,134.0,62
2024-03-11,SUC-05,PROD-008,Herramientas,261.56,0,72.0,58
2024-03-18,SUC-05,PROD-008,Herramientas,263.07,0,14.0,14
2024-03-25,SUC-05,PROD-008,Herramientas,261.06,0,115.0,39
2024-04-01,SUC-05,PROD-008,Herramientas,268.41,0,76.0,45
2024-04-08,SUC-05,PROD-008,Herramientas,268.06,0,31.0,31
2024-04-15,SUC-05,PROD-008,Herramientas,255.08,0,118.0,47
2024-04-22,SUC-05,PROD-008,Herramientas,263.31,0,71.0,46
2024-04-29,SUC-05,PROD-008,Herramientas,-10.0,0,25.0,25
2024-05-06,SUC-05,PROD-008,Herramientas,266.7,0,93.0,38
2024-05-13,SUC-05,PROD-008,Herramientas,264.02,0,55.0,37
2024-05-20,SUC-05,PROD-008,Herramientas,269.1,0,18.0,18
2024-05-27,SUC-05,PROD-008,Herramientas,226.07,1,193.0,45
2024-06-03,SUC-05,PROD-008,Herramientas,258.11,0,148.0,34
2024-06-10,SUC-05,PROD-008,Herramientas,258.77,0,114.0,31
2024-06-17,SUC-05,PROD-008,Herramientas,226.35,1,178.0,72
2024-06-24,SUC-05,PROD-008,Herramientas,258.93,0,106.0,36
2024-07-01,SUC-05,PROD-008,Herramientas,260.97,0,70.0,46
2024-07-08,SUC-05,PROD-008,Herramientas,-10.0,0,121.0,38
2024-07-15,SUC-05,PROD-008,Herramientas,268.26,0,83.0,26
2024-07-22,SUC-05,PROD-008,Herramientas,224.01,1,57.0,57
2024-07-29,SUC-05,PROD-008,Herramientas,262.74,0,154.0,32
2024-08-05,SUC-05,PROD-008,Herramientas,263.01,0,122.0,44
2024-08-12,SUC-05,PROD-008,Herramientas,266.89,0,78.0,48
2024-08-19,SUC-05,PROD-008,Herramientas,256.48,0,113.0,36
2024-08-26,SUC-05,PROD-008,Herramientas,254.41,0,77.0,36
2024-09-02,SUC-05,PROD-008,Herramientas,254.63,0,41.0,41
2024-09-09,SUC-05,PROD-008,Herramientas,266.69,0,172.0,50
2024-09-16,SUC-05,PROD-008,Herramientas,255.16,0,122.0,40
2024-09-23,SUC-05,PROD-008,Herramientas,264.12,0,82.0,42
2024-09-30,SUC-05,PROD-008,Herramientas,269.05,0,144.0,48
2024-10-07,SUC-05,PROD-008,Herramientas,257.74,0,96.0,57
2024-10-14,SUC-05,PROD-008,Herramientas,265.34,0,39.0,39
2024-10-21,SUC-05,PROD-008,Herramientas,267.2,0,212.0,67
2024-10-28,SUC-05,PROD-008,Herramientas,257.75,0,145.0,51
2024-11-04,SUC-05,PROD-008,Herramientas,264.49,0,94.0,48
2024-11-11,SUC-05,PROD-008,Herramientas,223.01,1,381.0,87
2024-11-18,SUC-05,PROD-008,Herramientas,264.15,0,294.0,63
2024-11-25,SUC-05,PROD-008,Herramientas,261.96,0,231.0,74
2024-12-02,SUC-05,PROD-008,Herramientas,227.53,1,365.0,96
2024-12-09,SUC-05,PROD-008,Herramientas,265.9,0,269.0,76
2024-12-16,SUC-05,PROD-008,Herramientas,267.72,0,193.0,84
2024-12-23,SUC-05,PROD-008,Herramientas,228.3,1,264.0,54
2024-12-30,SUC-05,PROD-008,Herramientas,267.41,0,210.0,70
2025-01-06,SUC-05,PROD-008,Herramientas,263.71,0,140.0,75
2025-01-13,SUC-05,PROD-008,Herramientas,259.93,0,171.0,81
2025-01-20,SUC-05,PROD-008,Herramientas,265.24,0,90.0,86
2025-01-27,SUC-05,PROD-008,Herramientas,258.34,0,4.0,4
2025-02-03,SUC-05,PROD-008,Herramientas,253.67,0,228.0,67
2025-02-10,SUC-05,PROD-008,Herramientas,268.97,0,161.0,47
2025-02-17,SUC-05,PROD-008,Herramientas,264.55,0,114.0,43
2025-02-24,SUC-05,PROD-008,Herramientas,254.08,0,194.0,69
2025-03-03,SUC-05,PROD-008,Herramientas,222.89,1,125.0,50
2025-03-10,SUC-05,PROD-008,Herramientas,265.59,0,75.0,50
2025-03-17,SUC-05,PROD-008,Herramientas,254.16,0,180.0,47
2025-03-24,SUC-05,PROD-008,Herramientas,266.8,0,133.0,47
2025-03-31,SUC-05,PROD-008,Herramientas,255.45,0,86.0,51
2025-04-07,SUC-05,PROD-008,Herramientas,255.32,0,144.0,43
2025-04-14,SUC-05,PROD-008,Herramientas,253.69,0,101.0,41
2025-04-21,SUC-05,PROD-008,Herramientas,257.19,0,60.0,44
2025-04-28,SUC-05,PROD-008,Herramientas,258.77,0,133.0,52
2025-05-05,SUC-05,PROD-008,Herramientas,254.07,0,81.0,51
2025-05-12,SUC-05,PROD-008,Herramientas,257.18,0,30.0,30
2025-05-19,SUC-05,PROD-008,Herramientas,223.58,1,184.0,55
2025-05-26,SUC-05,PROD-008,Herramientas,258.16,0,129.0,33
2025-06-02,SUC-05,PROD-008,Herramientas,261.1,0,96.0,43
2025-06-09,SUC-05,PROD-008,Herramientas,229.61,1,159.0,24
2025-06-16,SUC-05,PROD-008,Herramientas,262.22,0,135.0,43
2025-06-23,SUC-05,PROD-008,Herramientas,267.9,0,92.0,44
2025-06-30,SUC-05,PROD-008,Herramientas,258.51,0,139.0,45
2025-07-07,SUC-05,PROD-008,Herramientas,229.19,1,94.0,40
2025-07-14,SUC-05,PROD-008,Herramientas,256.03,0,54.0,42
2025-07-21,SUC-05,PROD-008,Herramientas,258.48,0,127.0,35
2025-07-28,SUC-05,PROD-008,Herramientas,253.71,0,92.0,82
2025-08-04,SUC-05,PROD-008,Herramientas,269.25,0,10.0,10
2025-08-11,SUC-05,PROD-008,Herramientas,260.02,0,183.0,37
2025-08-18,SUC-05,PROD-008,Herramientas,265.22,0,146.0,46
2025-08-25,SUC-05,PROD-008,Herramientas,267.2,0,100.0,44
2025-09-01,SUC-05,PROD-008,Herramientas,254.47,0,129.0,54
2025-09-08,SUC-05,PROD-008,Herramientas,256.75,0,,55
2025-09-15,SUC-05,PROD-008,Herramientas,254.28,0,20.0,20
2025-09-22,SUC-05,PROD-008,Herramientas,268.72,0,0.0,0
2025-09-29,SUC-05,PROD-008,Herramientas,-10.0,0,0.0,0
2025-10-06,SUC-05,PROD-008,Herramientas,263.09,0,0.0,0
2025-10-13,SUC-05,PROD-008,Herramientas,260.45,0,215.0,85
2025-10-20,SUC-05,PROD-008,Herramientas,254.2,0,130.0,73
2025-10-27,SUC-05,PROD-008,Herramientas,254.24,0,57.0,57
2025-11-03,SUC-05,PROD-008,Herramientas,258.38,0,212.0,68
2025-11-10,SUC-05,PROD-008,Herramientas,260.08,0,144.0,52
2025-11-17,SUC-05,PROD-008,Herramientas,229.61,1,92.0,85
2025-11-24,SUC-05,PROD-008,Herramientas,265.66,0,257.0,77
2025-12-01,SUC-05,PROD-008,Herramientas,226.56,1,180.0,99
2025-12-08,SUC-05,PROD-008,Herramientas,223.99,1,81.0,81
2025-12-15,SUC-05,PROD-008,Herramientas,-10.0,0,268.0,88
2025-12-22,SUC-05,PROD-008,Herramientas,267.95,0,180.0,80
2024-01-01,SUC-01,PROD-009,Iluminación,551.33,0,29.0,15
2024-01-08,SUC-01,PROD-009,Iluminación,544.47,0,14.0,11
2024-01-15,SUC-01,PROD-009,Iluminación,526.86,0,3.0,3
2024-01-22,SUC-01,PROD-009,Iluminación,537.35,0,37.0,12
2024-01-29,SUC-01,PROD-009,Iluminación,551.88,0,25.0,10
2024-02-05,SUC-01,PROD-009,Iluminación,525.7,0,15.0,11
2024-02-12,SUC-01,PROD-009,Iluminación,549.83,0,4.0,4
2024-02-19,SUC-01,PROD-009,Iluminación,534.69,0,0.0,0
2024-02-26,SUC-01,PROD-009,Iluminación,527.77,0,0.0,0
2024-03-04,SUC-01,PROD-009,Iluminación,532.3,0,-5.0,0
2024-03-11,SUC-01,PROD-009,Iluminación,547.63,0,0.0,0
2024-03-18,SUC-01,PROD-009,Iluminación,535.22,0,0.0,0
2024-03-25,SUC-01,PROD-009,Iluminación,547.61,0,54.0,12
2024-04-01,SUC-01,PROD-009,Iluminación,472.22,1,42.0,20
2024-04-08,SUC-01,PROD-009,Iluminación,529.87,0,22.0,14
2024-04-15,SUC-01,PROD-009,Iluminación,470.28,1,57.0,22
2024-04-22,SUC-01,PROD-009,Iluminación,551.53,0,35.0,13
2024-04-29,SUC-01,PROD-009,Iluminación,539.39,0,22.0,19
2024-05-06,SUC-01,PROD-009,Iluminación,530.83,0,43.0,17
2024-05-13,SUC-01,PROD-009,Iluminación,451.45,1,26.0,16
2024-05-20,SUC-01,PROD-009,Iluminación,551.02,0,10.0,10
2024-05-27,SUC-01,PROD-009,Iluminación,544.82,0,50.0,13
2024-06-03,SUC-01,PROD-009,Iluminación,546.03,0,37.0,12
2024-06-10,SUC-01,PROD-009,Iluminación,547.47,0,25.0,12
2024-06-17,SUC-01,PROD-009,Iluminación,463.06,1,64.0,14
2024-06-24,SUC-01,PROD-009,Iluminación,471.39,1,50.0,13
2024-07-01,SUC-01,PROD-009,Iluminación,522.63,0,37.0,18
2024-07-08,SUC-01,PROD-009,Iluminación,525.4,0,19.0,16
2024-07-15,SUC-01,PROD-009,Iluminación,545.83,0,3.0,3
2024-07-22,SUC-01,PROD-009,Iluminación,520.18,0,0.0,0
2024-07-29,SUC-01,PROD-009,Iluminación,-10.0,0,43.0,11
2024-08-05,SUC-01,PROD-009,Iluminación,547.52,0,32.0,12
2024-08-12,SUC-01,PROD-009,Iluminación,467.68,1,20.0,12
2024-08-19,SUC-01,PROD-009,Iluminación,526.91,0,29.0,10
2024-08-26,SUC-01,PROD-009,Iluminación,524.3,0,19.0,8
2024-09-02,SUC-01,PROD-009,Iluminación,521.18,0,11.0,11
2024-09-09,SUC-01,PROD-009,Iluminación,537.81,0,31.0,6
2024-09-16,SUC-01,PROD-009,Iluminación,533.57,0,25.0,6
2024-09-23,SUC-01,PROD-009,Iluminación,522.15,0,19.0,6
2024-09-30,SUC-01,PROD-009,Iluminación,526.89,0,29.0,9
2024-10-07,SUC-01,PROD-009,Iluminación,530.41,0,20.0,9
2024-10-14,SUC-01,PROD-009,Iluminación,527.81,0,11.0,11
2024-10-21,SUC-01,PROD-009,Iluminación,546.4,0,0.0,0
2024-10-28,SUC-01,PROD-009,Iluminación,550.01,0,0.0,0
2024-11-04,SUC-01,PROD-009,Iluminación,551.42,0,0.0,0
2024-11-11,SUC-01,PROD-009,Iluminación,546.29,0,35.0,12
2024-11-18,SUC-01,PROD-009,Iluminación,534.32,0,23.0,2
2024-11-25,SUC-01,PROD-009,Iluminación,530.07,0,21.0,12
2024-12-02,SUC-01,PROD-009,Iluminación,529.01,0,39.0,13
2024-12-09,SUC-01,PROD-009,Iluminación,524.86,0,26.0,12
2024-12-16,SUC-01,PROD-009,Iluminación,548.5,0,14.0,14
2024-12-23,SUC-01,PROD-009,Iluminación,529.94,0,30.0,13
2024-12-30,SUC-01,PROD-009,Iluminación,455.78,1,17.0,14
2025-01-06,SUC-01,PROD-009,Iluminación,525.35,0,3.0,3
2025-01-13,SUC-01,PROD-009,Iluminación,529.17,0,38.0,14
2025-01-20,SUC-01,PROD-009,Iluminación,522.12,0,24.0,16
2025-01-27,SUC-01,PROD-009,Iluminación,459.46,1,8.0,8
2025-02-03,SUC-01,PROD-009,Iluminación,536.12,0,36.0,16
2025-02-10,SUC-01,PROD-009,Iluminación,464.43,1,20.0,13
2025-02-17,SUC-01,PROD-009,Iluminación,522.01,0,7.0,7
2025-02-24,SUC-01,PROD-009,Iluminación,546.21,0,37.0,12
2025-03-03,SUC-01,PROD-009,Iluminación,527.73,0,25.0,20
2025-03-10,SUC-01,PROD-009,Iluminación,549.36,0,5.0,5
2025-03-17,SUC-01,PROD-009,Iluminación,545.77,0,54.0,13
2025-03-24,SUC-01,PROD-009,Iluminación,530.2,0,41.0,14
2025-03-31,SUC-01,PROD-009,Iluminación,527.0,0,27.0,17
2025-04-07,SUC-01,PROD-009,Iluminación,539.11,0,47.0,15
2025-04-14,SUC-01,PROD-009,Iluminación,545.72,0,32.0,21
2025-04-21,SUC-01,PROD-009,Iluminación,540.43,0,11.0,11
2025-04-28,SUC-01,PROD-009,Iluminación,544.23,0,62.0,17
2025-05-05,SUC-01,PROD-009,Iluminación,540.62,0,45.0,8
2025-05-12,SUC-01,PROD-009,Iluminación,537.66,0,37.0,16
2025-05-19,SUC-01,PROD-009,Iluminación,547.56,0,44.0,16
2025-05-26,SUC-01,PROD-009,Iluminación,520.33,0,28.0,13
2025-06-02,SUC-01,PROD-009,Iluminación,540.16,0,15.0,14
2025-06-09,SUC-01,PROD-009,Iluminación,529.42,0,51.0,12
2025-06-16,SUC-01,PROD-009,Iluminación,528.43,0,39.0,10
2025-06-23,SUC-01,PROD-009,Iluminación,549.04,0,29.0,15
2025-06-30,SUC-01,PROD-009,Iluminación,465.31,1,51.0,16
2025-07-07,SUC-01,PROD-009,Iluminación,525.87,0,35.0,11
2025-07-14,SUC-01,PROD-009,Iluminación,539.26,0,24.0,15
2025-07-21,SUC-01,PROD-009,Iluminación,466.62,1,55.0,13
2025-07-28,SUC-01,PROD-009,Iluminación,551.07,0,42.0,13
2025-08-04,SUC-01,PROD-009,Iluminación,526.2,0,29.0,11
2025-08-11,SUC-01,PROD-009,Iluminación,550.32,0,18.0,12
2025-08-18,SUC-01,PROD-009,Iluminación,529.23,0,6.0,6
2025-08-25,SUC-01,PROD-009,Iluminación,532.02,0,0.0,0
2025-09-01,SUC-01,PROD-009,Iluminación,540.28,0,38.0,8
2025-09-08,SUC-01,PROD-009,Iluminación,536.13,0,30.0,12
2025-09-15,SUC-01,PROD-009,Iluminación,551.39,0,18.0,8
2025-09-22,SUC-01,PROD-009,Iluminación,547.3,0,32.0,9
2025-09-29,SUC-01,PROD-009,Iluminación,532.57,0,23.0,14
fecha-invalida,SUC-01,PROD-009,Iluminación,543.03,0,9.0,9
2025-10-13,SUC-01,PROD-009,Iluminación,521.76,0,37.0,9
2025-10-20,SUC-01,PROD-009,Iluminación,547.73,0,28.0,6
2025-10-27,SUC-01,PROD-009,Iluminación,532.48,0,22.0,6
2025-11-03,SUC-01,PROD-009,Iluminación,523.24,0,27.0,13
2025-11-10,SUC-01,PROD-009,Iluminación,523.71,0,14.0,9
2025-11-17,SUC-01,PROD-009,Iluminación,530.29,0,5.0,5
2025-11-24,SUC-01,PROD-009,Iluminación,529.26,0,42.0,10
2025-12-01,SUC-01,PROD-009,Iluminación,542.83,0,32.0,6
2025-12-08,SUC-01,PROD-009,Iluminación,521.89,0,26.0,9
2025-12-15,SUC-01,PROD-009,Iluminación,550.54,0,42.0,9
2025-12-22,SUC-01,PROD-009,Iluminación,550.84,0,33.0,15
2024-01-01,SUC-02,PROD-009,Iluminación,527.7,0,37.0,13
2024-01-08,SUC-02,PROD-009,Iluminación,521.32,0,24.0,18
2024-01-15,SUC-02,PROD-009,Iluminación,546.7,0,6.0,6
2024-01-22,SUC-02,PROD-009,Iluminación,539.83,0,66.0,18
2024-01-29,SUC-02,PROD-009,Iluminación,522.91,0,48.0,15
2024-02-05,SUC-02,PROD-009,Iluminación,533.98,0,33.0,18
2024-02-12,SUC-02,PROD-009,Iluminación,552.01,0,43.0,14
2024-02-19,SUC-02,PROD-009,Iluminación,541.6,0,29.0,14
2024-02-26,SUC-02,PROD-009,Iluminación,546.55,0,15.0,15
2024-03-04,SUC-02,PROD-009,Iluminación,543.19,0,46.0,20
2024-03-11,SUC-02,PROD-009,Iluminación,542.29,0,26.0,20
2024-03-18,SUC-02,PROD-009, ILUMINACIÓN ,527.18,0,6.0,6
2024-03-25,SUC-02,PROD-009,Iluminación,466.22,1,110.0,15
2024-04-01,SUC-02,PROD-009,Iluminación,525.26,0,95.0,23
2024-04-08,SUC-02,PROD-009,Iluminación,542.8,0,72.0,22
2024-04-15,SUC-02,PROD-009,Iluminación,542.03,0,70.0,18
2024-04-22,SUC-02,PROD-009,Iluminación,538.44,0,52.0,20
2024-04-29,SUC-02,PROD-009,Iluminación,465.61,1,32.0,26
2024-05-06,SUC-02,PROD-009,Iluminación,536.94,0,68.0,16
2024-05-13,SUC-02,PROD-009, ILUMINACIÓN ,521.28,0,52.0,13
2024-05-20,SUC-02,PROD-009,Iluminación,540.46,0,39.0,19
2024-05-27,SUC-02,PROD-009,Iluminación,459.35,1,63.0,27
2024-06-03,SUC-02,PROD-009,Iluminación,534.87,0,36.0,21
2024-06-10,SUC-02,PROD-009,Iluminación,548.27,0,15.0,15
2024-06-17,SUC-02,PROD-009,Iluminación,470.8,1,84.0,15
2024-06-24,SUC-02,PROD-009,Iluminación,525.64,0,69.0,18
2024-07-01,SUC-02,PROD-009,Iluminación,543.18,0,51.0,12
2024-07-08,SUC-02,PROD-009,Iluminación,524.64,0,39.0,19
2024-07-15,SUC-02,PROD-009,Iluminación,523.42,0,20.0,19
2024-07-22,SUC-02,PROD-009,Iluminación,524.58,0,1.0,1
2024-07-29,SUC-02,PROD-009,Iluminación,540.69,0,33.0,12
2024-08-05,SUC-02,PROD-009,Iluminación,551.34,0,21.0,14
fecha-invalida,SUC-02,PROD-009,Iluminación,521.39,0,7.0,7
2024-08-19,SUC-02,PROD-009,Iluminación,540.01,0,30.0,9
2024-08-26,SUC-02,PROD-009,Iluminación,551.88,0,21.0,16
2024-09-02,SUC-02,PROD-009,Iluminación,474.47,1,5.0,5
2024-09-09,SUC-02,PROD-009,Iluminación,449.0,1,47.0,19
2024-09-16,SUC-02,PROD-009,Iluminación,537.92,0,28.0,14
2024-09-23,SUC-02,PROD-009,Iluminación,530.76,0,14.0,12
2024-09-30,SUC-02,PROD-009,Iluminación,520.48,0,33.0,10
2024-10-07,SUC-02,PROD-009,Iluminación,456.96,1,23.0,17
2024-10-14,SUC-02,PROD-009,Iluminación,549.97,0,6.0,6
2024-10-21,SUC-02,PROD-009,Iluminación,542.07,0,34.0,19
2024-10-28,SUC-02,PROD-009,Iluminación,533.04,0,15.0,13
2024-11-04,SUC-02,PROD-009,Iluminación,522.0,0,2.0,2
2024-11-11,SUC-02,PROD-009,Iluminación,530.72,0,49.0,13
2024-11-18,SUC-02,PROD-009,Iluminación,538.2,0,36.0,12
2024-11-25,SUC-02,PROD-009,Iluminación,541.91,0,24.0,15
2024-12-02,SUC-02,PROD-009,Iluminación,527.17,0,44.0,13
2024-12-09,SUC-02,PROD-009,Iluminación,520.17,0,31.0,13
2024-12-16,SUC-02,PROD-009,Iluminación,467.54,1,18.0,15
2024-12-23,SUC-02,PROD-009,Iluminación,472.71,1,83.0,10
2024-12-30,SUC-02,PROD-009,Iluminación,546.63,0,73.0,20
2025-01-06,SUC-02,PROD-009,Iluminación,547.86,0,53.0,12
2025-01-13,SUC-02,PROD-009,Iluminación,544.3,0,41.0,16
2025-01-20,SUC-02,PROD-009,Iluminación,462.75,1,25.0,18
2025-01-27,SUC-02,PROD-009,Iluminación,541.18,0,7.0,7
2025-02-03,SUC-02,PROD-009,Iluminación,541.6,0,48.0,16
2025-02-10,SUC-02,PROD-009,Iluminación,548.31,0,32.0,17
2025-02-17,SUC-02,PROD-009,Iluminación,523.5,0,15.0,15
2025-02-24,SUC-02,PROD-009,Iluminación,530.89,0,64.0,19
2025-03-03,SUC-02,PROD-009,Iluminación,532.92,0,45.0,22
2025-03-10,SUC-02,PROD-009,Iluminación,529.58,0,23.0,18
2025-03-17,SUC-02,PROD-009,Iluminación,539.85,0,56.0,17
2025-03-24,SUC-02,PROD-009,Iluminación,549.37,0,39.0,22
2025-03-31,SUC-02,PROD-009,Iluminación,544.2,0,17.0,17
2025-04-07,SUC-02,PROD-009,Iluminación,546.51,0,61.0,16
2025-04-14,SUC-02,PROD-009,Iluminación,548.23,0,45.0,18
2025-04-21,SUC-02,PROD-009,Iluminación,529.5,0,27.0,17
2025-04-28,SUC-02,PROD-009,Iluminación,540.74,0,62.0,22
2025-05-05,SUC-02,PROD-009,Iluminación,547.72,0,40.0,20
2025-05-12,SUC-02,PROD-009,Iluminación,449.97,1,20.0,20
2025-05-19,SUC-02,PROD-009,Iluminación,452.72,1,90.0,25
2025-05-26,SUC-02,PROD-009,Iluminación,530.11,0,65.0,41
2025-06-02,SUC-02,PROD-009,Iluminación,467.93,1,24.0,24
2025-06-09,SUC-02,PROD-009,Iluminación,545.29,0,62.0,16
2025-06-16,SUC-02,PROD-009,Iluminación,522.41,0,46.0,18
2025-06-23,SUC-02,PROD-009,Iluminación,544.1,0,28.0,23
2025-06-30,SUC-02,PROD-009,Iluminación,545.0,0,41.0,16
2025-07-07,SUC-02,PROD-009,Iluminación,521.93,0,25.0,14
2025-07-14,SUC-02,PROD-009,Iluminación,464.69,1,11.0,11
2025-07-21,SUC-02,PROD-009,Iluminación,545.49,0,43.0,18
2025-07-28,SUC-02,PROD-009,Iluminación,449.01,1,25.0,17
2025-08-04,SUC-02,PROD-009,Iluminación,552.12,0,8.0,8
2025-08-11,SUC-02,PROD-009,Iluminación,536.0,0,36.0,19
2025-08-18,SUC-02,PROD-009,Iluminación,549.28,0,17.0,8
2025-08-25,SUC-02,PROD-009,Iluminación,535.42,0,9.0,9
2025-09-01,SUC-02,PROD-009,Iluminación,548.55,0,34.0,16
2025-09-08,SUC-02,PROD-009,Iluminación,545.04,0,18.0,13
2025-09-15,SUC-02,PROD-009,Iluminación,523.56,0,5.0,5
2025-09-22,SUC-02,PROD-009,Iluminación,522.9,0,31.0,8
2025-09-29,SUC-02,PROD-009,Iluminación,536.28,0,23.0,12
2025-10-06,SUC-02,PROD-009,Iluminación,457.76,1,,10
2025-10-13,SUC-02,PROD-009,Iluminación,547.6,0,33.0,13
2025-10-20,SUC-02,PROD-009,Iluminación,470.49,1,20.0,20
2025-10-27,SUC-02,PROD-009,Iluminación,448.95,1,0.0,0
2025-11-03,SUC-02,PROD-009,Iluminación,529.01,0,49.0,12
2025-11-10,SUC-02,PROD-009,Iluminación,529.09,0,37.0,10
2025-11-17,SUC-02,PROD-009,Iluminación,473.88,1,27.0,16
2025-11-24,SUC-02,PROD-009,Iluminación,453.26,1,79.0,22
2025-12-01,SUC-02,PROD-009,Iluminación,537.7,0,57.0,18
2025-12-08,SUC-02,PROD-009,Iluminación,524.3,0,39.0,14
2025-12-15,SUC-02,PROD-009,Iluminación,550.69,0,49.0,15
2025-12-22,SUC-02,PROD-009,Iluminación,524.5,0,34.0,22
2024-01-01,SUC-03,PROD-009,Iluminación,520.28,0,51.0,19
2024-01-08,SUC-03,PROD-009,Iluminación,521.15,0,32.0,11
2024-01-15,SUC-03,PROD-009,Iluminación,538.73,0,21.0,21
2024-01-22,SUC-03,PROD-009,Iluminación,520.41,0,56.0,24
2024-01-29,SUC-03,PROD-009,Iluminación,546.54,0,32.0,20
2024-02-05,SUC-03,PROD-009,Iluminación,539.51,0,12.0,12
2024-02-12,SUC-03,PROD-009,Iluminación,546.09,0,71.0,20
2024-02-19,SUC-03,PROD-009,Iluminación,455.4,1,51.0,24
2024-02-26,SUC-03,PROD-009,Iluminación,536.19,0,27.0,17
2024-03-04,SUC-03,PROD-009,Iluminación,520.69,0,75.0,22
2024-03-11,SUC-03,PROD-009,Iluminación,533.21,0,53.0,21
2024-03-18,SUC-03,PROD-009,Iluminación,531.62,0,32.0,23
2024-03-25,SUC-03,PROD-009,Iluminación,457.16,1,124.0,28
2024-04-01,SUC-03,PROD-009,Iluminación,547.68,0,96.0,25
2024-04-08,SUC-03,PROD-009,Iluminación,533.34,0,,25
2024-04-15,SUC-03,PROD-009,Iluminación,527.15,0,93.0,25
2024-04-22,SUC-03,PROD-009,Iluminación,549.31,0,68.0,26
2024-04-29,SUC-03,PROD-009,Iluminación,541.0,0,42.0,25
2024-05-06,SUC-03,PROD-009,Iluminación,457.62,1,90.0,29
2024-05-13,SUC-03,PROD-009,Iluminación,538.48,0,61.0,26
2024-05-20,SUC-03,PROD-009,Iluminación,550.27,0,35.0,22
2024-05-27,SUC-03,PROD-009,Iluminación,543.63,0,52.0,24
2024-06-03,SUC-03,PROD-009,Iluminación,474.23,1,28.0,23
2024-06-10,SUC-03,PROD-009,Iluminación,460.69,1,5.0,5
2024-06-17,SUC-03,PROD-009,Iluminación,520.31,0,57.0,27
2024-06-24,SUC-03,PROD-009,Iluminación,473.73,1,30.0,29
2024-07-01,SUC-03,PROD-009,Iluminación,525.16,0,1.0,1
2024-07-08,SUC-03,PROD-009,Iluminación,545.41,0,70.0,45
2024-07-15,SUC-03,PROD-009,Iluminación,529.49,0,25.0,17
2024-07-22,SUC-03,PROD-009,Iluminación,534.26,0,8.0,8
2024-07-29,SUC-03,PROD-009,Iluminación,520.86,0,60.0,19
2024-08-05,SUC-03,PROD-009,Iluminación,460.85,1,41.0,17
2024-08-12,SUC-03,PROD-009,Iluminación,552.03,0,24.0,12
2024-08-19,SUC-03,PROD-009,Iluminación,538.05,0,12.0,12
2024-08-26,SUC-03,PROD-009,Iluminación,541.29,0,0.0,0
2024-09-02,SUC-03,PROD-009,Iluminación,537.31,0,0.0,0
2024-09-09,SUC-03,PROD-009,Iluminación,463.51,1,64.0,13
2024-09-16,SUC-03,PROD-009,Iluminación,460.42,1,51.0,18
2024-09-23,SUC-03,PROD-009,Iluminación,455.55,1,33.0,21
2024-09-30,SUC-03,PROD-009,Iluminación,524.24,0,12.0,12
2024-10-07,SUC-03,PROD-009,Iluminación,525.04,0,0.0,0
2024-10-14,SUC-03,PROD-009,Iluminación,448.08,1,0.0,0
2024-10-21,SUC-03,PROD-009,Iluminación,551.91,0,42.0,16
2024-10-28,SUC-03,PROD-009,Iluminación,537.61,0,26.0,14
2024-11-04,SUC-03,PROD-009,Iluminación,472.08,1,12.0,12
2024-11-11,SUC-03,PROD-009,Iluminación,528.35,0,57.0,14
2024-11-18,SUC-03,PROD-009,Iluminación,528.9,0,43.0,11
2024-11-25,SUC-03,PROD-009,Iluminación,550.07,0,32.0,15
2024-12-02,SUC-03,PROD-009,Iluminación,539.63,0,39.0,12
2024-12-09,SUC-03,PROD-009,Iluminación,474.1,1,27.0,21
2024-12-16,SUC-03,PROD-009,Iluminación,537.16,0,6.0,6
2024-12-23,SUC-03,PROD-009,Iluminación,542.27,0,58.0,15
2024-12-30,SUC-03,PROD-009,Iluminación,552.1,0,43.0,23
2025-01-06,SUC-03,PROD-009,Iluminación,522.01,0,20.0,20
2025-01-13,SUC-03,PROD-009,Iluminación,520.7,0,70.0,21
2025-01-20,SUC-03,PROD-009,Iluminación,535.67,0,49.0,18
2025-01-27,SUC-03,PROD-009,Iluminación,465.89,1,31.0,19
2025-02-03,SUC-03,PROD-009,Iluminación,527.77,0,87.0,24
2025-02-10,SUC-03,PROD-009,Iluminación,532.2,0,63.0,27
2025-02-17,SUC-03,PROD-009,Iluminación,520.31,0,36.0,23
2025-02-24,SUC-03,PROD-009,Iluminación,540.68,0,83.0,15
2025-03-03,SUC-03,PROD-009,Iluminación,545.03,0,68.0,19
2025-03-10,SUC-03,PROD-009,Iluminación,530.36,0,49.0,17
2025-03-17,SUC-03,PROD-009,Iluminación,525.19,0,80.0,25
2025-03-24,SUC-03,PROD-009,Iluminación,533.19,0,55.0,26
2025-03-31,SUC-03,PROD-009,Iluminación,551.23,0,29.0,21
2025-04-07,SUC-03,PROD-009,Iluminación,546.95,0,83.0,24
2025-04-14,SUC-03,PROD-009,Iluminación,533.62,0,59.0,18
2025-04-21,SUC-03,PROD-009,Iluminación,522.48,0,41.0,19
2025-04-28,SUC-03,PROD-009,Iluminación,520.33,0,59.0,24
2025-05-05,SUC-03,PROD-009,Iluminación,540.85,0,35.0,24
2025-05-12,SUC-03,PROD-009,Iluminación,535.32,0,11.0,11
2025-05-19,SUC-03,PROD-009,Iluminación,546.45,0,69.0,22
2025-05-26,SUC-03,PROD-009,Iluminación,529.83,0,47.0,27
2025-06-02,SUC-03,PROD-009,Iluminación,451.25,1,20.0,20
2025-06-09,SUC-03,PROD-009,Iluminación,452.43,1,125.0,33
2025-06-16,SUC-03,PROD-009,Iluminación,464.34,1,92.0,33
2025-06-23,SUC-03,PROD-009,Iluminación,537.74,0,59.0,18
2025-06-30,SUC-03,PROD-009,Iluminación,471.98,1,111.0,25
2025-07-07,SUC-03,PROD-009,Iluminación,523.7,0,86.0,28
2025-07-14,SUC-03,PROD-009,Iluminación,454.42,1,58.0,28
2025-07-21,SUC-03,PROD-009,Iluminación,548.58,0,63.0,17
2025-07-28,SUC-03,PROD-009,Iluminación,538.45,0,46.0,14
2025-08-04,SUC-03,PROD-009,Iluminación,536.36,0,32.0,18
2025-08-11,SUC-03,PROD-009,Iluminación,532.57,0,57.0,14
2025-08-18,SUC-03,PROD-009,Iluminación,457.0,1,43.0,13
2025-08-25,SUC-03,PROD-009,Iluminación,530.18,0,30.0,14
2025-09-01,SUC-03,PROD-009,Iluminación,544.0,0,57.0,19
2025-09-08,SUC-03,PROD-009,Iluminación,451.96,1,38.0,15
2025-09-15,SUC-03,PROD-009,Iluminación,455.94,1,23.0,13
2025-09-22,SUC-03,PROD-009,Iluminación,549.66,0,35.0,18
2025-09-29,SUC-03,PROD-009,Iluminación,539.3,0,17.0,17
2025-10-06,SUC-03,PROD-009,Iluminación,546.35,0,0.0,0
2025-10-13,SUC-03,PROD-009,Iluminación,523.42,0,0.0,0
2025-10-20,SUC-03,PROD-009,Iluminación,545.53,0,0.0,0
2025-10-27,SUC-03,PROD-009,Iluminación,534.35,0,0.0,0
2025-11-03,SUC-03,PROD-009,Iluminación,533.01,0,40.0,16
2025-11-10,SUC-03,PROD-009,Iluminación,532.11,0,24.0,13
2025-11-17,SUC-03,PROD-009,Iluminación,-10.0,0,11.0,11
2025-11-24,SUC-03,PROD-009,Iluminación,524.47,0,43.0,10
2025-12-01,SUC-03,PROD-009,Iluminación,450.6,1,33.0,17
2025-12-08,SUC-03,PROD-009,Iluminación,454.81,1,16.0,16
2025-12-15,SUC-03,PROD-009,Iluminación,535.9,0,70.0,24
2025-12-22,SUC-03,PROD-009,Iluminación,542.89,0,46.0,22
2024-01-01,SUC-04,PROD-009,Iluminación,465.49,1,90.0,30
2024-01-08,SUC-04,PROD-009,Iluminación,539.11,0,60.0,29
2024-01-15,SUC-04,PROD-009,Iluminación,535.79,0,31.0,27
2024-01-22,SUC-04,PROD-009,Iluminación,,0,58.0,23
2024-01-29,SUC-04,PROD-009,Iluminación,527.55,0,35.0,23
2024-02-05,SUC-04,PROD-009,Iluminación,527.7,0,12.0,12
2024-02-12,SUC-04,PROD-009,Iluminación,534.91,0,93.0,24
2024-02-19,SUC-04,PROD-009,Iluminación,452.34,1,69.0,26
2024-02-26,SUC-04,PROD-009,Iluminación,463.07,1,43.0,31
2024-03-04,SUC-04,PROD-009,Iluminación,534.14,0,12.0,12
2024-03-11,SUC-04,PROD-009,Iluminación,548.43,0,0.0,0
2024-03-18,SUC-04,PROD-009,Iluminación,540.94,0,0.0,0
2024-03-25,SUC-04,PROD-009,Iluminación,528.37,0,99.0,32
2024-04-01,SUC-04,PROD-009,Iluminación,537.54,0,67.0,25
2024-04-08,SUC-04,PROD-009,Iluminación,448.66,1,42.0,21
2024-04-15,SUC-04,PROD-009,Iluminación,521.97,0,21.0,21
2024-04-22,SUC-04,PROD-009,Iluminación,530.94,0,0.0,0
2024-04-29,SUC-04,PROD-009,Iluminación,536.82,0,0.0,0
2024-05-06,SUC-04,PROD-009,Iluminación,539.28,0,0.0,0
2024-05-13,SUC-04,PROD-009,Iluminación,533.36,0,0.0,0
2024-05-20,SUC-04,PROD-009,Iluminación,545.57,0,0.0,0
2024-05-27,SUC-04,PROD-009,Iluminación,545.48,0,78.0,26
2024-06-03,SUC-04,PROD-009,Iluminación,540.65,0,-5.0,30
2024-06-10,SUC-04,PROD-009,Iluminación,523.62,0,22.0,22
2024-06-17,SUC-04,PROD-009,Iluminación,469.61,1,120.0,12
2024-06-24,SUC-04,PROD-009,Iluminación,528.36,0,108.0,16
2024-07-01,SUC-04,PROD-009,Iluminación,545.37,0,92.0,27
2024-07-08,SUC-04,PROD-009,Iluminación,550.26,0,78.0,17
2024-07-15,SUC-04,PROD-009,Iluminación,528.37,0,61.0,20
2024-07-22,SUC-04,PROD-009,Iluminación,547.34,0,41.0,22
2024-07-29,SUC-04,PROD-009,Iluminación,552.11,0,55.0,19
2024-08-05,SUC-04,PROD-009,Iluminación,537.8,0,36.0,19
2024-08-12,SUC-04,PROD-009,Iluminación,546.04,0,17.0,15
2024-08-19,SUC-04,PROD-009,Iluminación,522.85,0,53.0,12
2024-08-26,SUC-04,PROD-009,Iluminación,533.25,0,41.0,16
2024-09-02,SUC-04,PROD-009,Iluminación,544.98,0,25.0,12
2024-09-09,SUC-04,PROD-009,Iluminación,452.56,1,80.0,21
2024-09-16,SUC-04,PROD-009,Iluminación,457.06,1,59.0,28
2024-09-23,SUC-04,PROD-009,Iluminación,522.98,0,31.0,17
2024-09-30,SUC-04,PROD-009,Iluminación,538.29,0,14.0,12
2024-10-07,SUC-04,PROD-009,Iluminación,452.39,1,2.0,2
2024-10-14,SUC-04,PROD-009,Iluminación,470.74,1,0.0,0
2024-10-21,SUC-04,PROD-009,Iluminación,456.85,1,72.0,19
2024-10-28,SUC-04,PROD-009,Iluminación,529.38,0,53.0,22
2024-11-04,SUC-04,PROD-009,Iluminación,537.32,0,31.0,17
2024-11-11,SUC-04,PROD-009,Iluminación,551.41,0,42.0,17
2024-11-18,SUC-04,PROD-009,Iluminación,534.65,0,25.0,17
2024-11-25,SUC-04,PROD-009,Iluminación,458.7,1,8.0,8
2024-12-02,SUC-04,PROD-009,Iluminación,520.92,0,55.0,17
2024-12-09,SUC-04,PROD-009,Iluminación,463.44,1,38.0,20
2024-12-16,SUC-04,PROD-009,Iluminación,526.94,0,18.0,16
2024-12-23,SUC-04,PROD-009,Iluminación,544.71,0,66.0,20
2024-12-30,SUC-04,PROD-009,Iluminación,547.09,0,46.0,20
2025-01-06,SUC-04,PROD-009,Iluminación,521.14,0,26.0,18
2025-01-13,SUC-04,PROD-009,Iluminación,539.47,0,90.0,21
2025-01-20,SUC-04,PROD-009,Iluminación,473.98,1,69.0,32
2025-01-27,SUC-04,PROD-009,Iluminación,533.03,0,37.0,27
2025-02-03,SUC-04,PROD-009,Iluminación,457.01,1,149.0,63
2025-02-10,SUC-04,PROD-009,Iluminación,527.44,0,86.0,26
2025-02-17,SUC-04,PROD-009,Iluminación,549.65,0,60.0,18
2025-02-24,SUC-04,PROD-009,Iluminación,532.31,0,83.0,30
2025-03-03,SUC-04,PROD-009,Iluminación,547.13,0,53.0,26
2025-03-10,SUC-04,PROD-009,Iluminación,546.69,0,27.0,27
2025-03-17,SUC-04,PROD-009,Iluminación,472.71,1,0.0,0
2025-03-24,SUC-04,PROD-009,Iluminación,538.74,0,0.0,0
2025-03-31,SUC-04,PROD-009,Iluminación,462.1,1,0.0,0
2025-04-07,SUC-04,PROD-009,Iluminación,534.89,0,82.0,30
2025-04-14,SUC-04,PROD-009,Iluminación,527.36,0,52.0,35
2025-04-21,SUC-04,PROD-009,Iluminación,539.58,0,17.0,17
2025-04-28,SUC-04,PROD-009,Iluminación,468.99,1,110.0,35
2025-05-05,SUC-04,PROD-009,Iluminación,542.5,0,75.0,27
2025-05-12,SUC-04,PROD-009,Iluminación,528.15,0,48.0,28
2025-05-19,SUC-04,PROD-009,Iluminación,527.37,0,66.0,25
2025-05-26,SUC-04,PROD-009,Iluminación,525.28,0,41.0,29
2025-06-02,SUC-04,PROD-009,Iluminación,461.37,1,12.0,12
2025-06-09,SUC-04,PROD-009,Iluminación,524.06,0,78.0,32
2025-06-16,SUC-04,PROD-009,Iluminación,531.86,0,46.0,15
2025-06-23,SUC-04,PROD-009,Iluminación,522.13,0,31.0,19
2025-06-30,SUC-04,PROD-009,Iluminación,537.53,0,62.0,22
2025-07-07,SUC-04,PROD-009,Iluminación,527.09,0,40.0,21
2025-07-14,SUC-04,PROD-009,Iluminación,537.87,0,19.0,19
2025-07-21,SUC-04,PROD-009,Iluminación,525.71,0,52.0,18
2025-07-28,SUC-04,PROD-009,Iluminación,535.83,0,34.0,18
2025-08-04,SUC-04,PROD-009,Iluminación,550.2,0,16.0,16
2025-08-11,SUC-04,PROD-009,Iluminación,546.99,0,45.0,15
2025-08-18,SUC-04,PROD-009,Iluminación,537.06,0,30.0,15
2025-08-25,SUC-04,PROD-009,Iluminación,550.9,0,15.0,15
2025-09-01,SUC-04,PROD-009,Iluminación,467.43,1,94.0,22
2025-09-08,SUC-04,PROD-009,Iluminación,520.17,0,72.0,20
2025-09-15,SUC-04,PROD-009,Iluminación,532.88,0,52.0,16
2025-09-22,SUC-04,PROD-009,Iluminación,522.34,0,55.0,17
2025-09-29,SUC-04,PROD-009,Iluminación,546.72,0,38.0,15
2025-10-06,SUC-04,PROD-009,Iluminación,549.21,0,23.0,15
2025-10-13,SUC-04,PROD-009,Iluminación,470.67,1,81.0,23
2025-10-20,SUC-04,PROD-009,Iluminación,545.05,0,58.0,20
2025-10-27,SUC-04,PROD-009,Iluminación,533.59,0,38.0,18
2025-11-03,SUC-04,PROD-009,Iluminación,536.36,0,20.0,17
2025-11-10,SUC-04,PROD-009,Iluminación,550.46,0,3.0,3
2025-11-17,SUC-04,PROD-009,Iluminación,535.97,0,0.0,0
2025-11-24,SUC-04,PROD-009,Iluminación,526.42,0,62.0,17
2025-12-01,SUC-04,PROD-009,Iluminación,549.77,0,45.0,20
2025-12-08,SUC-04,PROD-009,Iluminación,463.48,1,25.0,25
2025-12-15,SUC-04,PROD-009,Iluminación,447.92,1,0.0,0
2025-12-22,SUC-04,PROD-009,Iluminación,451.64,1,0.0,0
2024-01-01,SUC-05,PROD-009,Iluminación,540.57,0,72.0,18
2024-01-08,SUC-05,PROD-009,Iluminación,537.81,0,54.0,25
2024-01-15,SUC-05,PROD-009,Iluminación,458.38,1,29.0,26
2024-01-22,SUC-05,PROD-009,Iluminación,459.67,1,107.0,28
2024-01-29,SUC-05,PROD-009,Iluminación,531.99,0,79.0,28
2024-02-05,SUC-05,PROD-009,Iluminación,546.82,0,51.0,30
2024-02-12,SUC-05,PROD-009,Iluminación,525.22,0,72.0,30
2024-02-19,SUC-05,PROD-009,Iluminación,548.12,0,42.0,18
2024-02-26,SUC-05,PROD-009,Iluminación,537.03,0,24.0,24
2024-03-04,SUC-05,PROD-009,Iluminación,461.3,1,174.0,27
2024-03-11,SUC-05,PROD-009,Iluminación,544.73,0,147.0,31
2024-03-18,SUC-05,PROD-009,Iluminación,541.08,0,116.0,33
2024-03-25,SUC-05,PROD-009,Iluminación,551.74,0,87.0,35
2024-04-01,SUC-05,PROD-009,Iluminación,522.75,0,52.0,26
2024-04-08,SUC-05,PROD-009,Iluminación,467.4,1,26.0,21
2024-04-15,SUC-05,PROD-009,Iluminación,532.56,0,86.0,26
2024-04-22,SUC-05,PROD-009,Iluminación,521.22,0,60.0,31
2024-04-29,SUC-05,PROD-009,Iluminación,543.56,0,29.0,29
2024-05-06,SUC-05,PROD-009,Iluminación,545.08,0,0.0,0
2024-05-13,SUC-05,PROD-009,Iluminación,535.96,0,0.0,0
2024-05-20,SUC-05,PROD-009,Iluminación,551.56,0,0.0,0
2024-05-27,SUC-05,PROD-009,Iluminación,469.73,1,0.0,0
2024-06-03,SUC-05,PROD-009,Iluminación,544.83,0,0.0,0
2024-06-10,SUC-05,PROD-009,Iluminación,457.73,1,0.0,0
2024-06-17,SUC-05,PROD-009,Iluminación,539.27,0,103.0,28
2024-06-24,SUC-05,PROD-009,Iluminación,466.12,1,75.0,30
2024-07-01,SUC-05,PROD-009,Iluminación,539.13,0,45.0,28
2024-07-08,SUC-05,PROD-009,Iluminación,525.57,0,92.0,23
2024-07-15,SUC-05,PROD-009,Iluminación,525.36,0,69.0,29
2024-07-22,SUC-05,PROD-009,Iluminación,543.47,0,40.0,23
2024-07-29,SUC-05,PROD-009,Iluminación,542.19,0,17.0,17
2024-08-05,SUC-05,PROD-009,Iluminación,540.24,0,0.0,0
2024-08-12,SUC-05,PROD-009,Iluminación,536.98,0,0.0,0
2024-08-19,SUC-05,PROD-009,Iluminación,537.31,0,73.0,20
2024-08-26,SUC-05,PROD-009,Iluminación,550.46,0,53.0,15
2024-09-02,SUC-05,PROD-009,Iluminación,540.97,0,38.0,14
2024-09-09,SUC-05,PROD-009,Iluminación,538.79,0,52.0,23
2024-09-16,SUC-05,PROD-009,Iluminación,530.86,0,29.0,20
2024-09-23,SUC-05,PROD-009,Iluminación,448.27,1,9.0,9
2024-09-30,SUC-05,PROD-009,Iluminación,449.42,1,87.0,17
2024-10-07,SUC-05,PROD-009,Iluminación,537.09,0,70.0,14
2024-10-14,SUC-05,PROD-009,Iluminación,524.16,0,56.0,17
2024-10-21,SUC-05,PROD-009,Iluminación,450.65,1,100.0,25
2024-10-28,SUC-05,PROD-009,Iluminación,456.36,1,75.0,31
2024-11-04,SUC-05,PROD-009,Iluminación,542.03,0,44.0,20
2024-11-11,SUC-05,PROD-009,Iluminación,532.87,0,55.0,21
2024-11-18,SUC-05,PROD-009,Iluminación,543.73,0,34.0,19
2024-11-25,SUC-05,PROD-009,Iluminación,546.07,0,15.0,15
2024-12-02,SUC-05,PROD-009,Iluminación,457.29,1,103.0,12
2024-12-09,SUC-05,PROD-009,Iluminación,532.73,0,91.0,25
2024-12-16,SUC-05,PROD-009,Iluminación,531.08,0,66.0,24
2024-12-23,SUC-05,PROD-009,Iluminación,548.42,0,70.0,28
2024-12-30,SUC-05,PROD-009,Iluminación,545.72,0,42.0,19
2025-01-06,SUC-05,PROD-009,Iluminación,535.37,0,23.0,23
2025-01-13,SUC-05,PROD-009,Iluminación,525.98,0,0.0,0
2025-01-20,SUC-05,PROD-009,Iluminación,540.74,0,0.0,0
2025-01-27,SUC-05,PROD-009,Iluminación,449.69,1,0.0,0
2025-02-03,SUC-05,PROD-009,Iluminación,533.47,0,0.0,0
2025-02-10,SUC-05,PROD-009,Iluminación,450.79,1,0.0,0
2025-02-17,SUC-05,PROD-009,Iluminación,525.17,0,0.0,0
2025-02-24,SUC-05,PROD-009,Iluminación,537.04,0,95.0,30
2025-03-03,SUC-05,PROD-009,Iluminación,460.65,1,65.0,43
2025-03-10,SUC-05,PROD-009,Iluminación,548.05,0,22.0,22
2025-03-17,SUC-05,PROD-009,Iluminación,470.63,1,144.0,40
2025-03-24,SUC-05,PROD-009,Iluminación,546.56,0,104.0,20
2025-03-31,SUC-05,PROD-009,Iluminación,539.4,0,84.0,35
2025-04-07,SUC-05,PROD-009,Iluminación,543.14,0,98.0,27
2025-04-14,SUC-05,PROD-009,Iluminación,524.49,0,71.0,36
2025-04-21,SUC-05,PROD-009,Iluminación,523.23,0,35.0,16
2025-04-28,SUC-05,PROD-009,Iluminación,546.44,0,19.0,19
2025-05-05,SUC-05,PROD-009,Iluminación,544.63,0,0.0,0
2025-05-12,SUC-05,PROD-009,Iluminación,524.75,0,0.0,0
2025-05-19,SUC-05,PROD-009,Iluminación,535.67,0,100.0,36
2025-05-26,SUC-05,PROD-009,Iluminación,525.14,0,64.0,28
2025-06-02,SUC-05,PROD-009,Iluminación,526.05,0,36.0,36
2025-06-09,SUC-05,PROD-009,Iluminación,525.66,0,94.0,25
2025-06-16,SUC-05,PROD-009,Iluminación,544.76,0,69.0,29
2025-06-23,SUC-05,PROD-009,Iluminación,534.68,0,40.0,26
2025-06-30,SUC-05,PROD-009,Iluminación,529.12,0,14.0,14
2025-07-07,SUC-05,PROD-009,Iluminación,550.66,0,0.0,0
2025-07-14,SUC-05,PROD-009,Iluminación,546.72,0,0.0,0
2025-07-21,SUC-05,PROD-009,Iluminación,539.81,0,0.0,0
2025-07-28,SUC-05,PROD-009,Iluminación,533.68,0,0.0,0
2025-08-04,SUC-05,PROD-009,Iluminación,535.46,0,0.0,0
2025-08-11,SUC-05,PROD-009,Iluminación,540.2,0,79.0,21
2025-08-18,SUC-05,PROD-009,Iluminación,465.35,1,58.0,19
2025-08-25,SUC-05,PROD-009,Iluminación,535.14,0,39.0,21
2025-09-01,SUC-05,PROD-009,Iluminación,528.02,0,57.0,21
2025-09-08,SUC-05,PROD-009,Iluminación,551.49,0,36.0,17
2025-09-15,SUC-05,PROD-009,Iluminación,533.27,0,19.0,19
2025-09-22,SUC-05,PROD-009,Iluminación,447.18,1,89.0,27
2025-09-29,SUC-05,PROD-009,Iluminación,536.9,0,62.0,21
2025-10-06,SUC-05,PROD-009,Iluminación,526.79,0,41.0,17
2025-10-13,SUC-05,PROD-009,Iluminación,537.42,0,57.0,12
2025-10-20,SUC-05,PROD-009,Iluminación,470.24,1,45.0,18
2025-10-27,SUC-05,PROD-009,Iluminación,537.75,0,27.0,24
2025-11-03,SUC-05,PROD-009,Iluminación,453.16,1,96.0,27
2025-11-10,SUC-05,PROD-009,Iluminación,545.57,0,69.0,21
2025-11-17,SUC-05,PROD-009,Iluminación,536.27,0,48.0,24
2025-11-24,SUC-05,PROD-009,Iluminación,526.0,0,58.0,11
2025-12-01,SUC-05,PROD-009,Iluminación,524.72,0,47.0,24
2025-12-08,SUC-05,PROD-009,Iluminación,467.06,1,23.0,23
2025-12-15,SUC-05,PROD-009,Iluminación,541.37,0,79.0,25
2025-12-22,SUC-05,PROD-009,Iluminación,538.93,0,54.0,33
2024-01-01,SUC-01,PROD-010,Accesorios,399.95,0,164.0,56
2024-01-08,SUC-01,PROD-010,Accesorios,399.19,0,108.0,55
2024-01-15,SUC-01,PROD-010,Accesorios,401.72,0,53.0,51
2024-01-22,SUC-01,PROD-010,Accesorios,404.63,0,167.0,62
2024-01-29,SUC-01,PROD-010,Accesorios,385.36,0,105.0,33
2024-02-05,SUC-01,PROD-010,Accesorios,393.9,0,72.0,63
2024-02-12,SUC-01,PROD-010,Accesorios,400.78,0,168.0,67
2024-02-19,SUC-01,PROD-010,Accesorios,399.22,0,101.0,42
2024-02-26,SUC-01,PROD-010,Accesorios,401.65,0,59.0,47
2024-03-04,SUC-01,PROD-010,Accesorios,396.78,0,240.0,57
2024-03-11,SUC-01,PROD-010,Accesorios,383.11,0,183.0,49
2024-03-18,SUC-01,PROD-010,Accesorios,403.94,0,134.0,70
2024-03-25,SUC-01,PROD-010,Accesorios,332.4,1,297.0,73
2024-04-01,SUC-01,PROD-010,Accesorios,338.33,1,224.0,75
2024-04-08,SUC-01,PROD-010,Accesorios,397.23,0,149.0,86
2024-04-15,SUC-01,PROD-010,Accesorios,329.66,1,358.0,49
2024-04-22,SUC-01,PROD-010,Accesorios,388.49,0,309.0,62
2024-04-29,SUC-01,PROD-010,Accesorios,382.56,0,247.0,58
2024-05-06,SUC-01,PROD-010,Accesorios,398.24,0,155.0,61
2024-05-13,SUC-01,PROD-010,Accesorios,401.15,0,94.0,62
2024-05-20,SUC-01,PROD-010,Accesorios,339.9,1,32.0,32
2024-05-27,SUC-01,PROD-010,Accesorios,394.61,0,167.0,66
2024-06-03,SUC-01,PROD-010,Accesorios,400.82,0,101.0,47
2024-06-10,SUC-01,PROD-010,Accesorios,386.51,0,54.0,43
2024-06-17,SUC-01,PROD-010,Accesorios,396.22,0,181.0,50
2024-06-24,SUC-01,PROD-010,Accesorios,382.52,0,131.0,36
2024-07-01,SUC-01,PROD-010,Accesorios,387.53,0,95.0,37
2024-07-08,SUC-01,PROD-010,Accesorios,385.34,0,152.0,36
2024-07-15,SUC-01,PROD-010,Accesorios,330.3,1,116.0,46
2024-07-22,SUC-01,PROD-010,Accesorios,391.56,0,70.0,35
2024-07-29,SUC-01,PROD-010,Accesorios,331.84,1,146.0,45
2024-08-05,SUC-01,PROD-010,Accesorios,331.02,1,101.0,44
2024-08-12,SUC-01,PROD-010,Accesorios,391.11,0,57.0,55
2024-08-19,SUC-01,PROD-010,Accesorios,392.04,0,92.0,999999
2024-08-26,SUC-01,PROD-010,Accesorios,396.7,0,57.0,32
2024-09-02,SUC-01,PROD-010,Accesorios,402.95,0,25.0,25
2024-09-09,SUC-01,PROD-010,Accesorios,387.21,0,0.0,0
2024-09-16,SUC-01,PROD-010,Accesorios,400.86,0,0.0,0
2024-09-23,SUC-01,PROD-010,Accesorios,347.3,1,0.0,0
2024-09-30,SUC-01,PROD-010,Accesorios,390.81,0,149.0,48
2024-10-07,SUC-01,PROD-010,Accesorios,402.66,0,101.0,47
2024-10-14,SUC-01,PROD-010,Accesorios,396.1,0,54.0,42
2024-10-21,SUC-01,PROD-010,Accesorios,391.41,0,12.0,12
2024-10-28,SUC-01,PROD-010,Accesorios,383.98,0,0.0,0
2024-11-04,SUC-01,PROD-010,Accesorios,404.15,0,0.0,0
2024-11-11,SUC-01,PROD-010,Accesorios,387.95,0,186.0,38
2024-11-18,SUC-01,PROD-010,Accesorios,400.4,0,148.0,55
2024-11-25,SUC-01,PROD-010,Accesorios,386.4,0,93.0,66
2024-12-02,SUC-01,PROD-010,Accesorios,402.87,0,140.0,46
2024-12-09,SUC-01,PROD-010,Accesorios,399.54,0,94.0,40
2024-12-16,SUC-01,PROD-010,Accesorios,396.43,0,54.0,43
2024-12-23,SUC-01,PROD-010,Accesorios,385.02,0,180.0,54
2024-12-30,SUC-01,PROD-010,Accesorios,332.67,1,126.0,57
2025-01-06,SUC-01,PROD-010,Accesorios,401.52,0,69.0,69
2025-01-13,SUC-01,PROD-010,Accesorios,388.88,0,0.0,0
2025-01-20,SUC-01,PROD-010,Accesorios,383.95,0,0.0,0
2025-01-27,SUC-01,PROD-010,Accesorios,345.23,1,0.0,0
2025-02-03,SUC-01,PROD-010,Accesorios,400.74,0,0.0,0
2025-02-10,SUC-01,PROD-010,Accesorios,398.02,0,0.0,0
2025-02-17,SUC-01,PROD-010,Accesorios,401.65,0,0.0,0
2025-02-24,SUC-01,PROD-010,Accesorios,402.51,0,171.0,50
2025-03-03,SUC-01,PROD-010,Accesorios,396.54,0,121.0,71
2025-03-10,SUC-01,PROD-010,Accesorios,392.09,0,50.0,50
2025-03-17,SUC-01,PROD-010,Accesorios,348.45,1,319.0,77
2025-03-24,SUC-01,PROD-010,Accesorios,404.24,0,242.0,86
2025-03-31,SUC-01,PROD-010,Accesorios,401.13,0,156.0,70
2025-04-07,SUC-01,PROD-010,Accesorios,401.94,0,187.0,72
2025-04-14,SUC-01,PROD-010,Accesorios,382.14,0,115.0,47
2025-04-21,SUC-01,PROD-010,Accesorios,385.53,0,68.0,50
2025-04-28,SUC-01,PROD-010,Accesorios,388.86,0,246.0,54
2025-05-05,SUC-01,PROD-010,Accesorios,404.48,0,192.0,47
2025-05-12,SUC-01,PROD-010,Accesorios,329.29,1,145.0,51
2025-05-19,SUC-01,PROD-010,Accesorios,332.2,1,298.0,108
2025-05-26,SUC-01,PROD-010,Accesorios,403.72,0,190.0,76
2025-06-02,SUC-01,PROD-010,Accesorios,387.45,0,114.0,52
2025-06-09,SUC-01,PROD-010,Accesorios,382.31,0,175.0,77
2025-06-16,SUC-01,PROD-010,Accesorios,330.49,1,98.0,79
2025-06-23,SUC-01,PROD-010,Accesorios,385.87,0,19.0,19
2025-06-30,SUC-01,PROD-010,Accesorios,391.86,0,127.0,46
2025-07-07,SUC-01,PROD-010,Accesorios,386.5,0,81.0,46
2025-07-14,SUC-01,PROD-010,Accesorios,400.53,0,35.0,35
2025-07-21,SUC-01,PROD-010,Accesorios,389.12,0,0.0,0
2025-07-28,SUC-01,PROD-010,Accesorios,388.66,0,0.0,0
2025-08-04,SUC-01,PROD-010,Accesorios,347.4,1,0.0,0
2025-08-11,SUC-01,PROD-010,Accesorios,396.72,0,104.0,37
2025-08-18,SUC-01,PROD-010,Accesorios,384.85,0,67.0,46
2025-08-25,SUC-01,PROD-010,Accesorios,333.13,1,21.0,21
2025-09-01,SUC-01,PROD-010,Accesorios,335.34,1,221.0,36
2025-09-08,SUC-01,PROD-010,Accesorios,401.28,0,185.0,42
2025-09-15,SUC-01,PROD-010,Accesorios,388.37,0,143.0,47
2025-09-22,SUC-01,PROD-010,Accesorios,405.08,0,158.0,40
2025-09-29,SUC-01,PROD-010,Accesorios,388.22,0,118.0,46
2025-10-06,SUC-01,PROD-010,Accesorios,386.21,0,72.0,38
2025-10-13,SUC-01,PROD-010,Accesorios,401.67,0,173.0,39
2025-10-20,SUC-01,PROD-010,Accesorios,397.11,0,134.0,52
2025-10-27,SUC-01,PROD-010,Accesorios,,0,82.0,48
2025-11-03,SUC-01,PROD-010,Accesorios,343.27,1,234.0,42
2025-11-10,SUC-01,PROD-010,Accesorios,402.8,0,192.0,49
2025-11-17,SUC-01,PROD-010,Accesorios,384.23,0,143.0,47
2025-11-24,SUC-01,PROD-010,Accesorios,390.05,0,195.0,61
2025-12-01,SUC-01,PROD-010,Accesorios,404.18,0,134.0,53
2025-12-08,SUC-01,PROD-010,Accesorios,387.5,0,81.0,72
2025-12-15,SUC-01,PROD-010,Accesorios,396.84,0,154.0,43
2025-12-22,SUC-01,PROD-010,Accesorios,405.72,0,111.0,31
2024-01-01,SUC-02,PROD-010,Accesorios,393.01,0,236.0,73
2024-01-08,SUC-02,PROD-010,Accesorios,391.85,0,163.0,85
2024-01-15,SUC-02,PROD-010,Accesorios,392.47,0,78.0,47
2024-01-22,SUC-02,PROD-010,Accesorios,345.64,1,423.0,91
2024-01-29,SUC-02,PROD-010,Accesorios,385.69,0,332.0,87
2024-02-05,SUC-02,PROD-010,Accesorios,402.72,0,245.0,69
2024-02-12,SUC-02,PROD-010,Accesorios,398.14,0,220.0,86
2024-02-19,SUC-02,PROD-010,Accesorios,398.41,0,134.0,84
2024-02-26,SUC-02,PROD-010,Accesorios,340.76,1,50.0,50
2024-03-04,SUC-02,PROD-010,Accesorios,338.26,1,359.0,112
2024-03-11,SUC-02,PROD-010,Accesorios,392.25,0,247.0,71
2024-03-18,SUC-02,PROD-010,Accesorios,393.25,0,176.0,65
2024-03-25,SUC-02,PROD-010,Accesorios,339.42,1,325.0,92
2024-04-01,SUC-02,PROD-010,Accesorios,395.17,0,233.0,89
2024-04-08,SUC-02,PROD-010,Accesorios,343.26,1,144.0,81
2024-04-15,SUC-02,PROD-010,Accesorios,392.45,0,227.0,87
2024-04-22,SUC-02,PROD-010,Accesorios,400.34,0,140.0,65
2024-04-29,SUC-02,PROD-010,Accesorios,392.34,0,75.0,60
2024-05-06,SUC-02,PROD-010,Accesorios,387.57,0,172.0,51
2024-05-13,SUC-02,PROD-010,Accesorios,340.94,1,121.0,66
2024-05-20,SUC-02,PROD-010,Accesorios,400.68,0,55.0,51
2024-05-27,SUC-02,PROD-010,Accesorios,396.39,0,241.0,53
2024-06-03,SUC-02,PROD-010,Accesorios,392.3,0,188.0,68
2024-06-10,SUC-02,PROD-010,Accesorios,329.57,1,120.0,81
2024-06-17,SUC-02,PROD-010,Accesorios,397.47,0,162.0,57
2024-06-24,SUC-02,PROD-010,Accesorios,384.99,0,105.0,50
2024-07-01,SUC-02,PROD-010,Accesorios,382.18,0,55.0,55
2024-07-08,SUC-02,PROD-010,Accesorios,384.42,0,180.0,54
2024-07-15,SUC-02,PROD-010,Accesorios,394.37,0,126.0,73
2024-07-22,SUC-02,PROD-010,Accesorios,401.19,0,53.0,53
2024-07-29,SUC-02,PROD-010,Accesorios,384.24,0,172.0,45
2024-08-05,SUC-02,PROD-010,Accesorios,397.23,0,127.0,59
2024-08-12,SUC-02,PROD-010,Accesorios,403.37,0,68.0,45
2024-08-19,SUC-02,PROD-010,Accesorios,396.79,0,165.0,52
2024-08-26,SUC-02,PROD-010,Accesorios,398.51,0,113.0,44
2024-09-02,SUC-02,PROD-010,Accesorios,405.47,0,69.0,47
2024-09-09,SUC-02,PROD-010,Accesorios,396.67,0,118.0,32
2024-09-16,SUC-02,PROD-010,Accesorios,391.19,0,86.0,44
2024-09-23,SUC-02,PROD-010,Accesorios,399.59,0,42.0,42
2024-09-30,SUC-02,PROD-010,Accesorios,391.69,0,171.0,53
2024-10-07,SUC-02,PROD-010,Accesorios,388.35,0,118.0,48
2024-10-14,SUC-02,PROD-010,Accesorios,397.31,0,70.0,56
2024-10-21,SUC-02,PROD-010,Accesorios,399.19,0,198.0,40
2024-10-28,SUC-02,PROD-010,Accesorios,399.93,0,158.0,53
2024-11-04,SUC-02,PROD-010,Accesorios,398.5,0,105.0,50
2024-11-11,SUC-02,PROD-010,Accesorios,388.1,0,177.0,50
2024-11-18,SUC-02,PROD-010,Accesorios,388.83,0,127.0,65
2024-11-25,SUC-02,PROD-010,Accesorios,400.04,0,62.0,62
2024-12-02,SUC-02,PROD-010,Accesorios,382.87,0,210.0,70
2024-12-09,SUC-02,PROD-010,Accesorios,399.96,0,140.0,53
2024-12-16,SUC-02,PROD-010,Accesorios,341.12,1,87.0,69
2024-12-23,SUC-02,PROD-010,Accesorios,404.71,0,191.0,61
2024-12-30,SUC-02,PROD-010,Accesorios,400.52,0,130.0,96
2025-01-06,SUC-02,PROD-010,Accesorios,382.21,0,34.0,34
2025-01-13,SUC-02,PROD-010,Accesorios,404.51,0,293.0,91
2025-01-20,SUC-02,PROD-010,Accesorios,390.62,0,202.0,60
2025-01-27,SUC-02,PROD-010,Accesorios,382.77,0,142.0,73
2025-02-03,SUC-02,PROD-010,Accesorios,382.52,0,311.0,68
2025-02-10,SUC-02,PROD-010,Accesorios,391.87,0,243.0,80
2025-02-17,SUC-02,PROD-010,Accesorios,386.97,0,163.0,73
2025-02-24,SUC-02,PROD-010,Accesorios,397.23,0,306.0,64
2025-03-03,SUC-02,PROD-010,Accesorios,393.23,0,242.0,171
2025-03-10,SUC-02,PROD-010,Accesorios,395.75,0,71.0,71
2025-03-17,SUC-02,PROD-010,Accesorios,333.76,1,384.0,94
2025-03-24,SUC-02,PROD-010,Accesorios,394.48,0,290.0,107
2025-03-31,SUC-02,PROD-010,Accesorios,394.94,0,183.0,60
2025-04-07,SUC-02,PROD-010,Accesorios,391.24,0,251.0,67
2025-04-14,SUC-02,PROD-010,Accesorios,394.0,0,184.0,59
2025-04-21,SUC-02,PROD-010,Accesorios,387.52,0,125.0,70
2025-04-28,SUC-02,PROD-010,Accesorios,398.08,0,186.0,80
2025-05-05,SUC-02,PROD-010,Accesorios,394.4,0,106.0,87
2025-05-12,SUC-02,PROD-010,Accesorios,401.22,0,19.0,19
2025-05-19,SUC-02,PROD-010,Accesorios,394.56,0,201.0,73
2025-05-26,SUC-02,PROD-010,Accesorios,385.59,0,128.0,73
2025-06-02,SUC-02,PROD-010,Accesorios,390.48,0,55.0,55
2025-06-09,SUC-02,PROD-010,Accesorios,398.08,0,200.0,60
2025-06-16,SUC-02,PROD-010,Accesorios,392.99,0,140.0,74
2025-06-23,SUC-02,PROD-010,Accesorios,398.84,0,66.0,64
2025-06-30,SUC-02,PROD-010,Accesorios,343.7,1,237.0,64
2025-07-07,SUC-02,PROD-010,Accesorios,386.58,0,173.0,60
2025-07-14,SUC-02,PROD-010,Accesorios,395.39,0,113.0,52
2025-07-21,SUC-02,PROD-010,Accesorios,396.72,0,179.0,50
2025-07-28,SUC-02,PROD-010,Accesorios,397.51,0,129.0,42
2025-08-04,SUC-02,PROD-010,Accesorios,391.13,0,87.0,59
2025-08-11,SUC-02,PROD-010,Accesorios,404.78,0,134.0,52
2025-08-18,SUC-02,PROD-010,Accesorios,384.7,0,82.0,34
2025-08-25,SUC-02,PROD-010,Accesorios,404.93,0,48.0,37
2025-09-01,SUC-02,PROD-010,Accesorios,328.75,1,286.0,51
2025-09-08,SUC-02,PROD-010,Accesorios,403.97,0,235.0,54
2025-09-15,SUC-02,PROD-010,Accesorios,390.91,0,181.0,59
2025-09-22,SUC-02,PROD-010,Accesorios,389.81,0,154.0,44
2025-09-29,SUC-02,PROD-010,Accesorios,394.6,0,110.0,45
2025-10-06,SUC-02,PROD-010,Accesorios,401.43,0,65.0,46
2025-10-13,SUC-02,PROD-010,Accesorios,401.42,0,158.0,46
2025-10-20,SUC-02,PROD-010,Accesorios,333.76,1,112.0,60
2025-10-27,SUC-02,PROD-010,Accesorios,398.14,0,52.0,52
2025-11-03,SUC-02,PROD-010,Accesorios,386.54,0,0.0,0
2025-11-10,SUC-02,PROD-010,Accesorios,397.18,0,0.0,0
2025-11-17,SUC-02,PROD-010,Accesorios,396.34,0,0.0,0
2025-11-24,SUC-02,PROD-010,Accesorios,338.16,1,365.0,92
2025-12-01,SUC-02,PROD-010,Accesorios,391.62,0,273.0,55
2025-12-08,SUC-02,PROD-010,Accesorios,403.85,0,218.0,91
2025-12-15,SUC-02,PROD-010,Accesorios,403.02,0,261.0,67
2025-12-22,SUC-02,PROD-010,Accesorios,397.72,0,194.0,64
2024-01-01,SUC-03,PROD-010,Accesorios,393.28,0,298.0,86
2024-01-08,SUC-03,PROD-010,Accesorios,404.87,0,212.0,93
2024-01-15,SUC-03,PROD-010,Accesorios,383.94,0,119.0,63
2024-01-22,SUC-03,PROD-010,Accesorios,399.47,0,349.0,85
2024-01-29,SUC-03,PROD-010,Accesorios,328.75,1,264.0,110
2024-02-05,SUC-03,PROD-010,Accesorios,398.04,0,154.0,114
2024-02-12,SUC-03,PROD-010,Accesorios,399.77,0,277.0,89
2024-02-19,SUC-03,PROD-010,Accesorios,392.51,0,188.0,70
2024-02-26,SUC-03,PROD-010,Accesorios,384.74,0,118.0,107
2024-03-04,SUC-03,PROD-010,Accesorios,404.45,0,11.0,11
2024-03-11,SUC-03,PROD-010,Accesorios,392.92,0,0.0,0
2024-03-18,SUC-03,PROD-010,Accesorios,400.24,0,0.0,0
2024-03-25,SUC-03,PROD-010,Accesorios,401.37,0,0.0,0
2024-04-01,SUC-03,PROD-010,Accesorios,348.79,1,0.0,0
2024-04-08,SUC-03,PROD-010,Accesorios,390.66,0,0.0,0
2024-04-15,SUC-03,PROD-010,Accesorios,386.83,0,298.0,80
2024-04-22,SUC-03,PROD-010,Accesorios,338.89,1,218.0,105
2024-04-29,SUC-03,PROD-010,Accesorios,389.46,0,113.0,76
2024-05-06,SUC-03,PROD-010,Accesorios,385.39,0,260.0,112
2024-05-13,SUC-03,PROD-010,Accesorios,395.89,0,148.0,90
2024-05-20,SUC-03,PROD-010,Accesorios,394.75,0,58.0,58
2024-05-27,SUC-03,PROD-010, ACCESORIOS ,399.42,0,189.0,88
2024-06-03,SUC-03,PROD-010,Accesorios,347.58,1,101.0,101
2024-06-10,SUC-03,PROD-010,Accesorios,394.36,0,0.0,0
2024-06-17,SUC-03,PROD-010,Accesorios,391.44,0,239.0,78
2024-06-24,SUC-03,PROD-010,Accesorios,393.84,0,161.0,83
2024-07-01,SUC-03,PROD-010,Accesorios,342.57,1,78.0,78
2024-07-08,SUC-03,PROD-010,Accesorios,332.75,1,279.0,73
2024-07-15,SUC-03,PROD-010,Accesorios,396.22,0,206.0,56
2024-07-22,SUC-03,PROD-010,Accesorios,402.06,0,150.0,65
2024-07-29,SUC-03,PROD-010,Accesorios,399.3,0,183.0,64
2024-08-05,SUC-03,PROD-010,Accesorios,336.86,1,119.0,76
2024-08-12,SUC-03,PROD-010,Accesorios,394.05,0,43.0,43
2024-08-19,SUC-03,PROD-010,Accesorios,382.79,0,218.0,54
2024-08-26,SUC-03,PROD-010,Accesorios,-10.0,0,164.0,58
2024-09-02,SUC-03,PROD-010,Accesorios,347.23,1,106.0,67
2024-09-09,SUC-03,PROD-010,Accesorios,403.54,0,167.0,60
2024-09-16,SUC-03,PROD-010,Accesorios,394.53,0,107.0,59
2024-09-23,SUC-03,PROD-010,Accesorios,344.7,1,48.0,48
2024-09-30,SUC-03,PROD-010,Accesorios,392.67,0,0.0,0
2024-10-07,SUC-03,PROD-010,Accesorios,384.92,0,0.0,0
2024-10-14,SUC-03,PROD-010,Accesorios,390.73,0,0.0,999999
2024-10-21,SUC-03,PROD-010,Accesorios,382.44,0,212.0,50
2024-10-28,SUC-03,PROD-010,Accesorios,340.86,1,162.0,67
2024-11-04,SUC-03,PROD-010,Accesorios,393.3,0,95.0,83
2024-11-11,SUC-03,PROD-010,Accesorios,389.03,0,209.0,64
2024-11-18,SUC-03,PROD-010,Accesorios,401.26,0,145.0,71
2024-11-25,SUC-03,PROD-010,Accesorios,384.53,0,74.0,74
2024-12-02,SUC-03,PROD-010,Accesorios,337.63,1,444.0,118
2024-12-09,SUC-03,PROD-010,Accesorios,403.54,0,326.0,95
2024-12-16,SUC-03,PROD-010,Accesorios,390.95,0,231.0,83
2024-12-23,SUC-03,PROD-010,Accesorios,402.46,0,272.0,88
2024-12-30,SUC-03,PROD-010,Accesorios,345.73,1,184.0,102
2025-01-06,SUC-03,PROD-010,Accesorios,400.39,0,82.0,70
2025-01-13,SUC-03,PROD-010,Accesorios,388.26,0,375.0,102
2025-01-20,SUC-03,PROD-010,Accesorios,391.54,0,273.0,102
2025-01-27,SUC-03,PROD-010,Accesorios,404.74,0,171.0,123
2025-02-03,SUC-03,PROD-010,Accesorios,390.9,0,48.0,48
2025-02-10,SUC-03,PROD-010,Accesorios,404.0,0,0.0,0
2025-02-17,SUC-03,PROD-010,Accesorios,399.47,0,0.0,0
2025-02-24,SUC-03,PROD-010,Accesorios,385.21,0,346.0,102
2025-03-03,SUC-03,PROD-010,Accesorios,385.75,0,244.0,94
2025-03-10,SUC-03,PROD-010,Accesorios,385.64,0,150.0,101
2025-03-17,SUC-03,PROD-010,Accesorios,330.26,1,523.0,136
2025-03-24,SUC-03,PROD-010,Accesorios,385.43,0,387.0,115
2025-03-31,SUC-03,PROD-010,Accesorios,335.99,1,272.0,128
2025-04-07,SUC-03,PROD-010,Accesorios,384.43,0,282.0,144
2025-04-14,SUC-03,PROD-010,Accesorios,388.44,0,138.0,91
2025-04-21,SUC-03,PROD-010,Accesorios,398.48,0,47.0,47
2025-04-28,SUC-03,PROD-010,Accesorios,399.14,0,,127
2025-05-05,SUC-03,PROD-010,Accesorios,392.75,0,189.0,83
2025-05-12,SUC-03,PROD-010,Accesorios,336.4,1,106.0,98
2025-05-19,SUC-03,PROD-010,Accesorios,387.41,0,302.0,84
2025-05-26,SUC-03,PROD-010,Accesorios,382.51,0,218.0,97
2025-06-02,SUC-03,PROD-010,Accesorios,388.49,0,121.0,77
2025-06-09,SUC-03,PROD-010,Accesorios,389.21,0,178.0,74
2025-06-16,SUC-03,PROD-010,Accesorios,390.12,0,104.0,61
2025-06-23,SUC-03,PROD-010,Accesorios,397.41,0,43.0,43
2025-06-30,SUC-03,PROD-010,Accesorios,404.02,0,192.0,71
2025-07-07,SUC-03,PROD-010,Accesorios,398.61,0,121.0,70
2025-07-14,SUC-03,PROD-010,Accesorios,395.73,0,51.0,51
2025-07-21,SUC-03,PROD-010,Accesorios,388.98,0,0.0,0
2025-07-28,SUC-03,PROD-010,Accesorios,387.28,0,0.0,0
2025-08-04,SUC-03,PROD-010,Accesorios,398.01,0,0.0,0
2025-08-11,SUC-03,PROD-010,Accesorios,395.91,0,217.0,52
2025-08-18,SUC-03,PROD-010,Accesorios,396.57,0,165.0,53
2025-08-25,SUC-03,PROD-010,Accesorios,401.71,0,112.0,61
2025-09-01,SUC-03,PROD-010,Accesorios,389.36,0,214.0,25
2025-09-08,SUC-03,PROD-010,Accesorios,333.4,1,189.0,68
2025-09-15,SUC-03,PROD-010,Accesorios,386.25,0,121.0,73
2025-09-22,SUC-03,PROD-010,Accesorios,391.31,0,219.0,64
2025-09-29,SUC-03,PROD-010,Accesorios,397.18,0,155.0,68
2025-10-06,SUC-03,PROD-010,Accesorios,399.26,0,87.0,62
2025-10-13,SUC-03,PROD-010,Accesorios,402.59,0,259.0,35
2025-10-20,SUC-03,PROD-010,Accesorios,341.2,1,224.0,61
2025-10-27,SUC-03,PROD-010,Accesorios,402.69,0,163.0,94
2025-11-03,SUC-03,PROD-010,Accesorios,398.21,0,183.0,75
2025-11-10,SUC-03,PROD-010,Accesorios,394.87,0,108.0,88
2025-11-17,SUC-03,PROD-010,Accesorios,345.9,1,20.0,20
2025-11-24,SUC-03,PROD-010,Accesorios,386.61,0,231.0,98
2025-12-01,SUC-03,PROD-010,Accesorios,391.94,0,133.0,84
2025-12-08,SUC-03,PROD-010,Accesorios,332.15,1,49.0,49
2025-12-15,SUC-03,PROD-010,Accesorios,383.82,0,272.0,74
2025-12-22,SUC-03,PROD-010,Accesorios,344.05,1,198.0,102
2024-01-01,SUC-04,PROD-010,Accesorios,405.03,0,250.0,114
2024-01-08,SUC-04,PROD-010,Accesorios,344.34,1,136.0,94
2024-01-15,SUC-04,PROD-010,Accesorios,394.04,0,42.0,42
2024-01-22,SUC-04,PROD-010,Accesorios,395.85,0,350.0,85
2024-01-29,SUC-04,PROD-010,Accesorios,334.87,1,265.0,124
2024-02-05,SUC-04,PROD-010,Accesorios,340.51,1,141.0,131
2024-02-12,SUC-04,PROD-010,Accesorios,384.75,0,432.0,116
2024-02-19,SUC-04,PROD-010,Accesorios,394.59,0,316.0,121
2024-02-26,SUC-04,PROD-010,Accesorios,383.47,0,195.0,110
2024-03-04,SUC-04,PROD-010,Accesorios,383.4,0,85.0,85
2024-03-11,SUC-04,PROD-010,Accesorios,385.23,0,0.0,0
2024-03-18,SUC-04,PROD-010,Accesorios,398.42,0,0.0,0
2024-03-25,SUC-04,PROD-010,Accesorios,345.41,1,502.0,112
2024-04-01,SUC-04,PROD-010,Accesorios,389.19,0,390.0,103
2024-04-08,SUC-04,PROD-010,Accesorios,399.46,0,287.0,119
2024-04-15,SUC-04,PROD-010,Accesorios,403.54,0,315.0,115
2024-04-22,SUC-04,PROD-010,Accesorios,394.81,0,200.0,97
2024-04-29,SUC-04,PROD-010,Accesorios,389.58,0,103.0,73
2024-05-06,SUC-04,PROD-010,Accesorios,389.42,0,30.0,30
2024-05-13,SUC-04,PROD-010,Accesorios,389.72,0,0.0,0
2024-05-20,SUC-04,PROD-010,Accesorios,385.52,0,0.0,0
2024-05-27,SUC-04,PROD-010,Accesorios,394.83,0,262.0,80
2024-06-03,SUC-04,PROD-010,Accesorios,403.08,0,182.0,88
2024-06-10,SUC-04,PROD-010,Accesorios,390.73,0,94.0,94
2024-06-17,SUC-04,PROD-010,Accesorios,403.47,0,233.0,62
2024-06-24,SUC-04,PROD-010,Accesorios,386.13,0,171.0,71
2024-07-01,SUC-04,PROD-010,Accesorios,399.33,0,100.0,100
2024-07-08,SUC-04,PROD-010,Accesorios,393.95,0,172.0,56
2024-07-15,SUC-04,PROD-010,Accesorios,384.49,0,116.0,74
2024-07-22,SUC-04,PROD-010,Accesorios,394.89,0,42.0,42
2024-07-29,SUC-04,PROD-010,Accesorios,335.8,1,276.0,73
2024-08-05,SUC-04,PROD-010,Accesorios,388.55,0,203.0,73
2024-08-12,SUC-04,PROD-010,Accesorios,392.08,0,130.0,94
2024-08-19,SUC-04,PROD-010,Accesorios,385.81,0,188.0,62
2024-08-26,SUC-04,PROD-010,Accesorios,399.04,0,126.0,57
2024-09-02,SUC-04,PROD-010,Accesorios,405.34,0,69.0,67
2024-09-09,SUC-04,PROD-010,Accesorios,401.88,0,213.0,76
2024-09-16,SUC-04,PROD-010,Accesorios,388.25,0,137.0,54
2024-09-23,SUC-04,PROD-010,Accesorios,332.76,1,83.0,83
2024-09-30,SUC-04,PROD-010,Accesorios,401.91,0,193.0,62
2024-10-07,SUC-04,PROD-010,Accesorios,394.62,0,131.0,76
2024-10-14,SUC-04,PROD-010,Accesorios,384.76,0,55.0,55
2024-10-21,SUC-04,PROD-010,Accesorios,348.57,1,316.0,63
2024-10-28,SUC-04,PROD-010,Accesorios,398.3,0,253.0,88
2024-11-04,SUC-04,PROD-010,Accesorios,336.44,1,165.0,117
2024-11-11,SUC-04,PROD-010,Accesorios,389.31,0,301.0,120
2024-11-18,SUC-04,PROD-010,Accesorios,383.84,0,181.0,131
2024-11-25,SUC-04,PROD-010,Accesorios,382.66,0,50.0,50
2024-12-02,SUC-04,PROD-010,Accesorios,395.23,0,290.0,108
2024-12-09,SUC-04,PROD-010,Accesorios,391.12,0,182.0,133
2024-12-16,SUC-04,PROD-010,Accesorios,403.32,0,49.0,49
2024-12-23,SUC-04,PROD-010,Accesorios,400.77,0,362.0,183
2024-12-30,SUC-04,PROD-010,Accesorios,389.02,0,179.0,100
2025-01-06,SUC-04,PROD-010,Accesorios,398.47,0,79.0,79
2025-01-13,SUC-04,PROD-010,Accesorios,390.0,0,340.0,118
2025-01-20,SUC-04,PROD-010,Accesorios,405.08,0,222.0,112
2025-01-27,SUC-04,PROD-010,Accesorios,335.07,1,110.0,110
2025-02-03,SUC-04,PROD-010,Accesorios,384.44,0,0.0,0
2025-02-10,SUC-04,PROD-010,Accesorios,383.75,0,0.0,0
2025-02-17,SUC-04,PROD-010,Accesorios,400.17,0,0.0,0
2025-02-24,SUC-04,PROD-010,Accesorios,393.25,0,281.0,87
2025-03-03,SUC-04,PROD-010,Accesorios,390.05,0,194.0,194
2025-03-10,SUC-04,PROD-010,Accesorios,386.78,0,0.0,0
2025-03-17,SUC-04,PROD-010,Accesorios,396.85,0,425.0,103
2025-03-24,SUC-04,PROD-010,Accesorios,394.68,0,322.0,90
2025-03-31,SUC-04,PROD-010,Accesorios,404.42,0,232.0,115
2025-04-07,SUC-04,PROD-010,Accesorios,396.21,0,382.0,105
2025-04-14,SUC-04,PROD-010,Accesorios,404.06,0,277.0,134
2025-04-21,SUC-04,PROD-010,Accesorios,402.49,0,143.0,72
2025-04-28,SUC-04,PROD-010,Accesorios,396.28,0,292.0,125
2025-05-05,SUC-04,PROD-010,Accesorios,391.96,0,167.0,93
2025-05-12,SUC-04,PROD-010,Accesorios,335.23,1,74.0,74
2025-05-19,SUC-04,PROD-010,Accesorios,405.59,0,262.0,112
2025-05-26,SUC-04,PROD-010,Accesorios,395.9,0,150.0,122
2025-06-02,SUC-04,PROD-010,Accesorios,404.9,0,28.0,28
2025-06-09,SUC-04,PROD-010,Accesorios,388.12,0,208.0,111
2025-06-16,SUC-04,PROD-010,Accesorios,402.45,0,97.0,71
2025-06-23,SUC-04,PROD-010,Accesorios,393.31,0,26.0,26
2025-06-30,SUC-04,PROD-010,Accesorios,398.27,0,266.0,87
2025-07-07,SUC-04,PROD-010,Accesorios,396.48,0,179.0,71
2025-07-14,SUC-04,PROD-010,Accesorios,342.9,1,108.0,96
2025-07-21,SUC-04,PROD-010,Accesorios,398.48,0,276.0,84
2025-07-28,SUC-04,PROD-010,Accesorios,339.61,1,192.0,85
2025-08-04,SUC-04,PROD-010,Accesorios,404.83,0,107.0,86
2025-08-11,SUC-04,PROD-010,Accesorios,391.91,0,240.0,93
2025-08-18,SUC-04,PROD-010,Accesorios,395.48,0,147.0,59
2025-08-25,SUC-04,PROD-010,Accesorios,389.64,0,88.0,67
2025-09-01,SUC-04,PROD-010,Accesorios,384.96,0,259.0,61
2025-09-08,SUC-04,PROD-010,Accesorios,400.22,0,198.0,72
2025-09-15,SUC-04,PROD-010,Accesorios,388.79,0,126.0,74
2025-09-22,SUC-04,PROD-010,Accesorios,388.76,0,206.0,76
2025-09-29,SUC-04,PROD-010,Accesorios,404.76,0,130.0,73
2025-10-06,SUC-04,PROD-010,Accesorios,333.96,1,57.0,57
2025-10-13,SUC-04,PROD-010,Accesorios,400.98,0,299.0,88
2025-10-20,SUC-04,PROD-010,Accesorios,383.69,0,211.0,60
2025-10-27,SUC-04,PROD-010,Accesorios,393.34,0,151.0,82
2025-11-03,SUC-04,PROD-010,Accesorios,389.96,0,343.0,95
2025-11-10,SUC-04,PROD-010,Accesorios,403.73,0,248.0,67
2025-11-17,SUC-04,PROD-010,Accesorios,395.29,0,181.0,74
2025-11-24,SUC-04,PROD-010,Accesorios,395.18,0,264.0,97
2025-12-01,SUC-04,PROD-010,Accesorios,391.57,0,167.0,87
2025-12-08,SUC-04,PROD-010,Accesorios,386.38,0,80.0,79
2025-12-15,SUC-04,PROD-010,Accesorios,330.14,1,425.0,112
2025-12-22,SUC-04,PROD-010,Accesorios,398.79,0,,116
2024-01-01,SUC-05,PROD-010,Accesorios,396.22,0,295.0,84
2024-01-08,SUC-05,PROD-010,Accesorios,345.2,1,211.0,120
2024-01-15,SUC-05,PROD-010,Accesorios,335.69,1,91.0,91
2024-01-22,SUC-05,PROD-010,Accesorios,385.83,0,0.0,0
2024-01-29,SUC-05,PROD-010,Accesorios,394.33,0,0.0,0
2024-02-05,SUC-05,PROD-010,Accesorios,391.14,0,0.0,0
2024-02-12,SUC-05,PROD-010,Accesorios,344.82,1,439.0,151
2024-02-19,SUC-05,PROD-010,Accesorios,388.27,0,,145
fecha-invalida,SUC-05,PROD-010,Accesorios,392.88,0,143.0,107
2024-03-04,SUC-05,PROD-010,Accesorios,396.1,0,307.0,126
2024-03-11,SUC-05,PROD-010,Accesorios,337.26,1,181.0,181
2024-03-18,SUC-05,PROD-010,Accesorios,393.08,0,0.0,0
2024-03-25,SUC-05,PROD-010,Accesorios,382.14,0,479.0,130
2024-04-01,SUC-05,PROD-010,Accesorios,340.8,1,349.0,125
2024-04-08,SUC-05,PROD-010,Accesorios,388.81,0,224.0,132
2024-04-15,SUC-05,PROD-010,Accesorios,392.37,0,367.0,122
2024-04-22,SUC-05,PROD-010,Accesorios,405.54,0,245.0,123
2024-04-29,SUC-05,PROD-010,Accesorios,396.9,0,122.0,122
2024-05-06,SUC-05,PROD-010,Accesorios,383.91,0,400.0,105
2024-05-13,SUC-05,PROD-010,Accesorios,387.0,0,295.0,94
2024-05-20,SUC-05,PROD-010,Accesorios,401.42,0,201.0,133
2024-05-27,SUC-05,PROD-010,Accesorios,384.86,0,313.0,101
2024-06-03,SUC-05,PROD-010,Accesorios,390.57,0,212.0,112
2024-06-10,SUC-05,PROD-010,Accesorios,386.48,0,100.0,61
2024-06-17,SUC-05,PROD-010,Accesorios,394.15,0,230.0,100
2024-06-24,SUC-05,PROD-010,Accesorios,332.64,1,130.0,69
2024-07-01,SUC-05,PROD-010,Accesorios,387.56,0,61.0,61
2024-07-08,SUC-05,PROD-010,Accesorios,402.71,0,238.0,93
2024-07-15,SUC-05,PROD-010,Accesorios,405.58,0,145.0,85
2024-07-22,SUC-05,PROD-010,Accesorios,393.84,0,60.0,60
2024-07-29,SUC-05,PROD-010,Accesorios,392.02,0,290.0,53
2024-08-05,SUC-05,PROD-010,Accesorios,392.64,0,237.0,87
2024-08-12,SUC-05,PROD-010,Accesorios,398.05,0,150.0,77
2024-08-19,SUC-05,PROD-010,Accesorios,389.39,0,274.0,60
2024-08-26,SUC-05,PROD-010,Accesorios,333.5,1,214.0,71
2024-09-02,SUC-05,PROD-010,Accesorios,399.81,0,143.0,80
2024-09-09,SUC-05,PROD-010,Accesorios,330.97,1,318.0,93
2024-09-16,SUC-05,PROD-010,Accesorios,395.55,0,225.0,69
2024-09-23,SUC-05,PROD-010,Accesorios,393.82,0,156.0,73
2024-09-30,SUC-05,PROD-010,Accesorios,398.48,0,215.0,61
2024-10-07,SUC-05,PROD-010,Accesorios,390.27,0,154.0,57
2024-10-14,SUC-05,PROD-010,Accesorios,384.79,0,97.0,79
2024-10-21,SUC-05,PROD-010,Accesorios,346.14,1,485.0,97
2024-10-28,SUC-05,PROD-010,Accesorios,390.03,0,388.0,82
2024-11-04,SUC-05,PROD-010,Accesorios,399.87,0,306.0,76
2024-11-11,SUC-05,PROD-010,Accesorios,395.26,0,349.0,101
2024-11-18,SUC-05,PROD-010,Accesorios,392.58,0,248.0,88
2024-11-25,SUC-05,PROD-010,Accesorios,386.24,0,160.0,106
2024-12-02,SUC-05,PROD-010,Accesorios,345.58,1,450.0,109
2024-12-09,SUC-05,PROD-010,Accesorios,386.63,0,341.0,119
2024-12-16,SUC-05,PROD-010,Accesorios,387.54,0,222.0,111
2024-12-23,SUC-05,PROD-010,Accesorios,387.91,0,359.0,108
2024-12-30,SUC-05,PROD-010,Accesorios,396.29,0,251.0,125
2025-01-06,SUC-05,PROD-010,Accesorios,390.53,0,126.0,113
2025-01-13,SUC-05,PROD-010,Accesorios,387.07,0,351.0,128
2025-01-20,SUC-05,PROD-010,Accesorios,390.57,0,223.0,114
2025-01-27,SUC-05,PROD-010,Accesorios,383.57,0,109.0,109
2025-02-03,SUC-05,PROD-010,Accesorios,388.03,0,340.0,122
2025-02-10,SUC-05,PROD-010,Accesorios,387.84,0,218.0,165
2025-02-17,SUC-05,PROD-010,Accesorios,403.81,0,53.0,53
2025-02-24,SUC-05,PROD-010,Accesorios,387.29,0,364.0,999999
2025-03-03,SUC-05,PROD-010,Accesorios,343.6,1,267.0,211
2025-03-10,SUC-05,PROD-010,Accesorios,400.12,0,56.0,56
2025-03-17,SUC-05,PROD-010,Accesorios,387.39,0,510.0,82
2025-03-24,SUC-05,PROD-010,Accesorios,383.7,0,428.0,106
2025-03-31,SUC-05,PROD-010,Accesorios,400.26,0,322.0,104
2025-04-07,SUC-05,PROD-010,Accesorios,402.82,0,479.0,158
2025-04-14,SUC-05,PROD-010,Accesorios,391.55,0,321.0,121
2025-04-21,SUC-05,PROD-010,Accesorios,389.88,0,200.0,108
2025-04-28,SUC-05,PROD-010,Accesorios,394.8,0,290.0,146
2025-05-05,SUC-05,PROD-010,Accesorios,382.49,0,144.0,94
2025-05-12,SUC-05,PROD-010,Accesorios,344.6,1,50.0,50
2025-05-19,SUC-05,PROD-010,Accesorios,401.53,0,414.0,109
2025-05-26,SUC-05,PROD-010,Accesorios,388.86,0,305.0,129
2025-06-02,SUC-05,PROD-010, ACCESORIOS ,386.96,0,176.0,106
2025-06-09,SUC-05,PROD-010,Accesorios,383.09,0,70.0,70
2025-06-16,SUC-05,PROD-010,Accesorios,388.17,0,0.0,0
2025-06-23,SUC-05,PROD-010,Accesorios,401.77,0,0.0,0
2025-06-30,SUC-05,PROD-010,Accesorios,389.58,0,261.0,80
2025-07-07,SUC-05,PROD-010,Accesorios,348.29,1,181.0,80
2025-07-14,SUC-05,PROD-010,Accesorios,343.56,1,101.0,101
2025-07-21,SUC-05,PROD-010,Accesorios,388.55,0,274.0,106
2025-07-28,SUC-05,PROD-010,Accesorios,347.99,1,168.0,121
2025-08-04,SUC-05,PROD-010,Accesorios,391.36,0,47.0,47
2025-08-11,SUC-05,PROD-010,Accesorios,332.99,1,458.0,90
2025-08-18,SUC-05,PROD-010,Accesorios,405.38,0,368.0,80
2025-08-25,SUC-05,PROD-010,Accesorios,383.7,0,288.0,52
2025-09-01,SUC-05,PROD-010,Accesorios,404.07,0,222.0,79
2025-09-08,SUC-05,PROD-010,Accesorios,391.83,0,143.0,81
2025-09-15,SUC-05,PROD-010,Accesorios,382.32,0,62.0,62
2025-09-22,SUC-05,PROD-010,Accesorios,393.46,0,254.0,58
2025-09-29,SUC-05,PROD-010,Accesorios,387.31,0,196.0,69
2025-10-06,SUC-05,PROD-010,Accesorios,388.93,0,127.0,43
2025-10-13,SUC-05,PROD-010,Accesorios,336.31,1,319.0,144
2025-10-20,SUC-05,PROD-010,Accesorios,401.06,0,175.0,75
2025-10-27,SUC-05,PROD-010,Accesorios,389.38,0,100.0,81
2025-11-03,SUC-05,PROD-010,Accesorios,382.69,0,292.0,105
2025-11-10,SUC-05,PROD-010,Accesorios,395.99,0,187.0,107
2025-11-17,SUC-05,PROD-010,Accesorios,402.13,0,80.0,80
2025-11-24,SUC-05,PROD-010,Accesorios,337.7,1,527.0,109
2025-12-01,SUC-05,PROD-010,Accesorios,394.79,0,418.0,147
2025-12-08,SUC-05,PROD-010,Accesorios,394.61,0,271.0,133
2025-12-15,SUC-05,PROD-010,Accesorios,387.02,0,415.0,119
2025-12-22,SUC-05,PROD-010,Accesorios,405.16,0,296.0,161
2024-01-01,SUC-01,PROD-011,Decoración,320.22,0,152.0,34
2024-01-08,SUC-01,PROD-011,Decoración,329.03,0,118.0,21
2024-01-15,SUC-01,PROD-011,Decoración,321.57,0,97.0,41
2024-01-22,SUC-01,PROD-011,Decoración,323.62,0,112.0,47
2024-01-29,SUC-01,PROD-011,Decoración,317.31,0,65.0,57
2024-02-05,SUC-01,PROD-011,Decoración,326.41,0,8.0,8
2024-02-12,SUC-01,PROD-011,Decoración,330.09,0,101.0,44
2024-02-19,SUC-01,PROD-011,Decoración,276.17,1,57.0,38
2024-02-26,SUC-01,PROD-011,Decoración,326.86,0,19.0,19
2024-03-04,SUC-01,PROD-011,Decoración,325.78,0,100.0,39
2024-03-11,SUC-01,PROD-011,Decoración,320.5,0,61.0,40
2024-03-18,SUC-01,PROD-011,Decoración,318.69,0,21.0,21
2024-03-25,SUC-01,PROD-011,Decoración,285.67,1,0.0,0
2024-04-01,SUC-01,PROD-011,Decoración,333.3,0,0.0,0
2024-04-08,SUC-01,PROD-011,Decoración,317.96,0,0.0,0
2024-04-15,SUC-01,PROD-011,Decoración,333.62,0,89.0,37
2024-04-22,SUC-01,PROD-011,Decoración,327.7,0,52.0,33
2024-04-29,SUC-01,PROD-011,Decoración,331.16,0,19.0,19
2024-05-06,SUC-01,PROD-011,Decoración,334.58,0,118.0,32
2024-05-13,SUC-01,PROD-011,Decoración,282.17,1,86.0,38
2024-05-20,SUC-01,PROD-011,Decoración,278.99,1,48.0,47
2024-05-27,SUC-01,PROD-011,Decoración,334.26,0,83.0,33
2024-06-03,SUC-01,PROD-011,Decoración,285.64,1,50.0,38
2024-06-10,SUC-01,PROD-011,Decoración,318.06,0,12.0,12
2024-06-17,SUC-01,PROD-011,Decoración,280.73,1,112.0,25
2024-06-24,SUC-01,PROD-011,Decoración,316.28,0,87.0,33
2024-07-01,SUC-01,PROD-011,Decoración,272.06,1,54.0,42
2024-07-08,SUC-01,PROD-011,Decoración,320.56,0,99.0,29
2024-07-15,SUC-01,PROD-011,Decoración,273.7,1,70.0,20
2024-07-22,SUC-01,PROD-011,Decoración,276.45,1,50.0,39
2024-07-29,SUC-01,PROD-011,Decoración,328.02,0,90.0,29
2024-08-05,SUC-01,PROD-011,Decoración,334.29,0,61.0,24
2024-08-12,SUC-01,PROD-011,Decoración,333.03,0,37.0,28
2024-08-19,SUC-01,PROD-011,Decoración,321.25,0,102.0,24
2024-08-26,SUC-01,PROD-011,Decoración,325.28,0,78.0,26
2024-09-02,SUC-01,PROD-011,Decoración,272.55,1,52.0,32
2024-09-09,SUC-01,PROD-011,Decoración,283.43,1,109.0,29
2024-09-16,SUC-01,PROD-011,Decoración,329.63,0,80.0,41
2024-09-23,SUC-01,PROD-011,Decoración,331.34,0,39.0,29
2024-09-30,SUC-01,PROD-011,Decoración,321.3,0,118.0,34
2024-10-07,SUC-01,PROD-011,Decoración,331.78,0,84.0,37
2024-10-14,SUC-01,PROD-011,Decoración,279.13,1,47.0,31
2024-10-21,SUC-01,PROD-011,Decoración,316.51,0,93.0,38
2024-10-28,SUC-01,PROD-011,Decoración,324.92,0,55.0,37
2024-11-04,SUC-01,PROD-011,Decoración,326.58,0,18.0,18
2024-11-11,SUC-01,PROD-011,Decoración,333.58,0,112.0,46
2024-11-18,SUC-01,PROD-011,Decoración,332.05,0,66.0,31
2024-11-25,SUC-01,PROD-011,Decoración,281.71,1,35.0,33
2024-12-02,SUC-01,PROD-011,Decoración,328.87,0,126.0,53
2024-12-09,SUC-01,PROD-011,Decoración,328.79,0,73.0,44
2024-12-16,SUC-01,PROD-011,Decoración,322.96,0,29.0,29
2024-12-23,SUC-01,PROD-011,Decoración,285.43,1,241.0,38
2024-12-30,SUC-01,PROD-011,Decoración,331.68,0,203.0,39
2025-01-06,SUC-01,PROD-011,Decoración,330.69,0,164.0,56
2025-01-13,SUC-01,PROD-011,Decoración,331.9,0,122.0,45
2025-01-20,SUC-01,PROD-011,Decoración,323.34,0,77.0,44
2025-01-27,SUC-01,PROD-011,Decoración,325.31,0,33.0,33
2025-02-03,SUC-01,PROD-011,Decoración,325.34,0,125.0,49
2025-02-10,SUC-01,PROD-011,Decoración,324.19,0,76.0,30
2025-02-17,SUC-01,PROD-011,Decoración,318.37,0,46.0,44
2025-02-24,SUC-01,PROD-011,Decoración,316.45,0,173.0,47
2025-03-03,SUC-01,PROD-011,Decoración,317.94,0,126.0,38
2025-03-10,SUC-01,PROD-011,Decoración,326.1,0,88.0,33
2025-03-17,SUC-01,PROD-011,Decoración,328.41,0,108.0,36
2025-03-24,SUC-01,PROD-011,Decoración,327.82,0,72.0,39
2025-03-31,SUC-01,PROD-011,Decoración,320.12,0,33.0,33
2025-04-07,SUC-01,PROD-011,Decoración,321.4,0,132.0,33
2025-04-14,SUC-01,PROD-011,Decoración,325.62,0,99.0,14
2025-04-21,SUC-01,PROD-011,Decoración,276.78,1,85.0,48
2025-04-28,SUC-01,PROD-011,Decoración,333.17,0,118.0,30
2025-05-05,SUC-01,PROD-011,Decoración,323.43,0,88.0,37
2025-05-12,SUC-01,PROD-011,Decoración,324.81,0,51.0,38
2025-05-19,SUC-01,PROD-011,Decoración,320.57,0,110.0,33
2025-05-26,SUC-01,PROD-011,Decoración,276.19,1,77.0,56
2025-06-02,SUC-01,PROD-011,Decoración,328.09,0,-5.0,21
2025-06-09,SUC-01,PROD-011,Decoración,320.09,0,0.0,0
2025-06-16,SUC-01,PROD-011,Decoración,281.03,1,0.0,0
2025-06-23,SUC-01,PROD-011,Decoración,283.24,1,0.0,0
2025-06-30,SUC-01,PROD-011,Decoración,323.38,0,99.0,33
2025-07-07,SUC-01,PROD-011,Decoración,321.73,0,66.0,27
2025-07-14,SUC-01,PROD-011,Decoración,321.96,0,39.0,32
2025-07-21,SUC-01,PROD-011,Decoración,326.32,0,65.0,21
2025-07-28,SUC-01,PROD-011,Decoración,332.26,0,44.0,25
2025-08-04,SUC-01,PROD-011,Decoración,321.69,0,19.0,19
2025-08-11,SUC-01,PROD-011,Decoración,324.97,0,0.0,0
2025-08-18,SUC-01,PROD-011,Decoración,324.61,0,0.0,0
2025-08-25,SUC-01,PROD-011,Decoración,332.16,0,0.0,0
2025-09-01,SUC-01,PROD-011,Decoración,318.72,0,113.0,24
2025-09-08,SUC-01,PROD-011,Decoración,331.28,0,89.0,32
2025-09-15,SUC-01,PROD-011,Decoración,326.1,0,57.0,28
2025-09-22,SUC-01,PROD-011,Decoración,329.57,0,29.0,18
fecha-invalida,SUC-01,PROD-011,Decoración,282.26,1,11.0,11
2025-10-06,SUC-01,PROD-011,Decoración,316.15,0,0.0,0
2025-10-13,SUC-01,PROD-011,Decoración,320.27,0,0.0,0
2025-10-20,SUC-01,PROD-011,Decoración,324.34,0,0.0,999999
2025-10-27,SUC-01,PROD-011,Decoración,333.81,0,0.0,0
2025-11-03,SUC-01,PROD-011, DECORACIÓN ,327.13,0,109.0,38
2025-11-10,SUC-01,PROD-011,Decoración,318.69,0,71.0,45
2025-11-17,SUC-01,PROD-011,Decoración,320.26,0,26.0,26
2025-11-24,SUC-01,PROD-011,Decoración,322.95,0,0.0,0
2025-12-01,SUC-01,PROD-011,Decoración,321.55,0,0.0,0
2025-12-08,SUC-01,PROD-011,Decoración,280.02,1,0.0,0
2025-12-15,SUC-01,PROD-011,Decoración,285.13,1,158.0,49
2025-12-22,SUC-01,PROD-011,Decoración,325.38,0,109.0,52
2024-01-01,SUC-02,PROD-011,Decoración,283.7,1,157.0,34
2024-01-08,SUC-02,PROD-011,Decoración,319.5,0,123.0,53
2024-01-15,SUC-02,PROD-011,Decoración,287.31,1,70.0,58
2024-01-22,SUC-02,PROD-011,Decoración,318.51,0,133.0,56
2024-01-29,SUC-02,PROD-011,Decoración,318.39,0,77.0,49
2024-02-05,SUC-02,PROD-011,Decoración,318.57,0,28.0,28
2024-02-12,SUC-02,PROD-011,Decoración,321.15,0,154.0,57
2024-02-19,SUC-02,PROD-011,Decoración,330.4,0,97.0,59
2024-02-26,SUC-02,PROD-011,Decoración,330.38,0,38.0,38
2024-03-04,SUC-02,PROD-011,Decoración,331.68,0,165.0,62
2024-03-11,SUC-02,PROD-011,Decoración,317.25,0,103.0,45
2024-03-18,SUC-02,PROD-011,Decoración,322.67,0,58.0,46
2024-03-25,SUC-02,PROD-011,Decoración,319.7,0,130.0,45
2024-04-01,SUC-02,PROD-011,Decoración,320.74,0,85.0,85
2024-04-08,SUC-02,PROD-011,Decoración,322.79,0,0.0,0
2024-04-15,SUC-02,PROD-011,Decoración,320.58,0,132.0,43
2024-04-22,SUC-02,PROD-011,Decoración,320.91,0,89.0,37
2024-04-29,SUC-02,PROD-011,Decoración,318.37,0,52.0,46
2024-05-06,SUC-02,PROD-011,Decoración,282.62,1,156.0,47
2024-05-13,SUC-02,PROD-011,Decoración,320.71,0,109.0,44
2024-05-20,SUC-02,PROD-011,Decoración,324.68,0,65.0,34
2024-05-27,SUC-02,PROD-011,Decoración,319.2,0,31.0,31
2024-06-03,SUC-02,PROD-011,Decoración,333.51,0,0.0,0
2024-06-10,SUC-02,PROD-011,Decoración,327.08,0,0.0,0
2024-06-17,SUC-02,PROD-011,Decoración,331.77,0,92.0,38
2024-06-24,SUC-02,PROD-011,Decoración,275.35,1,54.0,39
2024-07-01,SUC-02,PROD-011,Decoración,330.02,0,15.0,15
2024-07-08,SUC-02,PROD-011,Decoración,317.28,0,93.0,22
2024-07-15,SUC-02,PROD-011,Decoración,330.73,0,71.0,26
2024-07-22,SUC-02,PROD-011,Decoración,283.14,1,45.0,38
2024-07-29,SUC-02,PROD-011,Decoración,274.4,1,131.0,50
2024-08-05,SUC-02,PROD-011,Decoración,316.11,0,81.0,29
2024-08-12,SUC-02,PROD-011,Decoración,321.12,0,52.0,24
2024-08-19,SUC-02,PROD-011,Decoración,318.55,0,91.0,38
2024-08-26,SUC-02,PROD-011,Decoración,280.51,1,53.0,44
2024-09-02,SUC-02,PROD-011,Decoración,321.71,0,9.0,9
2024-09-09,SUC-02,PROD-011,Decoración,277.28,1,0.0,0
2024-09-16,SUC-02,PROD-011,Decoración,317.23,0,0.0,0
2024-09-23,SUC-02,PROD-011,Decoración,281.02,1,0.0,0
2024-09-30,SUC-02,PROD-011,Decoración,324.5,0,127.0,43
2024-10-07,SUC-02,PROD-011,Decoración,330.81,0,84.0,25
2024-10-14,SUC-02,PROD-011,Decoración,325.88,0,59.0,59
2024-10-21,SUC-02,PROD-011,Decoración,317.2,0,112.0,33
2024-10-28,SUC-02,PROD-011,Decoración,331.79,0,79.0,37
2024-11-04,SUC-02,PROD-011,Decoración,327.37,0,42.0,42
2024-11-11,SUC-02,PROD-011,Decoración,316.11,0,155.0,37
2024-11-18,SUC-02,PROD-011,Decoración,329.77,0,118.0,52
2024-11-25,SUC-02,PROD-011,Decoración,320.87,0,66.0,31
2024-12-02,SUC-02,PROD-011,Decoración,323.06,0,134.0,50
2024-12-09,SUC-02,PROD-011,Decoración,331.09,0,84.0,39
2024-12-16,SUC-02,PROD-011,Decoración,325.55,0,45.0,45
2024-12-23,SUC-02,PROD-011,Decoración,331.07,0,189.0,48
2024-12-30,SUC-02,PROD-011,Decoración,315.93,0,141.0,77
2025-01-06,SUC-02,PROD-011,Decoración,326.41,0,64.0,46
2025-01-13,SUC-02,PROD-011,Decoración,334.92,0,172.0,44
2025-01-20,SUC-02,PROD-011,Decoración,285.75,1,128.0,47
2025-01-27,SUC-02,PROD-011,Decoración,318.57,0,81.0,45
2025-02-03,SUC-02,PROD-011,Decoración,281.9,1,292.0,57
2025-02-10,SUC-02,PROD-011,Decoración,324.88,0,235.0,62
2025-02-17,SUC-02,PROD-011, DECORACIÓN ,326.46,0,173.0,83
2025-02-24,SUC-02,PROD-011,Decoración,318.5,0,169.0,60
2025-03-03,SUC-02,PROD-011,Decoración,282.96,1,109.0,88
2025-03-10,SUC-02,PROD-011,Decoración,315.63,0,21.0,21
2025-03-17,SUC-02,PROD-011,Decoración,322.66,0,0.0,0
2025-03-24,SUC-02,PROD-011,Decoración,332.69,0,0.0,0
2025-03-31,SUC-02,PROD-011,Decoración,325.36,0,0.0,0
2025-04-07,SUC-02,PROD-011,Decoración,321.07,0,174.0,54
2025-04-14,SUC-02,PROD-011,Decoración,316.6,0,120.0,46
2025-04-21,SUC-02,PROD-011,Decoración,323.51,0,74.0,47
2025-04-28,SUC-02,PROD-011,Decoración,275.85,1,180.0,59
2025-05-05,SUC-02,PROD-011,Decoración,322.76,0,121.0,27
2025-05-12,SUC-02,PROD-011,Decoración,321.87,0,94.0,41
2025-05-19,SUC-02,PROD-011,Decoración,328.27,0,101.0,40
2025-05-26,SUC-02,PROD-011,Decoración,325.58,0,61.0,37
2025-06-02,SUC-02,PROD-011,Decoración,330.2,0,24.0,24
2025-06-09,SUC-02,PROD-011,Decoración,321.64,0,88.0,37
2025-06-16,SUC-02,PROD-011,Decoración,322.62,0,51.0,38
2025-06-23,SUC-02,PROD-011,Decoración,323.93,0,13.0,13
2025-06-30,SUC-02,PROD-011,Decoración,326.13,0,94.0,24
2025-07-07,SUC-02,PROD-011,Decoración,320.86,0,70.0,26
2025-07-14,SUC-02,PROD-011,Decoración,332.88,0,44.0,33
2025-07-21,SUC-02,PROD-011,Decoración,273.04,1,136.0,47
2025-07-28,SUC-02,PROD-011,Decoración,332.45,0,89.0,33
2025-08-04,SUC-02,PROD-011,Decoración,331.0,0,56.0,26
2025-08-11,SUC-02,PROD-011,Decoración,331.27,0,87.0,33
2025-08-18,SUC-02,PROD-011,Decoración,334.51,0,54.0,32
2025-08-25,SUC-02,PROD-011,Decoración,279.48,1,22.0,22
2025-09-01,SUC-02,PROD-011,Decoración,275.55,1,201.0,31
2025-09-08,SUC-02,PROD-011,Decoración,332.47,0,170.0,32
2025-09-15,SUC-02,PROD-011,Decoración,330.59,0,138.0,48
2025-09-22,SUC-02,PROD-011,Decoración,317.89,0,96.0,39
2025-09-29,SUC-02,PROD-011,Decoración,325.83,0,57.0,41
2025-10-06,SUC-02,PROD-011,Decoración,325.23,0,16.0,16
2025-10-13,SUC-02,PROD-011,Decoración,331.91,0,165.0,32
2025-10-20,SUC-02,PROD-011,Decoración,273.56,1,133.0,47
2025-10-27,SUC-02,PROD-011,Decoración,,0,86.0,43
2025-11-03,SUC-02,PROD-011,Decoración,319.39,0,171.0,47
2025-11-10,SUC-02,PROD-011,Decoración,329.78,0,124.0,48
2025-11-17,SUC-02,PROD-011,Decoración,333.48,0,76.0,45
2025-11-24,SUC-02,PROD-011,Decoración,323.29,0,31.0,31
2025-12-01,SUC-02,PROD-011,Decoración,327.54,0,0.0,0
2025-12-08,SUC-02,PROD-011,Decoración,324.08,0,0.0,0
2025-12-15,SUC-02,PROD-011,Decoración,334.79,0,131.0,65
2025-12-22,SUC-02,PROD-011,Decoración,325.33,0,66.0,42
2024-01-01,SUC-03,PROD-011,Decoración,330.85,0,241.0,30
2024-01-08,SUC-03,PROD-011,Decoración,327.8,0,211.0,60
2024-01-15,SUC-03,PROD-011,Decoración,285.2,1,151.0,74
2024-01-22,SUC-03,PROD-011,Decoración,287.6,1,280.0,55
2024-01-29,SUC-03,PROD-011,Decoración,318.6,0,225.0,71
2024-02-05,SUC-03,PROD-011,Decoración,322.15,0,154.0,58
2024-02-12,SUC-03,PROD-011,Decoración,333.91,0,214.0,68
2024-02-19,SUC-03,PROD-011,Decoración,327.61,0,146.0,82
2024-02-26,SUC-03,PROD-011,Decoración,323.69,0,64.0,61
2024-03-04,SUC-03,PROD-011,Decoración,332.44,0,228.0,54
2024-03-11,SUC-03,PROD-011,Decoración,317.09,0,174.0,67
2024-03-18,SUC-03,PROD-011,Decoración,331.5,0,107.0,57
2024-03-25,SUC-03,PROD-011,Decoración,334.19,0,174.0,58
2024-04-01,SUC-03,PROD-011,Decoración,272.24,1,116.0,82
2024-04-08,SUC-03,PROD-011,Decoración,326.72,0,34.0,34
2024-04-15,SUC-03,PROD-011,Decoración,284.18,1,289.0,55
2024-04-22,SUC-03,PROD-011,Decoración,328.16,0,234.0,66
2024-04-29,SUC-03,PROD-011,Decoración,324.0,0,168.0,49
2024-05-06,SUC-03,PROD-011,Decoración,316.88,0,115.0,45
2024-05-13,SUC-03,PROD-011,Decoración,328.34,0,70.0,42
2024-05-20,SUC-03,PROD-011,Decoración,283.28,1,28.0,28
2024-05-27,SUC-03,PROD-011,Decoración,324.13,0,0.0,0
2024-06-03,SUC-03,PROD-011,Decoración,333.36,0,0.0,0
2024-06-10,SUC-03,PROD-011,Decoración,316.18,0,0.0,0
2024-06-17,SUC-03,PROD-011,Decoración,274.09,1,154.0,51
2024-06-24,SUC-03,PROD-011,Decoración,284.51,1,103.0,62
2024-07-01,SUC-03,PROD-011,Decoración,321.76,0,41.0,31
2024-07-08,SUC-03,PROD-011,Decoración,283.43,1,165.0,56
2024-07-15,SUC-03,PROD-011,Decoración,333.88,0,109.0,42
2024-07-22,SUC-03,PROD-011,Decoración,331.02,0,67.0,34
2024-07-29,SUC-03,PROD-011,Decoración,317.21,0,116.0,45
2024-08-05,SUC-03,PROD-011,Decoración,334.53,0,71.0,36
2024-08-12,SUC-03,PROD-011,Decoración,282.74,1,35.0,999999
2024-08-19,SUC-03,PROD-011,Decoración,328.88,0,98.0,54
2024-08-26,SUC-03,PROD-011,Decoración,324.04,0,44.0,42
2024-09-02,SUC-03,PROD-011,Decoración,323.24,0,2.0,2
2024-09-09,SUC-03,PROD-011,Decoración,322.87,0,154.0,30
2024-09-16,SUC-03,PROD-011,Decoración,330.43,0,124.0,30
2024-09-23,SUC-03,PROD-011,Decoración,332.69,0,94.0,41
2024-09-30,SUC-03,PROD-011,Decoración,325.58,0,134.0,45
2024-10-07,SUC-03,PROD-011,Decoración,325.44,0,89.0,45
2024-10-14,SUC-03,PROD-011,Decoración,328.08,0,44.0,44
2024-10-21,SUC-03,PROD-011,Decoración,322.73,0,185.0,38
2024-10-28,SUC-03,PROD-011,Decoración,317.89,0,147.0,52
2024-11-04,SUC-03,PROD-011,Decoración,315.9,0,95.0,58
2024-11-11,SUC-03,PROD-011,Decoración,326.21,0,159.0,51
2024-11-18,SUC-03,PROD-011,Decoración,316.94,0,108.0,46
2024-11-25,SUC-03,PROD-011,Decoración,315.72,0,62.0,62
2024-12-02,SUC-03,PROD-011,Decoración,280.87,1,235.0,38
2024-12-09,SUC-03,PROD-011,Decoración,315.59,0,197.0,67
2024-12-16,SUC-03,PROD-011,Decoración,319.72,0,130.0,59
2024-12-23,SUC-03,PROD-011,Decoración,318.63,0,187.0,61
2024-12-30,SUC-03,PROD-011,Decoración,273.17,1,126.0,70
2025-01-06,SUC-03,PROD-011,Decoración,273.84,1,56.0,56
2025-01-13,SUC-03,PROD-011,Decoración,283.89,1,340.0,83
2025-01-20,SUC-03,PROD-011,Decoración,334.88,0,257.0,131
2025-01-27,SUC-03,PROD-011,Decoración,273.04,1,126.0,75
2025-02-03,SUC-03,PROD-011,Decoración,334.81,0,196.0,82
2025-02-10,SUC-03,PROD-011,Decoración,280.6,1,114.0,74
2025-02-17,SUC-03,PROD-011,Decoración,332.27,0,40.0,40
2025-02-24,SUC-03,PROD-011,Decoración,319.38,0,178.0,74
2025-03-03,SUC-03,PROD-011,Decoración,272.59,1,104.0,77
2025-03-10,SUC-03,PROD-011,Decoración,316.47,0,27.0,27
2025-03-17,SUC-03,PROD-011,Decoración,319.86,0,0.0,0
2025-03-24,SUC-03,PROD-011,Decoración,-10.0,1,0.0,0
2025-03-31,SUC-03,PROD-011,Decoración,321.83,0,0.0,0
2025-04-07,SUC-03,PROD-011,Decoración,331.03,0,0.0,0
2025-04-14,SUC-03,PROD-011,Decoración,323.62,0,0.0,0
2025-04-21,SUC-03,PROD-011,Decoración,315.84,0,0.0,0
2025-04-28,SUC-03,PROD-011,Decoración,277.73,1,190.0,69
2025-05-05,SUC-03,PROD-011,Decoración,277.72,1,121.0,44
2025-05-12,SUC-03,PROD-011,Decoración,323.34,0,77.0,77
2025-05-19,SUC-03,PROD-011,Decoración,320.74,0,117.0,59
2025-05-26,SUC-03,PROD-011,Decoración,323.06,0,58.0,40
2025-06-02,SUC-03,PROD-011,Decoración,334.04,0,18.0,18
2025-06-09,SUC-03,PROD-011,Decoración,279.51,1,142.0,61
2025-06-16,SUC-03,PROD-011,Decoración,326.11,0,81.0,42
2025-06-23,SUC-03,PROD-011,Decoración,324.33,0,39.0,36
2025-06-30,SUC-03,PROD-011,Decoración,332.77,0,91.0,44
2025-07-07,SUC-03,PROD-011,Decoración,330.65,0,47.0,26
2025-07-14,SUC-03,PROD-011,Decoración,334.84,0,21.0,21
2025-07-21,SUC-03,PROD-011,Decoración,324.68,0,150.0,31
2025-07-28,SUC-03,PROD-011,Decoración,334.7,0,119.0,31
2025-08-04,SUC-03,PROD-011,Decoración,282.88,1,88.0,25
2025-08-11,SUC-03,PROD-011,Decoración,316.19,0,63.0,42
2025-08-18,SUC-03,PROD-011,Decoración,318.67,0,21.0,21
2025-08-25,SUC-03,PROD-011,Decoración,329.71,0,0.0,0
2025-09-01,SUC-03,PROD-011,Decoración,316.31,0,110.0,37
2025-09-08,SUC-03,PROD-011,Decoración,324.45,0,73.0,30
2025-09-15,SUC-03,PROD-011,Decoración,325.42,0,43.0,42
2025-09-22,SUC-03,PROD-011,Decoración,321.3,0,111.0,42
2025-09-29,SUC-03,PROD-011,Decoración,321.59,0,69.0,43
2025-10-06,SUC-03,PROD-011,Decoración,328.49,0,26.0,26
2025-10-13,SUC-03,PROD-011,Decoración,329.24,0,130.0,40
2025-10-20,SUC-03,PROD-011,Decoración,316.69,0,90.0,55
2025-10-27,SUC-03,PROD-011,Decoración,334.14,0,35.0,35
2025-11-03,SUC-03,PROD-011,Decoración,321.29,0,157.0,50
2025-11-10,SUC-03,PROD-011,Decoración,333.95,0,107.0,61
2025-11-17,SUC-03,PROD-011,Decoración,324.6,0,46.0,46
2025-11-24,SUC-03,PROD-011,Decoración,320.81,0,225.0,65
2025-12-01,SUC-03,PROD-011,Decoración,328.91,0,160.0,52
2025-12-08,SUC-03,PROD-011,Decoración,318.17,0,108.0,75
2025-12-15,SUC-03,PROD-011,Decoración,276.6,1,33.0,33
2025-12-22,SUC-03,PROD-011,Decoración,329.92,0,0.0,0
2024-01-01,SUC-04,PROD-011,Decoración,327.19,0,266.0,57
2024-01-08,SUC-04,PROD-011,Decoración,328.18,0,209.0,58
2024-01-15,SUC-04,PROD-011,Decoración,325.77,0,151.0,70
2024-01-22,SUC-04,PROD-011,Decoración,331.08,0,276.0,90
2024-01-29,SUC-04,PROD-011,Decoración,324.98,0,186.0,142
2024-02-05,SUC-04,PROD-011,Decoración,273.07,1,44.0,44
2024-02-12,SUC-04,PROD-011,Decoración,333.64,0,0.0,0
2024-02-19,SUC-04,PROD-011,Decoración,327.59,0,0.0,0
2024-02-26,SUC-04,PROD-011,Decoración,316.75,0,0.0,0
2024-03-04,SUC-04,PROD-011,Decoración,328.03,0,251.0,60
2024-03-11,SUC-04,PROD-011,Decoración,331.71,0,191.0,75
2024-03-18,SUC-04,PROD-011,Decoración,328.95,0,116.0,55
2024-03-25,SUC-04,PROD-011,Decoración,280.66,1,356.0,82
2024-04-01,SUC-04,PROD-011,Decoración,330.79,0,274.0,66
2024-04-08,SUC-04,PROD-011,Decoración,329.91,0,208.0,64
2024-04-15,SUC-04,PROD-011,Decoración,284.12,1,269.0,61
2024-04-22,SUC-04,PROD-011,Decoración,286.67,1,208.0,70
2024-04-29,SUC-04,PROD-011,Decoración,321.66,0,138.0,95
2024-05-06,SUC-04,PROD-011,Decoración,332.75,0,195.0,57
2024-05-13,SUC-04,PROD-011,Decoración,326.6,0,138.0,104
2024-05-20,SUC-04,PROD-011,Decoración,281.75,1,34.0,34
2024-05-27,SUC-04,PROD-011,Decoración,323.52,0,169.0,56
2024-06-03,SUC-04,PROD-011,Decoración,327.32,0,113.0,50
2024-06-10,SUC-04,PROD-011,Decoración,272.42,1,63.0,44
2024-06-17,SUC-04,PROD-011,Decoración,334.64,0,149.0,60
2024-06-24,SUC-04,PROD-011,Decoración,325.81,0,89.0,41
2024-07-01,SUC-04,PROD-011,Decoración,327.96,0,48.0,48
2024-07-08,SUC-04,PROD-011,Decoración,332.33,0,163.0,48
2024-07-15,SUC-04,PROD-011,Decoración,317.75,0,,37
2024-07-22,SUC-04,PROD-011,Decoración,325.43,0,78.0,42
2024-07-29,SUC-04,PROD-011,Decoración,276.13,1,211.0,51
2024-08-05,SUC-04,PROD-011,Decoración,322.85,0,,39
2024-08-12,SUC-04,PROD-011,Decoración,323.63,0,121.0,60
2024-08-19,SUC-04,PROD-011,Decoración,275.81,1,261.0,43
2024-08-26,SUC-04,PROD-011,Decoración,281.67,1,218.0,53
2024-09-02,SUC-04,PROD-011,Decoración,316.44,0,165.0,73
2024-09-09,SUC-04,PROD-011,Decoración,322.23,0,187.0,51
2024-09-16,SUC-04,PROD-011,Decoración,333.62,0,136.0,55
2024-09-23,SUC-04,PROD-011,Decoración,321.92,0,81.0,45
2024-09-30,SUC-04,PROD-011,Decoración,326.36,0,166.0,35
2024-10-07,SUC-04,PROD-011,Decoración,318.21,0,131.0,65
2024-10-14,SUC-04,PROD-011,Decoración,330.68,0,66.0,54
2024-10-21,SUC-04,PROD-011,Decoración,320.7,0,227.0,50
2024-10-28,SUC-04,PROD-011,Decoración,326.77,0,177.0,48
2024-11-04,SUC-04,PROD-011,Decoración,323.62,0,129.0,63
2024-11-11,SUC-04,PROD-011,Decoración,273.16,1,301.0,76
2024-11-18,SUC-04,PROD-011,Decoración,333.42,0,225.0,73
2024-11-25,SUC-04,PROD-011,Decoración,331.73,0,152.0,89
2024-12-02,SUC-04,PROD-011,Decoración,321.5,0,205.0,94
2024-12-09,SUC-04,PROD-011,Decoración,318.72,0,111.0,84
2024-12-16,SUC-04,PROD-011,Decoración,330.66,0,27.0,27
2024-12-23,SUC-04,PROD-011,Decoración,328.34,0,0.0,0
2024-12-30,SUC-04,PROD-011,Decoración,332.02,0,0.0,0
2025-01-06,SUC-04,PROD-011,Decoración,332.65,0,0.0,0
2025-01-13,SUC-04,PROD-011,Decoración,334.25,0,240.0,68
2025-01-20,SUC-04,PROD-011,Decoración,280.98,1,172.0,62
2025-01-27,SUC-04,PROD-011,Decoración,333.26,0,110.0,84
2025-02-03,SUC-04,PROD-011,Decoración,326.42,0,289.0,88
2025-02-10,SUC-04,PROD-011,Decoración,322.14,0,201.0,77
2025-02-17,SUC-04,PROD-011,Decoración,332.73,0,124.0,74
2025-02-24,SUC-04,PROD-011,Decoración,316.82,0,293.0,46
2025-03-03,SUC-04,PROD-011,Decoración,284.12,1,247.0,84
2025-03-10,SUC-04,PROD-011,Decoración,319.51,0,163.0,81
2025-03-17,SUC-04,PROD-011,Decoración,321.82,0,236.0,49
2025-03-24,SUC-04,PROD-011,Decoración,322.49,0,187.0,86
2025-03-31,SUC-04,PROD-011,Decoración,318.82,0,101.0,67
2025-04-07,SUC-04,PROD-011,Decoración,280.84,1,222.0,70
fecha-invalida,SUC-04,PROD-011,Decoración,321.3,0,152.0,77
2025-04-21,SUC-04,PROD-011,Decoración,316.01,0,75.0,57
2025-04-28,SUC-04,PROD-011,Decoración,334.19,0,217.0,55
2025-05-05,SUC-04,PROD-011,Decoración,326.13,0,162.0,50
2025-05-12,SUC-04,PROD-011,Decoración,324.93,0,112.0,46
2025-05-19,SUC-04,PROD-011,Decoración,317.16,0,142.0,51
2025-05-26,SUC-04,PROD-011,Decoración,324.88,0,91.0,39
2025-06-02,SUC-04,PROD-011,Decoración,322.18,0,52.0,52
2025-06-09,SUC-04,PROD-011,Decoración,331.43,0,160.0,70
2025-06-16,SUC-04,PROD-011,Decoración,280.82,1,90.0,46
2025-06-23,SUC-04,PROD-011,Decoración,321.86,0,44.0,44
2025-06-30,SUC-04,PROD-011,Decoración,328.21,0,125.0,55
2025-07-07,SUC-04,PROD-011,Decoración,274.75,1,70.0,40
2025-07-14,SUC-04,PROD-011,Decoración,285.75,1,30.0,30
2025-07-21,SUC-04,PROD-011,Decoración,327.29,0,108.0,61
2025-07-28,SUC-04,PROD-011,Decoración,286.09,1,47.0,47
2025-08-04,SUC-04,PROD-011,Decoración,332.7,0,0.0,0
2025-08-11,SUC-04,PROD-011,Decoración,319.59,0,164.0,46
2025-08-18,SUC-04,PROD-011,Decoración,276.65,1,118.0,60
2025-08-25,SUC-04,PROD-011,Decoración,324.79,0,58.0,51
2025-09-01,SUC-04,PROD-011,Decoración,323.54,0,140.0,54
2025-09-08,SUC-04,PROD-011,Decoración,278.74,1,86.0,69
2025-09-15,SUC-04,PROD-011,Decoración,330.02,0,17.0,17
2025-09-22,SUC-04,PROD-011,Decoración,-10.0,0,129.0,58
2025-09-29,SUC-04,PROD-011,Decoración,279.14,1,71.0,56
2025-10-06,SUC-04,PROD-011,Decoración,273.21,1,15.0,15
2025-10-13,SUC-04,PROD-011,Decoración,320.06,0,199.0,60
2025-10-20,SUC-04,PROD-011,Decoración,333.88,0,139.0,58
2025-10-27,SUC-04,PROD-011,Decoración,325.11,0,81.0,66
2025-11-03,SUC-04,PROD-011,Decoración,333.78,0,231.0,57
2025-11-10,SUC-04,PROD-011,Decoración,328.41,0,174.0,73
2025-11-17,SUC-04,PROD-011,Decoración,319.91,0,101.0,47
2025-11-24,SUC-04,PROD-011,Decoración,328.81,0,197.0,64
2025-12-01,SUC-04,PROD-011,Decoración,318.06,0,133.0,45
2025-12-08,SUC-04,PROD-011,Decoración,332.95,0,88.0,80
2025-12-15,SUC-04,PROD-011,Decoración,319.07,0,215.0,73
2025-12-22,SUC-04,PROD-011,Decoración,325.22,0,142.0,62
2024-01-01,SUC-05,PROD-011,Decoración,317.79,0,286.0,76
2024-01-08,SUC-05,PROD-011,Decoración,330.79,0,210.0,60
2024-01-15,SUC-05,PROD-011,Decoración,323.85,0,150.0,62
2024-01-22,SUC-05,PROD-011,Decoración,331.53,0,205.0,84
2024-01-29,SUC-05,PROD-011,Decoración,319.35,0,121.0,90
2024-02-05,SUC-05,PROD-011,Decoración,319.38,0,31.0,31
2024-02-12,SUC-05,PROD-011,Decoración,316.05,0,253.0,73
2024-02-19,SUC-05,PROD-011,Decoración,326.48,0,180.0,69
2024-02-26,SUC-05,PROD-011,Decoración,333.72,0,111.0,84
2024-03-04,SUC-05,PROD-011,Decoración,321.5,0,204.0,67
2024-03-11,SUC-05,PROD-011,Decoración,318.13,0,137.0,88
2024-03-18,SUC-05,PROD-011,Decoración,319.97,0,49.0,49
2024-03-25,SUC-05,PROD-011,Decoración,325.67,0,221.0,68
2024-04-01,SUC-05,PROD-011,Decoración,334.67,0,153.0,92
2024-04-08,SUC-05,PROD-011,Decoración,318.49,0,61.0,61
2024-04-15,SUC-05,PROD-011,Decoración,333.51,0,195.0,49
2024-04-22,SUC-05,PROD-011,Decoración,317.7,0,146.0,50
2024-04-29,SUC-05,PROD-011,Decoración,329.32,0,96.0,56
2024-05-06,SUC-05,PROD-011,Decoración,321.44,0,170.0,75
2024-05-13,SUC-05,PROD-011,Decoración,275.76,1,95.0,88
2024-05-20,SUC-05,PROD-011,Decoración,323.49,0,7.0,7
2024-05-27,SUC-05,PROD-011,Decoración,316.36,0,182.0,59
2024-06-03,SUC-05,PROD-011,Decoración,329.71,0,123.0,55
2024-06-10,SUC-05,PROD-011,Decoración,317.49,0,68.0,68
2024-06-17,SUC-05,PROD-011,Decoración,330.03,0,0.0,0
2024-06-24,SUC-05,PROD-011,Decoración,334.79,0,0.0,0
2024-07-01,SUC-05,PROD-011,Decoración,284.65,1,0.0,0
2024-07-08,SUC-05,PROD-011,Decoración,329.51,0,152.0,42
2024-07-15,SUC-05,PROD-011,Decoración,331.42,0,110.0,40
2024-07-22,SUC-05,PROD-011,Decoración,326.11,0,70.0,50
2024-07-29,SUC-05,PROD-011,Decoración,321.82,0,149.0,48
2024-08-05,SUC-05,PROD-011,Decoración,319.55,0,101.0,43
2024-08-12,SUC-05,PROD-011,Decoración,317.59,0,58.0,35
2024-08-19,SUC-05,PROD-011,Decoración,330.37,0,147.0,53
2024-08-26,SUC-05,PROD-011,Decoración,321.87,0,94.0,55
2024-09-02,SUC-05,PROD-011,Decoración,324.64,0,39.0,31
2024-09-09,SUC-05,PROD-011,Decoración,280.49,1,288.0,60
2024-09-16,SUC-05,PROD-011,Decoración,324.36,0,228.0,58
2024-09-23,SUC-05,PROD-011,Decoración,325.21,0,170.0,72
2024-09-30,SUC-05,PROD-011,Decoración,332.45,0,234.0,70
2024-10-07,SUC-05,PROD-011,Decoración,332.04,0,164.0,69
2024-10-14,SUC-05,PROD-011,Decoración,326.42,0,95.0,60
2024-10-21,SUC-05,PROD-011,Decoración,323.95,0,211.0,55
2024-10-28,SUC-05,PROD-011,Decoración,330.78,0,156.0,36
2024-11-04,SUC-05,PROD-011,Decoración,329.02,0,120.0,56
2024-11-11,SUC-05,PROD-011,Decoración,333.87,0,193.0,64
2024-11-18,SUC-05,PROD-011,Decoración,316.48,0,129.0,108
2024-11-25,SUC-05,PROD-011,Decoración,320.78,0,21.0,21
2024-12-02,SUC-05,PROD-011,Decoración,322.38,0,312.0,71
2024-12-09,SUC-05,PROD-011,Decoración,332.66,0,241.0,86
2024-12-16,SUC-05,PROD-011,Decoración,281.55,1,155.0,98
2024-12-23,SUC-05,PROD-011,Decoración,328.78,0,231.0,98
2024-12-30,SUC-05,PROD-011,Decoración,328.91,0,133.0,66
2025-01-06,SUC-05,PROD-011,Decoración,333.37,0,67.0,67
2025-01-13,SUC-05,PROD-011,Decoración,319.57,0,316.0,95
2025-01-20,SUC-05,PROD-011,Decoración,325.4,0,221.0,91
2025-01-27,SUC-05,PROD-011,Decoración,332.27,0,130.0,84
2025-02-03,SUC-05,PROD-011,Decoración,282.59,1,370.0,62
2025-02-10,SUC-05,PROD-011,Decoración,325.39,0,308.0,82
2025-02-17,SUC-05,PROD-011,Decoración,333.31,0,226.0,70
2025-02-24,SUC-05,PROD-011,Decoración,321.09,0,291.0,81
2025-03-03,SUC-05,PROD-011,Decoración,318.12,0,210.0,90
2025-03-10,SUC-05,PROD-011,Decoración,331.07,0,120.0,100
2025-03-17,SUC-05,PROD-011,Decoración,334.92,0,250.0,32
2025-03-24,SUC-05,PROD-011,Decoración,316.22,0,218.0,71
2025-03-31,SUC-05,PROD-011,Decoración,323.47,0,147.0,50
2025-04-07,SUC-05,PROD-011,Decoración,325.17,0,189.0,46
2025-04-14,SUC-05,PROD-011,Decoración,319.4,0,143.0,52
2025-04-21,SUC-05,PROD-011,Decoración,329.82,0,91.0,71
2025-04-28,SUC-05,PROD-011,Decoración,275.99,1,274.0,56
2025-05-05,SUC-05,PROD-011,Decoración,321.67,0,218.0,47
2025-05-12,SUC-05,PROD-011,Decoración,315.81,0,171.0,62
2025-05-19,SUC-05,PROD-011,Decoración,320.22,0,168.0,57
2025-05-26,SUC-05,PROD-011,Decoración,323.71,0,111.0,69
2025-06-02,SUC-05,PROD-011,Decoración,331.61,0,42.0,42
2025-06-09,SUC-05,PROD-011,Decoración,324.29,0,195.0,62
2025-06-16,SUC-05,PROD-011,Decoración,329.49,0,133.0,61
2025-06-23,SUC-05,PROD-011,Decoración,321.27,0,72.0,58
2025-06-30,SUC-05,PROD-011,Decoración,287.82,1,190.0,49
2025-07-07,SUC-05,PROD-011,Decoración,276.53,1,141.0,81
2025-07-14,SUC-05,PROD-011,Decoración,329.96,0,60.0,44
2025-07-21,SUC-05,PROD-011,Decoración,325.32,0,183.0,68
2025-07-28,SUC-05,PROD-011,Decoración,318.32,0,115.0,51
2025-08-04,SUC-05,PROD-011,Decoración,318.94,0,64.0,48
2025-08-11,SUC-05,PROD-011,Decoración,324.66,0,186.0,53
2025-08-18,SUC-05,PROD-011,Decoración,329.0,0,133.0,77
2025-08-25,SUC-05,PROD-011,Decoración,284.58,1,56.0,39
2025-09-01,SUC-05,PROD-011,Decoración,321.8,0,146.0,42
2025-09-08,SUC-05,PROD-011,Decoración,317.91,0,104.0,57
2025-09-15,SUC-05,PROD-011,Decoración,327.36,0,47.0,47
2025-09-22,SUC-05,PROD-011,Decoración,331.6,0,168.0,72
2025-09-29,SUC-05,PROD-011,Decoración,286.32,1,96.0,78
2025-10-06,SUC-05,PROD-011,Decoración,334.29,0,18.0,18
2025-10-13,SUC-05,PROD-011,Decoración,334.52,0,242.0,69
2025-10-20,SUC-05,PROD-011,Decoración,278.71,1,173.0,44
2025-10-27,SUC-05,PROD-011,Decoración,284.08,1,129.0,80
2025-11-03,SUC-05,PROD-011,Decoración,321.72,0,244.0,95
2025-11-10,SUC-05,PROD-011,Decoración,334.75,0,149.0,68
2025-11-17,SUC-05,PROD-011,Decoración,320.88,0,81.0,81
2025-11-24,SUC-05,PROD-011,Decoración,324.07,0,0.0,0
2025-12-01,SUC-05,PROD-011,Decoración,327.11,0,0.0,0
2025-12-08,SUC-05,PROD-011,Decoración,330.99,0,0.0,0
2025-12-15,SUC-05,PROD-011,Decoración,318.58,0,315.0,67
2025-12-22,SUC-05,PROD-011,Decoración,321.42,0,248.0,90
2024-01-01,SUC-01,PROD-012,Herramientas,247.28,0,253.0,52
2024-01-08,SUC-01,PROD-012,Herramientas,216.41,1,201.0,59
2024-01-15,SUC-01,PROD-012,Herramientas,211.68,1,142.0,79
2024-01-22,SUC-01,PROD-012,Herramientas,258.53,0,217.0,72
2024-01-29,SUC-01,PROD-012,Herramientas,-10.0,0,145.0,66
2024-02-05,SUC-01,PROD-012,Herramientas,246.92,0,79.0,79
2024-02-12,SUC-01,PROD-012,Herramientas,255.82,0,152.0,50
2024-02-19,SUC-01,PROD-012,Herramientas,248.91,0,102.0,37
2024-02-26,SUC-01,PROD-012,Herramientas,247.68,0,65.0,63
2024-03-04,SUC-01,PROD-012,Herramientas,254.4,0,196.0,64
2024-03-11,SUC-01,PROD-012,Herramientas,244.33,0,132.0,42
2024-03-18,SUC-01,PROD-012,Herramientas,216.47,1,90.0,62
2024-03-25,SUC-01,PROD-012,Herramientas,255.38,0,177.0,62
2024-04-01,SUC-01,PROD-012,Herramientas,249.76,0,115.0,56
2024-04-08,SUC-01,PROD-012,Herramientas,257.25,0,59.0,45
2024-04-15,SUC-01,PROD-012,Herramientas,257.36,0,150.0,45
2024-04-22,SUC-01,PROD-012,Herramientas,252.36,0,105.0,41
2024-04-29,SUC-01,PROD-012,Herramientas,247.97,0,64.0,42
2024-05-06,SUC-01,PROD-012,Herramientas,246.97,0,104.0,43
2024-05-13,SUC-01,PROD-012,Herramientas,249.61,0,61.0,42
2024-05-20,SUC-01,PROD-012,Herramientas,253.93,0,19.0,19
2024-05-27,SUC-01,PROD-012,Herramientas,215.39,1,167.0,16
2024-06-03,SUC-01,PROD-012,Herramientas,257.91,0,151.0,47
2024-06-10,SUC-01,PROD-012,Herramientas,222.33,1,104.0,40
2024-06-17,SUC-01,PROD-012,Herramientas,219.34,1,167.0,54
2024-06-24,SUC-01,PROD-012,Herramientas,253.33,0,113.0,47
2024-07-01,SUC-01,PROD-012,Herramientas,209.7,1,66.0,49
2024-07-08,SUC-01,PROD-012,Herramientas,245.05,0,136.0,37
2024-07-15,SUC-01,PROD-012,Herramientas,255.37,0,99.0,47
2024-07-22,SUC-01,PROD-012,Herramientas,257.53,0,52.0,25
2024-07-29,SUC-01,PROD-012,Herramientas,253.58,0,105.0,37
2024-08-05,SUC-01,PROD-012,Herramientas,256.63,0,68.0,50
2024-08-12,SUC-01,PROD-012,Herramientas,249.84,0,18.0,18
2024-08-19,SUC-01,PROD-012,Herramientas,249.47,0,137.0,35
2024-08-26,SUC-01,PROD-012,Herramientas,244.71,0,102.0,55
2024-09-02,SUC-01,PROD-012,Herramientas,212.52,1,47.0,47
2024-09-09,SUC-01,PROD-012,Herramientas,254.17,0,169.0,58
2024-09-16,SUC-01,PROD-012,Herramientas,253.88,0,111.0,60
2024-09-23,SUC-01,PROD-012,Herramientas,253.67,0,51.0,47
2024-09-30,SUC-01,PROD-012,Herramientas,251.55,0,167.0,54
2024-10-07,SUC-01,PROD-012,Herramientas,243.74,0,113.0,42
2024-10-14,SUC-01,PROD-012,Herramientas,255.51,0,71.0,55
2024-10-21,SUC-01,PROD-012,Herramientas,254.23,0,217.0,40
2024-10-28,SUC-01,PROD-012,Herramientas,252.96,0,177.0,61
2024-11-04,SUC-01,PROD-012,Herramientas,256.08,0,116.0,61
2024-11-11,SUC-01,PROD-012,Herramientas,211.67,1,251.0,93
2024-11-18,SUC-01,PROD-012,Herramientas,256.14,0,158.0,86
2024-11-25,SUC-01,PROD-012,Herramientas,246.85,0,72.0,72
2024-12-02,SUC-01,PROD-012,Herramientas,212.0,1,335.0,95
2024-12-09,SUC-01,PROD-012,Herramientas,256.23,0,240.0,82
2024-12-16,SUC-01,PROD-012,Herramientas,243.51,0,158.0,74
2024-12-23,SUC-01,PROD-012,Herramientas,254.42,0,84.0,84
2024-12-30,SUC-01,PROD-012,Herramientas,251.92,0,0.0,0
2025-01-06,SUC-01,PROD-012,Herramientas,245.83,0,0.0,0
2025-01-13,SUC-01,PROD-012,Herramientas,254.93,0,188.0,80
2025-01-20,SUC-01,PROD-012,Herramientas,257.67,0,108.0,65
2025-01-27,SUC-01,PROD-012,Herramientas,213.88,1,43.0,43
2025-02-03,SUC-01,PROD-012,Herramientas,256.59,0,185.0,75
2025-02-10,SUC-01,PROD-012,Herramientas,253.38,0,110.0,59
2025-02-17,SUC-01,PROD-012,Herramientas,209.41,1,51.0,51
2025-02-24,SUC-01,PROD-012,Herramientas,258.46,0,213.0,61
2025-03-03,SUC-01,PROD-012,Herramientas,250.75,0,152.0,74
2025-03-10,SUC-01,PROD-012,Herramientas,245.87,0,78.0,63
2025-03-17,SUC-01,PROD-012,Herramientas,244.56,0,162.0,53
2025-03-24,SUC-01,PROD-012,Herramientas,253.42,0,109.0,71
2025-03-31,SUC-01,PROD-012,Herramientas,253.4,0,38.0,31
2025-04-07,SUC-01,PROD-012,Herramientas,251.45,0,127.0,56
2025-04-14,SUC-01,PROD-012,Herramientas,212.83,1,71.0,31
2025-04-21,SUC-01,PROD-012,Herramientas,252.46,0,40.0,40
2025-04-28,SUC-01,PROD-012,Herramientas,254.69,0,163.0,40
2025-05-05,SUC-01,PROD-012,Herramientas,249.73,0,123.0,48
2025-05-12,SUC-01,PROD-012,Herramientas,256.92,0,75.0,39
2025-05-19,SUC-01,PROD-012,Herramientas,251.61,0,130.0,53
2025-05-26,SUC-01,PROD-012,Herramientas,250.31,0,77.0,39
2025-06-02,SUC-01,PROD-012,Herramientas,247.24,0,38.0,38
2025-06-09,SUC-01,PROD-012,Herramientas,249.1,0,122.0,54
2025-06-16,SUC-01,PROD-012,Herramientas,258.33,0,68.0,30
2025-06-23,SUC-01,PROD-012,Herramientas,246.69,0,38.0,38
2025-06-30,SUC-01,PROD-012,Herramientas,209.73,1,222.0,44
2025-07-07,SUC-01,PROD-012,Herramientas,249.23,0,178.0,50
2025-07-14,SUC-01,PROD-012,Herramientas,255.14,0,128.0,33
2025-07-21,SUC-01,PROD-012, HERRAMIENTAS ,213.73,1,247.0,59
2025-07-28,SUC-01,PROD-012,Herramientas,258.08,0,188.0,44
2025-08-04,SUC-01,PROD-012,Herramientas,248.46,0,,52
2025-08-11,SUC-01,PROD-012,Herramientas,213.41,1,92.0,59
2025-08-18,SUC-01,PROD-012,Herramientas,217.08,1,33.0,33
2025-08-25,SUC-01,PROD-012,Herramientas,246.94,0,0.0,0
2025-09-01,SUC-01,PROD-012,Herramientas,252.19,0,137.0,48
2025-09-08,SUC-01,PROD-012,Herramientas,256.4,0,89.0,58
2025-09-15,SUC-01,PROD-012,Herramientas,245.59,0,31.0,31
2025-09-22,SUC-01,PROD-012,Herramientas,254.94,0,168.0,47
2025-09-29,SUC-01,PROD-012,Herramientas,255.9,0,121.0,45
2025-10-06,SUC-01,PROD-012,Herramientas,254.37,0,76.0,71
2025-10-13,SUC-01,PROD-012,Herramientas,249.99,0,180.0,85
2025-10-20,SUC-01,PROD-012,Herramientas,245.84,0,95.0,27
2025-10-27,SUC-01,PROD-012,Herramientas,258.17,0,68.0,56
2025-11-03,SUC-01,PROD-012,Herramientas,216.14,1,311.0,68
2025-11-10,SUC-01,PROD-012,Herramientas,249.26,0,243.0,98
2025-11-17,SUC-01,PROD-012,Herramientas,253.01,0,145.0,50
2025-11-24,SUC-01,PROD-012,Herramientas,248.15,0,192.0,42
2025-12-01,SUC-01,PROD-012,Herramientas,249.99,0,150.0,74
2025-12-08,SUC-01,PROD-012,Herramientas,218.17,1,76.0,76
2025-12-15,SUC-01,PROD-012,Herramientas,256.55,0,179.0,75
2025-12-22,SUC-01,PROD-012,Herramientas,246.17,0,104.0,75
2024-01-01,SUC-02,PROD-012,Herramientas,211.57,1,237.0,92
2024-01-08,SUC-02,PROD-012,Herramientas,254.14,0,145.0,80
2024-01-15,SUC-02,PROD-012,Herramientas,254.17,0,65.0,65
2024-01-22,SUC-02,PROD-012,Herramientas,246.48,0,215.0,61
2024-01-29,SUC-02,PROD-012,Herramientas,250.6,0,154.0,83
2024-02-05,SUC-02,PROD-012,Herramientas,252.94,0,71.0,67
2024-02-12,SUC-02,PROD-012,Herramientas,257.0,0,259.0,62
2024-02-19,SUC-02,PROD-012,Herramientas,247.57,0,197.0,76
2024-02-26,SUC-02,PROD-012,Herramientas,256.58,0,121.0,57
2024-03-04,SUC-02,PROD-012,Herramientas,255.05,0,220.0,74
2024-03-11,SUC-02,PROD-012,Herramientas,247.73,0,146.0,73
2024-03-18,SUC-02,PROD-012,Herramientas,246.11,0,73.0,57
2024-03-25,SUC-02,PROD-012,Herramientas,251.2,0,145.0,41
2024-04-01,SUC-02,PROD-012,Herramientas,248.07,0,104.0,77
2024-04-08,SUC-02,PROD-012,Herramientas,246.41,0,27.0,27
2024-04-15,SUC-02,PROD-012,Herramientas,249.78,0,200.0,66
2024-04-22,SUC-02,PROD-012,Herramientas,258.47,0,134.0,39
2024-04-29,SUC-02,PROD-012,Herramientas,249.16,0,95.0,61
2024-05-06,SUC-02,PROD-012,Herramientas,248.47,0,151.0,51
2024-05-13,SUC-02,PROD-012,Herramientas,243.81,0,100.0,52
2024-05-20,SUC-02,PROD-012,Herramientas,246.36,0,48.0,33
2024-05-27,SUC-02,PROD-012,Herramientas,246.88,0,161.0,40
2024-06-03,SUC-02,PROD-012,Herramientas,253.99,0,121.0,40
2024-06-10,SUC-02,PROD-012,Herramientas,251.44,0,81.0,45
2024-06-17,SUC-02,PROD-012,Herramientas,244.18,0,145.0,42
2024-06-24,SUC-02,PROD-012,Herramientas,252.3,0,103.0,47
2024-07-01,SUC-02,PROD-012,Herramientas,254.9,0,56.0,33
2024-07-08,SUC-02,PROD-012,Herramientas,250.49,0,114.0,51
2024-07-15,SUC-02,PROD-012,Herramientas,244.42,0,63.0,52
2024-07-22,SUC-02,PROD-012,Herramientas,257.76,0,11.0,11
2024-07-29,SUC-02,PROD-012,Herramientas,256.92,0,169.0,38
2024-08-05,SUC-02,PROD-012,Herramientas,258.09,0,131.0,65
2024-08-12,SUC-02,PROD-012,Herramientas,217.43,1,66.0,55
2024-08-19,SUC-02,PROD-012,Herramientas,252.25,0,173.0,54
2024-08-26,SUC-02,PROD-012,Herramientas,252.02,0,119.0,55
2024-09-02,SUC-02,PROD-012,Herramientas,254.51,0,64.0,50
2024-09-09,SUC-02,PROD-012,Herramientas,255.74,0,246.0,63
2024-09-16,SUC-02,PROD-012,Herramientas,245.76,0,183.0,64
2024-09-23,SUC-02,PROD-012,Herramientas,251.05,0,119.0,58
2024-09-30,SUC-02,PROD-012,Herramientas,245.49,0,272.0,84
2024-10-07,SUC-02,PROD-012,Herramientas,252.24,0,188.0,42
2024-10-14,SUC-02,PROD-012,Herramientas,258.13,0,146.0,71
2024-10-21,SUC-02,PROD-012,Herramientas,255.2,0,253.0,41
2024-10-28,SUC-02,PROD-012,Herramientas,254.28,0,212.0,103
2024-11-04,SUC-02,PROD-012,Herramientas,256.98,0,109.0,86
2024-11-11,SUC-02,PROD-012,Herramientas,250.34,0,234.0,54
2024-11-18,SUC-02,PROD-012,Herramientas,222.28,1,180.0,75
2024-11-25,SUC-02,PROD-012,Herramientas,250.0,0,105.0,102
2024-12-02,SUC-02,PROD-012,Herramientas,244.5,0,279.0,99
2024-12-09,SUC-02,PROD-012,Herramientas,244.25,0,180.0,67
2024-12-16,SUC-02,PROD-012,Herramientas,246.85,0,113.0,95
2024-12-23,SUC-02,PROD-012,Herramientas,256.75,0,223.0,65
2024-12-30,SUC-02,PROD-012,Herramientas,250.58,0,158.0,35
2025-01-06,SUC-02,PROD-012,Herramientas,245.34,0,123.0,83
2025-01-13,SUC-02,PROD-012,Herramientas,249.55,0,248.0,94
2025-01-20,SUC-02,PROD-012,Herramientas,246.79,0,154.0,84
2025-01-27,SUC-02,PROD-012,Herramientas,217.01,1,70.0,58
2025-02-03,SUC-02,PROD-012,Herramientas,244.89,0,203.0,86
2025-02-10,SUC-02,PROD-012,Herramientas,254.86,0,117.0,69
2025-02-17,SUC-02,PROD-012,Herramientas,219.63,1,48.0,48
2025-02-24,SUC-02,PROD-012,Herramientas,253.07,0,0.0,0
2025-03-03,SUC-02,PROD-012,Herramientas,218.82,1,0.0,0
2025-03-10,SUC-02,PROD-012,Herramientas,210.29,1,0.0,0
2025-03-17,SUC-02,PROD-012,Herramientas,209.83,1,350.0,129
2025-03-24,SUC-02,PROD-012,Herramientas,215.14,1,221.0,70
2025-03-31,SUC-02,PROD-012,Herramientas,253.83,0,151.0,80
2025-04-07,SUC-02,PROD-012,Herramientas,256.98,0,226.0,86
2025-04-14,SUC-02,PROD-012,Herramientas,247.1,0,140.0,64
2025-04-21,SUC-02,PROD-012,Herramientas,249.14,0,76.0,71
2025-04-28,SUC-02,PROD-012,Herramientas,250.16,0,198.0,64
2025-05-05,SUC-02,PROD-012,Herramientas,257.36,0,134.0,61
2025-05-12,SUC-02,PROD-012,Herramientas,246.11,0,73.0,48
2025-05-19,SUC-02,PROD-012,Herramientas,252.79,0,167.0,53
2025-05-26,SUC-02,PROD-012,Herramientas,255.98,0,114.0,47
2025-06-02,SUC-02,PROD-012,Herramientas,213.95,1,67.0,31
2025-06-09,SUC-02,PROD-012,Herramientas,256.48,0,115.0,48
2025-06-16,SUC-02,PROD-012,Herramientas,244.75,0,67.0,48
2025-06-23,SUC-02,PROD-012,Herramientas,252.95,0,19.0,19
2025-06-30,SUC-02,PROD-012,Herramientas,247.5,0,0.0,0
2025-07-07,SUC-02,PROD-012,Herramientas,250.24,0,0.0,0
2025-07-14,SUC-02,PROD-012,Herramientas,243.54,0,0.0,0
2025-07-21,SUC-02,PROD-012,Herramientas,248.21,0,188.0,55
2025-07-28,SUC-02,PROD-012,Herramientas,247.71,0,133.0,58
2025-08-04,SUC-02,PROD-012,Herramientas,249.62,0,75.0,999999
2025-08-11,SUC-02,PROD-012,Herramientas,213.8,1,251.0,32
2025-08-18,SUC-02,PROD-012,Herramientas,251.74,0,219.0,54
2025-08-25,SUC-02,PROD-012,Herramientas,252.66,0,165.0,44
2025-09-01,SUC-02,PROD-012,Herramientas,250.89,0,173.0,60
2025-09-08,SUC-02,PROD-012,Herramientas,251.93,0,113.0,76
2025-09-15,SUC-02,PROD-012,Herramientas,247.01,0,37.0,37
2025-09-22,SUC-02,PROD-012,Herramientas,250.15,0,197.0,64
2025-09-29,SUC-02,PROD-012,Herramientas,252.52,0,133.0,79
2025-10-06,SUC-02,PROD-012,Herramientas,212.4,1,54.0,54
2025-10-13,SUC-02,PROD-012,Herramientas,213.98,1,435.0,117
2025-10-20,SUC-02,PROD-012,Herramientas,218.79,1,318.0,86
2025-10-27,SUC-02,PROD-012,Herramientas,249.25,0,232.0,81
2025-11-03,SUC-02,PROD-012,Herramientas,246.42,0,286.0,73
2025-11-10,SUC-02,PROD-012,Herramientas,248.23,0,213.0,116
2025-11-17,SUC-02,PROD-012,Herramientas,248.29,0,97.0,77
2025-11-24,SUC-02,PROD-012,Herramientas,216.3,1,407.0,117
2025-12-01,SUC-02,PROD-012,Herramientas,255.74,0,290.0,80
2025-12-08,SUC-02,PROD-012,Herramientas,257.9,0,210.0,71
2025-12-15,SUC-02,PROD-012,Herramientas,253.44,0,271.0,81
2025-12-22,SUC-02,PROD-012,Herramientas,256.37,0,190.0,92
2024-01-01,SUC-03,PROD-012,Herramientas,258.49,0,316.0,92
2024-01-08,SUC-03,PROD-012,Herramientas,252.88,0,224.0,110
2024-01-15,SUC-03,PROD-012,Herramientas,250.87,0,114.0,91
2024-01-22,SUC-03,PROD-012,Herramientas,256.14,0,215.0,78
2024-01-29,SUC-03,PROD-012,Herramientas,220.23,1,137.0,135
2024-02-05,SUC-03,PROD-012,Herramientas,255.44,0,2.0,2
2024-02-12,SUC-03,PROD-012,Herramientas,247.43,0,290.0,93
2024-02-19,SUC-03,PROD-012,Herramientas,246.19,0,197.0,88
2024-02-26,SUC-03,PROD-012,Herramientas,256.63,0,109.0,87
2024-03-04,SUC-03,PROD-012,Herramientas,248.33,0,217.0,75
2024-03-11,SUC-03,PROD-012,Herramientas,258.22,0,142.0,87
2024-03-18,SUC-03,PROD-012,Herramientas,247.42,0,55.0,55
2024-03-25,SUC-03,PROD-012,Herramientas,243.95,0,176.0,67
2024-04-01,SUC-03,PROD-012,Herramientas,219.79,1,109.0,64
2024-04-08,SUC-03,PROD-012,Herramientas,255.87,0,45.0,45
2024-04-15,SUC-03,PROD-012,Herramientas,248.95,0,216.0,79
2024-04-22,SUC-03,PROD-012,Herramientas,257.23,0,137.0,79
2024-04-29,SUC-03,PROD-012,Herramientas,244.98,0,58.0,58
2024-05-06,SUC-03,PROD-012,Herramientas,248.16,0,213.0,59
2024-05-13,SUC-03,PROD-012,Herramientas,245.15,0,154.0,60
2024-05-20,SUC-03,PROD-012,Herramientas,248.73,0,94.0,44
2024-05-27,SUC-03,PROD-012,Herramientas,245.06,0,200.0,63
2024-06-03,SUC-03,PROD-012,Herramientas,247.54,0,137.0,33
2024-06-10,SUC-03,PROD-012,Herramientas,251.3,0,104.0,53
2024-06-17,SUC-03,PROD-012,Herramientas,213.88,1,223.0,83
2024-06-24,SUC-03,PROD-012,Herramientas,246.09,0,140.0,45
2024-07-01,SUC-03,PROD-012,Herramientas,247.5,0,95.0,46
2024-07-08,SUC-03,PROD-012,Herramientas,251.24,0,186.0,42
2024-07-15,SUC-03,PROD-012,Herramientas,256.74,0,144.0,48
2024-07-22,SUC-03,PROD-012,Herramientas,253.98,0,96.0,56
2024-07-29,SUC-03,PROD-012,Herramientas,250.76,0,192.0,68
2024-08-05,SUC-03,PROD-012,Herramientas,250.81,0,124.0,53
2024-08-12,SUC-03,PROD-012,Herramientas,250.54,0,71.0,71
2024-08-19,SUC-03,PROD-012,Herramientas,243.64,0,277.0,62
2024-08-26,SUC-03,PROD-012,Herramientas,258.18,0,215.0,74
2024-09-02,SUC-03,PROD-012,Herramientas,247.97,0,141.0,75
2024-09-09,SUC-03,PROD-012,Herramientas,252.61,0,198.0,66
2024-09-16,SUC-03,PROD-012,Herramientas,253.92,0,132.0,58
2024-09-23,SUC-03,PROD-012,Herramientas,255.57,0,74.0,74
2024-09-30,SUC-03,PROD-012,Herramientas,257.68,0,307.0,76
2024-10-07,SUC-03,PROD-012,Herramientas,256.56,0,231.0,84
2024-10-14,SUC-03,PROD-012,Herramientas,251.02,0,147.0,93
2024-10-21,SUC-03,PROD-012,Herramientas,211.74,1,442.0,101
2024-10-28,SUC-03,PROD-012,Herramientas,247.72,0,341.0,94
2024-11-04,SUC-03,PROD-012,Herramientas,249.32,0,247.0,106
2024-11-11,SUC-03,PROD-012,Herramientas,250.91,0,370.0,115
2024-11-18,SUC-03,PROD-012,Herramientas,248.64,0,255.0,102
2024-11-25,SUC-03,PROD-012,Herramientas,211.42,1,153.0,77
2024-12-02,SUC-03,PROD-012,Herramientas,244.73,0,303.0,101
2024-12-09,SUC-03,PROD-012,Herramientas,254.54,0,202.0,102
2024-12-16,SUC-03,PROD-012,Herramientas,246.52,0,100.0,80
2024-12-23,SUC-03,PROD-012,Herramientas,250.31,0,254.0,113
2024-12-30,SUC-03,PROD-012,Herramientas,248.99,0,141.0,94
2025-01-06,SUC-03,PROD-012,Herramientas,251.34,0,47.0,47
2025-01-13,SUC-03,PROD-012,Herramientas,255.0,0,236.0,999999
2025-01-20,SUC-03,PROD-012,Herramientas,254.98,0,151.0,78
2025-01-27,SUC-03,PROD-012,Herramientas,244.76,0,73.0,73
2025-02-03,SUC-03,PROD-012,Herramientas,251.42,0,245.0,86
2025-02-10,SUC-03,PROD-012,Herramientas,248.04,0,159.0,80
2025-02-17,SUC-03,PROD-012,Herramientas,249.06,0,79.0,79
2025-02-24,SUC-03,PROD-012,Herramientas,212.42,1,397.0,84
2025-03-03,SUC-03,PROD-012,Herramientas,247.32,0,313.0,93
2025-03-10,SUC-03,PROD-012,Herramientas,247.77,0,220.0,83
2025-03-17,SUC-03,PROD-012,Herramientas,245.1,0,230.0,69
2025-03-24,SUC-03,PROD-012,Herramientas,245.0,0,161.0,62
2025-03-31,SUC-03,PROD-012,Herramientas,213.87,1,99.0,71
2025-04-07,SUC-03,PROD-012,Herramientas,257.68,0,230.0,82
2025-04-14,SUC-03,PROD-012,Herramientas,251.16,0,148.0,64
2025-04-21,SUC-03,PROD-012,Herramientas,253.33,0,84.0,65
2025-04-28,SUC-03,PROD-012,Herramientas,253.38,0,205.0,74
2025-05-05,SUC-03,PROD-012,Herramientas,244.03,0,131.0,74
2025-05-12,SUC-03,PROD-012,Herramientas,244.53,0,57.0,55
2025-05-19,SUC-03,PROD-012,Herramientas,253.62,0,234.0,59
2025-05-26,SUC-03,PROD-012,Herramientas,253.82,0,175.0,55
2025-06-02,SUC-03,PROD-012,Herramientas,245.83,0,120.0,81
2025-06-09,SUC-03,PROD-012,Herramientas,257.49,0,39.0,39
2025-06-16,SUC-03,PROD-012,Herramientas,217.69,1,0.0,0
2025-06-23,SUC-03,PROD-012,Herramientas,211.28,1,0.0,0
2025-06-30,SUC-03,PROD-012,Herramientas,245.03,0,158.0,66
2025-07-07,SUC-03,PROD-012,Herramientas,257.49,0,92.0,80
2025-07-14,SUC-03,PROD-012,Herramientas,248.62,0,12.0,12
2025-07-21,SUC-03,PROD-012,Herramientas,220.68,1,314.0,68
2025-07-28,SUC-03,PROD-012,Herramientas,244.07,0,246.0,68
2025-08-04,SUC-03,PROD-012,Herramientas,244.03,0,178.0,74
2025-08-11,SUC-03,PROD-012,Herramientas,245.23,0,187.0,55
2025-08-18,SUC-03,PROD-012,Herramientas,251.96,0,132.0,62
2025-08-25,SUC-03,PROD-012,Herramientas,256.75,0,70.0,70
2025-09-01,SUC-03,PROD-012,Herramientas,258.28,0,199.0,57
2025-09-08,SUC-03,PROD-012,Herramientas,249.49,0,142.0,68
2025-09-15,SUC-03,PROD-012,Herramientas,258.06,0,74.0,63
2025-09-22,SUC-03,PROD-012,Herramientas,251.84,0,270.0,91
2025-09-29,SUC-03,PROD-012,Herramientas,247.32,0,179.0,87
2025-10-06,SUC-03,PROD-012,Herramientas,249.84,0,92.0,62
2025-10-13,SUC-03,PROD-012,Herramientas,-10.0,0,335.0,106
2025-10-20,SUC-03,PROD-012,Herramientas,246.39,0,229.0,85
2025-10-27,SUC-03,PROD-012,Herramientas,248.48,0,144.0,109
2025-11-03,SUC-03,PROD-012,Herramientas,249.39,0,259.0,98
2025-11-10,SUC-03,PROD-012,Herramientas,218.66,1,161.0,69
2025-11-17,SUC-03,PROD-012,Herramientas,251.02,0,92.0,92
2025-11-24,SUC-03,PROD-012,Herramientas,219.99,1,-5.0,128
2025-12-01,SUC-03,PROD-012,Herramientas,245.68,0,407.0,116
2025-12-08,SUC-03,PROD-012,Herramientas,255.99,0,291.0,113
2025-12-15,SUC-03,PROD-012, HERRAMIENTAS ,255.61,0,255.0,102
2025-12-22,SUC-03,PROD-012,Herramientas,219.28,1,153.0,135
2024-01-01,SUC-04,PROD-012,Herramientas,251.5,0,266.0,67
2024-01-08,SUC-04,PROD-012,Herramientas,,0,199.0,88
2024-01-15,SUC-04,PROD-012,Herramientas,245.85,0,111.0,66
2024-01-22,SUC-04,PROD-012,Herramientas,257.64,0,314.0,79
2024-01-29,SUC-04,PROD-012,Herramientas,244.64,0,235.0,99
2024-02-05,SUC-04,PROD-012,Herramientas,249.43,0,136.0,100
2024-02-12,SUC-04,PROD-012,Herramientas,253.45,0,257.0,100
2024-02-19,SUC-04,PROD-012,Herramientas,258.16,0,157.0,100
2024-02-26,SUC-04,PROD-012,Herramientas,246.59,0,57.0,57
2024-03-04,SUC-04,PROD-012,Herramientas,252.79,0,236.0,92
2024-03-11,SUC-04,PROD-012,Herramientas,258.45,0,144.0,69
2024-03-18,SUC-04,PROD-012,Herramientas,245.25,0,75.0,75
2024-03-25,SUC-04,PROD-012,Herramientas,249.8,0,303.0,86
2024-04-01,SUC-04,PROD-012,Herramientas,244.18,0,217.0,75
2024-04-08,SUC-04,PROD-012,Herramientas,249.08,0,142.0,81
2024-04-15,SUC-04,PROD-012,Herramientas,254.93,0,242.0,60
2024-04-22,SUC-04,PROD-012,Herramientas,215.46,1,182.0,75
2024-04-29,SUC-04,PROD-012,Herramientas,247.65,0,107.0,73
2024-05-06,SUC-04,PROD-012,Herramientas,256.04,0,267.0,66
2024-05-13,SUC-04,PROD-012,Herramientas,252.62,0,201.0,63
2024-05-20,SUC-04,PROD-012,Herramientas,252.55,0,138.0,65
2024-05-27,SUC-04,PROD-012,Herramientas,246.21,0,241.0,62
2024-06-03,SUC-04,PROD-012,Herramientas,246.81,0,179.0,44
2024-06-10,SUC-04,PROD-012,Herramientas,246.11,0,135.0,61
2024-06-17,SUC-04,PROD-012,Herramientas,258.11,0,74.0,57
2024-06-24,SUC-04,PROD-012,Herramientas,244.56,0,17.0,17
2024-07-01,SUC-04,PROD-012,Herramientas,253.12,0,0.0,0
2024-07-08,SUC-04,PROD-012,Herramientas,253.76,0,257.0,42
2024-07-15,SUC-04,PROD-012,Herramientas,250.85,0,215.0,58
2024-07-22,SUC-04,PROD-012,Herramientas,248.02,0,157.0,70
2024-07-29,SUC-04,PROD-012,Herramientas,253.28,0,87.0,52
2024-08-05,SUC-04,PROD-012,Herramientas,251.72,0,35.0,35
2024-08-12,SUC-04,PROD-012,Herramientas,216.84,1,0.0,0
2024-08-19,SUC-04,PROD-012,Herramientas,244.55,0,268.0,102
2024-08-26,SUC-04,PROD-012,Herramientas,253.11,0,166.0,78
2024-09-02,SUC-04,PROD-012,Herramientas,254.25,0,88.0,76
2024-09-09,SUC-04,PROD-012,Herramientas,244.69,0,263.0,84
2024-09-16,SUC-04,PROD-012,Herramientas,247.9,0,179.0,81
2024-09-23,SUC-04,PROD-012,Herramientas,247.27,0,98.0,72
2024-09-30,SUC-04,PROD-012,Herramientas,251.21,0,372.0,108
2024-10-07,SUC-04,PROD-012,Herramientas,251.18,0,264.0,92
2024-10-14,SUC-04,PROD-012,Herramientas,216.2,1,172.0,93
2024-10-21,SUC-04,PROD-012,Herramientas,254.72,0,306.0,81
2024-10-28,SUC-04,PROD-012,Herramientas,249.13,0,225.0,81
2024-11-04,SUC-04,PROD-012,Herramientas,254.83,0,144.0,100
2024-11-11,SUC-04,PROD-012,Herramientas,209.77,1,508.0,216
2024-11-18,SUC-04,PROD-012,Herramientas,245.64,0,292.0,123
2024-11-25,SUC-04,PROD-012,Herramientas,256.78,0,169.0,102
2024-12-02,SUC-04,PROD-012,Herramientas,254.76,0,334.0,120
2024-12-09,SUC-04,PROD-012,Herramientas,247.22,0,214.0,69
2024-12-16,SUC-04,PROD-012,Herramientas,256.33,0,145.0,133
2024-12-23,SUC-04,PROD-012,Herramientas,252.34,0,308.0,144
2024-12-30,SUC-04,PROD-012,Herramientas,249.78,0,164.0,119
2025-01-06,SUC-04,PROD-012,Herramientas,252.29,0,45.0,45
2025-01-13,SUC-04,PROD-012,Herramientas,250.6,0,344.0,118
2025-01-20,SUC-04,PROD-012,Herramientas,247.62,0,226.0,103
2025-01-27,SUC-04,PROD-012,Herramientas,255.19,0,123.0,89
2025-02-03,SUC-04,PROD-012,Herramientas,216.66,1,410.0,130
2025-02-10,SUC-04,PROD-012,Herramientas,250.61,0,280.0,113
2025-02-17,SUC-04,PROD-012,Herramientas,216.54,1,167.0,149
2025-02-24,SUC-04,PROD-012,Herramientas,257.14,0,320.0,90
2025-03-03,SUC-04,PROD-012,Herramientas,258.24,0,230.0,118
2025-03-10,SUC-04,PROD-012,Herramientas,245.16,0,112.0,72
2025-03-17,SUC-04,PROD-012,Herramientas,249.9,0,325.0,101
2025-03-24,SUC-04,PROD-012,Herramientas,212.99,1,224.0,127
2025-03-31,SUC-04,PROD-012,Herramientas,247.57,0,97.0,97
2025-04-07,SUC-04,PROD-012,Herramientas,212.79,1,335.0,70
2025-04-14,SUC-04,PROD-012,Herramientas,246.02,0,265.0,97
2025-04-21,SUC-04,PROD-012,Herramientas,248.69,0,168.0,89
2025-04-28,SUC-04,PROD-012,Herramientas,244.8,0,197.0,85
2025-05-05,SUC-04,PROD-012,Herramientas,250.81,0,112.0,67
2025-05-12,SUC-04,PROD-012,Herramientas,254.38,0,45.0,45
2025-05-19,SUC-04,PROD-012,Herramientas,246.08,0,251.0,75
2025-05-26,SUC-04,PROD-012,Herramientas,255.84,0,176.0,65
2025-06-02,SUC-04,PROD-012,Herramientas,219.69,1,111.0,57
2025-06-09,SUC-04,PROD-012,Herramientas,255.0,0,239.0,57
2025-06-16,SUC-04,PROD-012,Herramientas,254.76,0,182.0,55
2025-06-23,SUC-04,PROD-012,Herramientas,250.96,0,127.0,50
2025-06-30,SUC-04,PROD-012,Herramientas,245.98,0,238.0,68
2025-07-07,SUC-04,PROD-012,Herramientas,255.62,0,170.0,71
2025-07-14,SUC-04,PROD-012,Herramientas,248.09,0,99.0,72
2025-07-21,SUC-04,PROD-012,Herramientas,254.97,0,197.0,79
2025-07-28,SUC-04,PROD-012,Herramientas,251.26,0,118.0,87
2025-08-04,SUC-04,PROD-012,Herramientas,250.15,0,31.0,31
2025-08-11,SUC-04,PROD-012,Herramientas,246.59,0,320.0,107
2025-08-18,SUC-04,PROD-012,Herramientas,253.92,0,213.0,61
2025-08-25,SUC-04,PROD-012,Herramientas,258.06,0,152.0,64
2025-09-01,SUC-04,PROD-012,Herramientas,254.09,0,284.0,86
2025-09-08,SUC-04,PROD-012,Herramientas,256.1,0,198.0,109
2025-09-15,SUC-04,PROD-012,Herramientas,244.88,0,89.0,89
2025-09-22,SUC-04,PROD-012,Herramientas,256.83,0,236.0,81
2025-09-29,SUC-04,PROD-012,Herramientas,256.87,0,155.0,109
2025-10-06,SUC-04,PROD-012,Herramientas,252.38,0,46.0,46
2025-10-13,SUC-04,PROD-012,Herramientas,249.73,0,345.0,130
2025-10-20,SUC-04,PROD-012,Herramientas,247.11,0,215.0,119
2025-10-27,SUC-04,PROD-012,Herramientas,253.09,0,96.0,93
2025-11-03,SUC-04,PROD-012,Herramientas,252.94,0,352.0,95
2025-11-10,SUC-04,PROD-012,Herramientas,219.02,1,257.0,165
2025-11-17,SUC-04,PROD-012,Herramientas,252.7,0,92.0,92
2025-11-24,SUC-04,PROD-012,Herramientas,256.22,0,344.0,108
2025-12-01,SUC-04,PROD-012,Herramientas,256.5,0,236.0,106
2025-12-08,SUC-04,PROD-012,Herramientas,246.04,0,130.0,97
2025-12-15,SUC-04,PROD-012,Herramientas,244.17,0,484.0,106
2025-12-22,SUC-04,PROD-012,Herramientas,253.06,0,378.0,95
2024-01-01,SUC-05,PROD-012,Herramientas,253.76,0,339.0,107
2024-01-08,SUC-05,PROD-012,Herramientas,210.03,1,232.0,181
2024-01-15,SUC-05,PROD-012,Herramientas,258.03,0,51.0,51
2024-01-22,SUC-05,PROD-012,Herramientas,249.98,0,416.0,107
2024-01-29,SUC-05,PROD-012,Herramientas,209.46,1,309.0,143
2024-02-05,SUC-05,PROD-012,Herramientas,251.47,0,166.0,142
2024-02-12,SUC-05,PROD-012,Herramientas,254.7,0,370.0,131
2024-02-19,SUC-05,PROD-012,Herramientas,251.91,0,239.0,140
2024-02-26,SUC-05,PROD-012,Herramientas,214.71,1,99.0,97
2024-03-04,SUC-05,PROD-012,Herramientas,257.18,0,290.0,135
2024-03-11,SUC-05,PROD-012,Herramientas,250.94,0,155.0,92
2024-03-18,SUC-05,PROD-012,Herramientas,244.69,0,63.0,63
2024-03-25,SUC-05,PROD-012,Herramientas,218.42,1,0.0,0
2024-04-01,SUC-05,PROD-012,Herramientas,221.96,1,0.0,0
2024-04-08,SUC-05,PROD-012,Herramientas,245.05,0,0.0,0
2024-04-15,SUC-05,PROD-012,Herramientas,249.65,0,312.0,98
2024-04-22,SUC-05,PROD-012,Herramientas,246.65,0,214.0,87
2024-04-29,SUC-05,PROD-012,Herramientas,217.38,1,127.0,100
2024-05-06,SUC-05,PROD-012,Herramientas,246.89,0,242.0,91
2024-05-13,SUC-05,PROD-012,Herramientas,215.49,1,151.0,123
2024-05-20,SUC-05,PROD-012,Herramientas,243.77,0,28.0,28
2024-05-27,SUC-05,PROD-012,Herramientas,244.72,0,269.0,62
2024-06-03,SUC-05,PROD-012,Herramientas,250.32,0,207.0,75
2024-06-10,SUC-05,PROD-012,Herramientas,216.53,1,132.0,83
2024-06-17,SUC-05,PROD-012,Herramientas,254.33,0,267.0,76
2024-06-24,SUC-05,PROD-012,Herramientas,248.58,0,191.0,98
2024-07-01,SUC-05,PROD-012,Herramientas,255.68,0,93.0,75
2024-07-08,SUC-05,PROD-012,Herramientas,217.28,1,389.0,109
2024-07-15,SUC-05,PROD-012,Herramientas,246.95,0,280.0,93
2024-07-22,SUC-05,PROD-012,Herramientas,217.9,1,187.0,83
2024-07-29,SUC-05,PROD-012,Herramientas,257.05,0,249.0,97
2024-08-05,SUC-05,PROD-012,Herramientas,243.6,0,152.0,81
2024-08-12,SUC-05,PROD-012,Herramientas,253.53,0,71.0,59
2024-08-19,SUC-05,PROD-012,Herramientas,244.38,0,12.0,12
2024-08-26,SUC-05,PROD-012,Herramientas,255.67,0,0.0,0
2024-09-02,SUC-05,PROD-012,Herramientas,246.04,0,0.0,0
2024-09-09,SUC-05,PROD-012,Herramientas,258.11,0,374.0,116
2024-09-16,SUC-05,PROD-012,Herramientas,221.16,1,258.0,131
2024-09-23,SUC-05,PROD-012,Herramientas,247.26,0,127.0,101
2024-09-30,SUC-05,PROD-012,Herramientas,211.41,1,573.0,108
2024-10-07,SUC-05,PROD-012,Herramientas,258.26,0,465.0,100
2024-10-14,SUC-05,PROD-012,Herramientas,257.68,0,365.0,134
2024-10-21,SUC-05,PROD-012,Herramientas,257.47,0,442.0,96
2024-10-28,SUC-05,PROD-012,Herramientas,210.86,1,346.0,141
2024-11-04,SUC-05,PROD-012,Herramientas,245.27,0,205.0,136
2024-11-11,SUC-05,PROD-012,Herramientas,251.06,0,496.0,117
2024-11-18,SUC-05,PROD-012,Herramientas,257.77,0,379.0,158
2024-11-25,SUC-05,PROD-012,Herramientas,222.01,1,221.0,149
2024-12-02,SUC-05,PROD-012,Herramientas,248.03,0,438.0,151
2024-12-09,SUC-05,PROD-012,Herramientas,251.44,0,287.0,141
2024-12-16,SUC-05,PROD-012,Herramientas,252.79,0,146.0,100
2024-12-23,SUC-05,PROD-012,Herramientas,210.02,1,615.0,128
2024-12-30,SUC-05,PROD-012,Herramientas,216.25,1,487.0,192
2025-01-06,SUC-05,PROD-012,Herramientas,253.19,0,295.0,109
2025-01-13,SUC-05,PROD-012,Herramientas,256.12,0,321.0,129
2025-01-20,SUC-05,PROD-012,Herramientas,249.26,0,192.0,130
2025-01-27,SUC-05,PROD-012,Herramientas,212.06,1,62.0,62
2025-02-03,SUC-05,PROD-012,Herramientas,243.53,0,411.0,123
2025-02-10,SUC-05,PROD-012,Herramientas,250.58,0,288.0,134
2025-02-17,SUC-05,PROD-012,Herramientas,254.25,0,154.0,154
2025-02-24,SUC-05,PROD-012,Herramientas,210.01,1,0.0,0
2025-03-03,SUC-05,PROD-012,Herramientas,209.9,1,0.0,0
2025-03-10,SUC-05,PROD-012,Herramientas,244.47,0,0.0,0
2025-03-17,SUC-05,PROD-012,Herramientas,250.93,0,0.0,0
2025-03-24,SUC-05,PROD-012,Herramientas,220.91,1,0.0,0
2025-03-31,SUC-05,PROD-012,Herramientas,251.65,0,0.0,0
2025-04-07,SUC-05,PROD-012,Herramientas,218.03,1,0.0,0
2025-04-14,SUC-05,PROD-012,Herramientas,252.45,0,0.0,0
2025-04-21,SUC-05,PROD-012,Herramientas,255.61,0,0.0,0
2025-04-28,SUC-05,PROD-012,Herramientas,250.15,0,0.0,0
2025-05-05,SUC-05,PROD-012,Herramientas,250.97,0,0.0,0
2025-05-12,SUC-05,PROD-012,Herramientas,249.93,0,0.0,0
2025-05-19,SUC-05,PROD-012,Herramientas,,0,222.0,69
2025-05-26,SUC-05,PROD-012,Herramientas,257.66,0,153.0,78
2025-06-02,SUC-05,PROD-012,Herramientas,253.74,0,75.0,46
2025-06-09,SUC-05,PROD-012,Herramientas,247.01,0,248.0,60
2025-06-16,SUC-05,PROD-012,Herramientas,251.26,0,188.0,61
2025-06-23,SUC-05,PROD-012,Herramientas,220.11,1,127.0,127
2025-06-30,SUC-05,PROD-012,Herramientas,253.29,0,286.0,96
2025-07-07,SUC-05,PROD-012,Herramientas,255.77,0,190.0,54
2025-07-14,SUC-05,PROD-012,Herramientas,256.82,0,136.0,76
2025-07-21,SUC-05,PROD-012,Herramientas,251.21,0,308.0,70
2025-07-28,SUC-05,PROD-012,Herramientas,249.34,0,238.0,72
2025-08-04,SUC-05,PROD-012,Herramientas,213.43,1,166.0,122
2025-08-11,SUC-05,PROD-012,Herramientas,252.39,0,271.0,117
2025-08-18,SUC-05,PROD-012,Herramientas,248.88,0,154.0,138
2025-08-25,SUC-05,PROD-012,Herramientas,250.35,0,16.0,16
2025-09-01,SUC-05,PROD-012,Herramientas,246.19,0,364.0,74
2025-09-08,SUC-05,PROD-012,Herramientas,249.37,0,290.0,110
2025-09-15,SUC-05,PROD-012,Herramientas,254.2,0,180.0,88
2025-09-22,SUC-05,PROD-012,Herramientas,247.83,0,347.0,111
2025-09-29,SUC-05,PROD-012,Herramientas,245.81,0,236.0,122
2025-10-06,SUC-05,PROD-012,Herramientas,245.91,0,114.0,114
2025-10-13,SUC-05,PROD-012,Herramientas,250.97,0,353.0,97
2025-10-20,SUC-05,PROD-012,Herramientas,255.81,0,256.0,113
2025-10-27,SUC-05,PROD-012,Herramientas,252.32,0,143.0,126
2025-11-03,SUC-05,PROD-012,Herramientas,255.5,0,17.0,17
2025-11-10,SUC-05,PROD-012,Herramientas,245.72,0,0.0,0
2025-11-17,SUC-05,PROD-012,Herramientas,216.43,1,0.0,0
2025-11-24,SUC-05,PROD-012,Herramientas,211.65,1,510.0,190
2025-12-01,SUC-05,PROD-012,Herramientas,258.06,0,320.0,167
2025-12-08,SUC-05,PROD-012,Herramientas,217.45,1,153.0,153
2025-12-15,SUC-05,PROD-012,Herramientas,245.31,0,560.0,297
2025-12-22,SUC-05,PROD-012,Herramientas,256.56,0,263.0,152
2024-01-01,SUC-01,PROD-013,Iluminación,463.31,0,133.0,42
2024-01-08,SUC-01,PROD-013,Iluminación,463.02,0,91.0,27
2024-01-15,SUC-01,PROD-013,Iluminación,453.38,0,64.0,37
2024-01-22,SUC-01,PROD-013,Iluminación,446.35,0,159.0,35
2024-01-29,SUC-01,PROD-013,Iluminación,462.16,0,124.0,41
2024-02-05,SUC-01,PROD-013,Iluminación,456.31,0,83.0,53
2024-02-12,SUC-01,PROD-013,Iluminación,452.68,0,30.0,30
2024-02-19,SUC-01,PROD-013,Iluminación,453.05,0,0.0,0
2024-02-26,SUC-01,PROD-013,Iluminación,463.43,0,0.0,0
2024-03-04,SUC-01,PROD-013,Iluminación,458.12,0,158.0,50
2024-03-11,SUC-01,PROD-013,Iluminación,456.95,0,108.0,67
2024-03-18,SUC-01,PROD-013,Iluminación,388.59,1,41.0,41
2024-03-25,SUC-01,PROD-013,Iluminación,444.24,0,145.0,61
2024-04-01,SUC-01,PROD-013,Iluminación,439.81,0,84.0,65
2024-04-08,SUC-01,PROD-013,Iluminación,451.01,0,19.0,19
2024-04-15,SUC-01,PROD-013,Iluminación,446.6,0,223.0,51
2024-04-22,SUC-01,PROD-013,Iluminación,452.36,0,172.0,62
2024-04-29,SUC-01,PROD-013,Iluminación,451.79,0,110.0,63
2024-05-06,SUC-01,PROD-013,Iluminación,460.43,0,195.0,57
2024-05-13,SUC-01,PROD-013,Iluminación,441.49,0,138.0,63
2024-05-20,SUC-01,PROD-013,Iluminación,441.5,0,75.0,64
2024-05-27,SUC-01,PROD-013,Iluminación,396.41,1,184.0,54
2024-06-03,SUC-01,PROD-013,Iluminación,454.04,0,130.0,59
2024-06-10,SUC-01,PROD-013,Iluminación,461.7,0,71.0,44
fecha-invalida,SUC-01,PROD-013,Iluminación,457.41,0,129.0,54
2024-06-24,SUC-01,PROD-013,Iluminación,449.59,0,75.0,57
2024-07-01,SUC-01,PROD-013,Iluminación,439.16,0,18.0,18
2024-07-08,SUC-01,PROD-013,Iluminación,395.96,1,0.0,0
2024-07-15,SUC-01,PROD-013,Iluminación,451.95,0,0.0,0
2024-07-22,SUC-01,PROD-013,Iluminación,456.77,0,0.0,0
2024-07-29,SUC-01,PROD-013,Iluminación,440.17,0,139.0,54
2024-08-05,SUC-01,PROD-013,Iluminación,459.76,0,85.0,31
2024-08-12,SUC-01,PROD-013,Iluminación,462.97,0,-5.0,32
2024-08-19,SUC-01,PROD-013,Iluminación,398.65,1,143.0,51
2024-08-26,SUC-01,PROD-013,Iluminación,452.61,0,92.0,40
2024-09-02,SUC-01,PROD-013,Iluminación,457.2,0,52.0,31
2024-09-09,SUC-01,PROD-013,Iluminación,456.99,0,84.0,25
2024-09-16,SUC-01,PROD-013,Iluminación,439.74,0,59.0,38
2024-09-23,SUC-01,PROD-013,Iluminación,461.25,0,21.0,21
2024-09-30,SUC-01,PROD-013,Iluminación,442.94,0,79.0,30
2024-10-07,SUC-01,PROD-013,Iluminación,443.16,0,49.0,29
2024-10-14,SUC-01,PROD-013,Iluminación,445.34,0,20.0,20
2024-10-21,SUC-01,PROD-013,Iluminación,451.86,0,131.0,35
2024-10-28,SUC-01,PROD-013,Iluminación,445.47,0,96.0,27
2024-11-04,SUC-01,PROD-013,Iluminación,461.75,0,69.0,30
2024-11-11,SUC-01,PROD-013,Iluminación,454.95,0,131.0,24
2024-11-18,SUC-01,PROD-013,Iluminación,387.69,1,107.0,38
2024-11-25,SUC-01,PROD-013,Iluminación,463.36,0,69.0,38
2024-12-02,SUC-01,PROD-013,Iluminación,457.98,0,104.0,34
2024-12-09,SUC-01,PROD-013,Iluminación,443.45,0,70.0,36
2024-12-16,SUC-01,PROD-013,Iluminación,445.46,0,34.0,34
2024-12-23,SUC-01,PROD-013,Iluminación,463.02,0,167.0,35
2024-12-30,SUC-01,PROD-013,Iluminación,440.83,0,132.0,48
2025-01-06,SUC-01,PROD-013,Iluminación,441.29,0,84.0,43
2025-01-13,SUC-01,PROD-013,Iluminación,456.5,0,158.0,44
2025-01-20,SUC-01,PROD-013,Iluminación,448.44,0,114.0,37
2025-01-27,SUC-01,PROD-013,Iluminación,447.8,0,77.0,39
2025-02-03,SUC-01,PROD-013,Iluminación,445.73,0,210.0,46
2025-02-10,SUC-01,PROD-013,Iluminación,455.55,0,164.0,47
2025-02-17,SUC-01,PROD-013,Iluminación,462.59,0,117.0,46
2025-02-24,SUC-01,PROD-013,Iluminación,378.47,1,312.0,63
2025-03-03,SUC-01,PROD-013,Iluminación,452.97,0,249.0,48
2025-03-10,SUC-01,PROD-013,Iluminación,395.98,1,201.0,59
2025-03-17,SUC-01,PROD-013, ILUMINACIÓN ,455.16,0,211.0,51
2025-03-24,SUC-01,PROD-013,Iluminación,449.58,0,160.0,53
2025-03-31,SUC-01,PROD-013,Iluminación,439.35,0,107.0,49
2025-04-07,SUC-01,PROD-013,Iluminación,446.16,0,167.0,51
2025-04-14,SUC-01,PROD-013,Iluminación,465.91,0,116.0,42
2025-04-21,SUC-01,PROD-013,Iluminación,448.85,0,74.0,52
2025-04-28,SUC-01,PROD-013,Iluminación,443.3,0,213.0,57
2025-05-05,SUC-01,PROD-013,Iluminación,460.13,0,156.0,60
2025-05-12,SUC-01,PROD-013,Iluminación,439.11,0,96.0,66
2025-05-19,SUC-01,PROD-013,Iluminación,464.7,0,207.0,63
2025-05-26,SUC-01,PROD-013,Iluminación,442.64,0,144.0,48
2025-06-02,SUC-01,PROD-013,Iluminación,457.03,0,96.0,54
2025-06-09,SUC-01,PROD-013,Iluminación,444.71,0,158.0,37
2025-06-16,SUC-01,PROD-013,Iluminación,440.14,0,121.0,56
2025-06-23,SUC-01,PROD-013,Iluminación,465.83,0,65.0,43
2025-06-30,SUC-01,PROD-013,Iluminación,458.4,0,112.0,42
2025-07-07,SUC-01,PROD-013,Iluminación,441.75,0,70.0,47
2025-07-14,SUC-01,PROD-013,Iluminación,444.6,0,23.0,23
2025-07-21,SUC-01,PROD-013,Iluminación,390.74,1,181.0,53
2025-07-28,SUC-01,PROD-013,Iluminación,392.33,1,128.0,48
2025-08-04,SUC-01,PROD-013,Iluminación,449.16,0,80.0,42
2025-08-11,SUC-01,PROD-013,Iluminación,458.8,0,86.0,36
2025-08-18,SUC-01,PROD-013,Iluminación,399.51,1,50.0,39
2025-08-25,SUC-01,PROD-013,Iluminación,447.58,0,11.0,11
2025-09-01,SUC-01,PROD-013,Iluminación,450.29,0,84.0,39
2025-09-08,SUC-01,PROD-013,Iluminación,443.75,0,45.0,38
2025-09-15,SUC-01,PROD-013,Iluminación,440.59,0,7.0,7
2025-09-22,SUC-01,PROD-013,Iluminación,445.7,0,112.0,25
2025-09-29,SUC-01,PROD-013,Iluminación,455.21,0,87.0,38
2025-10-06,SUC-01,PROD-013,Iluminación,439.45,0,49.0,31
2025-10-13,SUC-01,PROD-013,Iluminación,447.23,0,127.0,42
2025-10-20,SUC-01,PROD-013,Iluminación,455.16,0,85.0,38
2025-10-27,SUC-01,PROD-013,Iluminación,399.81,1,47.0,27
2025-11-03,SUC-01,PROD-013,Iluminación,455.03,0,105.0,40
2025-11-10,SUC-01,PROD-013,Iluminación,465.73,0,65.0,27
2025-11-17,SUC-01,PROD-013,Iluminación,389.48,1,38.0,34
2025-11-24,SUC-01,PROD-013,Iluminación,462.68,0,103.0,31
2025-12-01,SUC-01,PROD-013,Iluminación,447.12,0,72.0,41
2025-12-08,SUC-01,PROD-013,Iluminación,462.57,0,31.0,31
2025-12-15,SUC-01,PROD-013,Iluminación,464.69,0,115.0,36
2025-12-22,SUC-01,PROD-013,Iluminación,391.11,1,79.0,30
2024-01-01,SUC-02,PROD-013,Iluminación,438.9,0,161.0,52
2024-01-08,SUC-02,PROD-013,Iluminación,452.06,0,109.0,69
fecha-invalida,SUC-02,PROD-013,Iluminación,381.73,1,40.0,40
2024-01-22,SUC-02,PROD-013,Iluminación,438.98,0,153.0,58
2024-01-29,SUC-02,PROD-013,Iluminación,441.58,0,95.0,52
2024-02-05,SUC-02,PROD-013,Iluminación,449.19,0,43.0,43
2024-02-12,SUC-02,PROD-013,Iluminación,450.66,0,189.0,56
2024-02-19,SUC-02,PROD-013,Iluminación,451.85,0,133.0,65
2024-02-26,SUC-02,PROD-013,Iluminación,465.93,0,68.0,68
2024-03-04,SUC-02,PROD-013,Iluminación,395.19,1,283.0,80
2024-03-11,SUC-02,PROD-013,Iluminación,457.12,0,203.0,106
2024-03-18,SUC-02,PROD-013,Iluminación,460.6,0,97.0,74
2024-03-25,SUC-02,PROD-013,Iluminación,383.38,1,380.0,119
2024-04-01,SUC-02,PROD-013,Iluminación,464.54,0,261.0,71
2024-04-08,SUC-02,PROD-013,Iluminación,459.62,0,190.0,76
2024-04-15,SUC-02,PROD-013,Iluminación,456.49,0,199.0,55
fecha-invalida,SUC-02,PROD-013,Iluminación,444.42,0,144.0,56
2024-04-29,SUC-02,PROD-013,Iluminación,397.13,1,-5.0,88
2024-05-06,SUC-02,PROD-013,Iluminación,384.11,1,0.0,0
2024-05-13,SUC-02,PROD-013,Iluminación,441.35,0,0.0,0
2024-05-20,SUC-02,PROD-013,Iluminación,461.65,0,0.0,0
2024-05-27,SUC-02,PROD-013,Iluminación,457.14,0,198.0,58
2024-06-03,SUC-02,PROD-013,Iluminación,456.19,0,140.0,71
2024-06-10,SUC-02,PROD-013,Iluminación,456.11,0,69.0,69
2024-06-17,SUC-02,PROD-013,Iluminación,446.52,0,152.0,57
2024-06-24,SUC-02,PROD-013,Iluminación,449.7,0,95.0,57
2024-07-01,SUC-02,PROD-013,Iluminación,456.72,0,38.0,38
2024-07-08,SUC-02,PROD-013,Iluminación,448.91,0,213.0,58
2024-07-15,SUC-02,PROD-013,Iluminación,386.72,1,155.0,78
2024-07-22,SUC-02,PROD-013,Iluminación,455.9,0,77.0,67
2024-07-29,SUC-02,PROD-013,Iluminación,465.05,0,188.0,52
2024-08-05,SUC-02,PROD-013,Iluminación,390.92,1,136.0,71
2024-08-12,SUC-02,PROD-013,Iluminación,445.84,0,65.0,51
2024-08-19,SUC-02,PROD-013,Iluminación,440.78,0,14.0,14
2024-08-26,SUC-02,PROD-013,Iluminación,458.42,0,0.0,0
2024-09-02,SUC-02,PROD-013,Iluminación,384.47,1,0.0,0
2024-09-09,SUC-02,PROD-013,Iluminación,455.75,0,116.0,55
2024-09-16,SUC-02,PROD-013,Iluminación,439.38,0,61.0,34
2024-09-23,SUC-02,PROD-013,Iluminación,441.29,0,27.0,27
2024-09-30,SUC-02,PROD-013,Iluminación,458.82,0,110.0,32
2024-10-07,SUC-02,PROD-013,Iluminación,457.82,0,78.0,46
2024-10-14,SUC-02,PROD-013,Iluminación,450.9,0,32.0,32
2024-10-21,SUC-02,PROD-013,Iluminación,444.91,0,118.0,36
2024-10-28,SUC-02,PROD-013,Iluminación,448.73,0,82.0,49
2024-11-04,SUC-02,PROD-013,Iluminación,446.67,0,33.0,33
2024-11-11,SUC-02,PROD-013,Iluminación,-10.0,1,236.0,48
2024-11-18,SUC-02,PROD-013,Iluminación,387.2,1,188.0,66
2024-11-25,SUC-02,PROD-013,Iluminación,439.09,0,122.0,60
2024-12-02,SUC-02,PROD-013,Iluminación,460.89,0,139.0,43
2024-12-09,SUC-02,PROD-013,Iluminación,449.91,0,96.0,50
2024-12-16,SUC-02,PROD-013,Iluminación,443.12,0,46.0,46
2024-12-23,SUC-02,PROD-013,Iluminación,463.94,0,153.0,45
2024-12-30,SUC-02,PROD-013,Iluminación,383.28,1,108.0,68
2025-01-06,SUC-02,PROD-013,Iluminación,462.2,0,40.0,40
2025-01-13,SUC-02,PROD-013,Iluminación,451.47,0,0.0,0
2025-01-20,SUC-02,PROD-013,Iluminación,455.35,0,0.0,0
2025-01-27,SUC-02,PROD-013,Iluminación,450.44,0,0.0,0
2025-02-03,SUC-02,PROD-013,Iluminación,456.11,0,247.0,58
2025-02-10,SUC-02,PROD-013,Iluminación,453.77,0,189.0,53
2025-02-17,SUC-02,PROD-013,Iluminación,392.86,1,136.0,72
2025-02-24,SUC-02,PROD-013,Iluminación,385.38,1,364.0,90
2025-03-03,SUC-02,PROD-013,Iluminación,458.87,0,274.0,89
2025-03-10,SUC-02,PROD-013,Iluminación,450.34,0,185.0,79
2025-03-17,SUC-02,PROD-013,Iluminación,456.54,0,184.0,73
2025-03-24,SUC-02,PROD-013,Iluminación,454.12,0,111.0,71
2025-03-31,SUC-02,PROD-013,Iluminación,441.29,0,40.0,40
2025-04-07,SUC-02,PROD-013,Iluminación,445.64,0,236.0,65
2025-04-14,SUC-02,PROD-013,Iluminación,453.88,0,171.0,74
2025-04-21,SUC-02,PROD-013,Iluminación,453.88,0,97.0,54
2025-04-28,SUC-02,PROD-013,Iluminación,440.05,0,233.0,66
2025-05-05,SUC-02,PROD-013,Iluminación,396.46,1,167.0,96
2025-05-12,SUC-02,PROD-013,Iluminación,453.17,0,71.0,71
2025-05-19,SUC-02,PROD-013,Iluminación,439.24,0,232.0,999999
2025-05-26,SUC-02,PROD-013,Iluminación,460.96,0,154.0,118
2025-06-02,SUC-02,PROD-013,Iluminación,453.2,0,36.0,36
2025-06-09,SUC-02,PROD-013,Iluminación,463.45,0,144.0,58
2025-06-16,SUC-02,PROD-013,Iluminación,445.84,0,86.0,66
2025-06-23,SUC-02,PROD-013,Iluminación,386.53,1,20.0,20
2025-06-30,SUC-02,PROD-013,Iluminación,444.69,0,149.0,63
2025-07-07,SUC-02,PROD-013,Iluminación,441.33,0,86.0,44
2025-07-14,SUC-02,PROD-013,Iluminación,440.98,0,42.0,42
2025-07-21,SUC-02,PROD-013,Iluminación,443.14,0,138.0,45
2025-07-28,SUC-02,PROD-013,Iluminación,465.76,0,93.0,48
2025-08-04,SUC-02,PROD-013,Iluminación,451.23,0,45.0,45
2025-08-11,SUC-02,PROD-013,Iluminación,453.76,0,131.0,61
2025-08-18,SUC-02,PROD-013,Iluminación,465.61,0,70.0,38
2025-08-25,SUC-02,PROD-013,Iluminación,443.48,0,32.0,32
2025-09-01,SUC-02,PROD-013,Iluminación,459.21,0,0.0,0
2025-09-08,SUC-02,PROD-013,Iluminación,455.31,0,0.0,0
2025-09-15,SUC-02,PROD-013,Iluminación,452.83,0,0.0,0
2025-09-22,SUC-02,PROD-013,Iluminación,400.27,1,193.0,38
2025-09-29,SUC-02,PROD-013,Iluminación,462.44,0,155.0,37
2025-10-06,SUC-02,PROD-013,Iluminación,452.27,0,118.0,36
2025-10-13,SUC-02,PROD-013,Iluminación,-10.0,1,198.0,28
2025-10-20,SUC-02,PROD-013,Iluminación,382.97,1,170.0,65
2025-10-27,SUC-02,PROD-013,Iluminación,400.02,1,105.0,42
2025-11-03,SUC-02,PROD-013,Iluminación,461.46,0,116.0,48
2025-11-10,SUC-02,PROD-013,Iluminación,456.36,0,68.0,59
2025-11-17,SUC-02,PROD-013,Iluminación,462.82,0,9.0,9
2025-11-24,SUC-02,PROD-013,Iluminación,438.93,0,138.0,56
2025-12-01,SUC-02,PROD-013,Iluminación,377.98,1,82.0,56
2025-12-08,SUC-02,PROD-013,Iluminación,463.32,0,26.0,26
2025-12-15,SUC-02,PROD-013,Iluminación,443.47,0,182.0,52
2025-12-22,SUC-02,PROD-013,Iluminación,440.36,0,130.0,49
2024-01-01,SUC-03,PROD-013,Iluminación,389.96,1,310.0,95
2024-01-08,SUC-03,PROD-013,Iluminación,461.56,0,215.0,64
2024-01-15,SUC-03,PROD-013,Iluminación,393.65,1,151.0,143
2024-01-22,SUC-03,PROD-013,Iluminación,462.64,0,284.0,78
2024-01-29,SUC-03,PROD-013,Iluminación,465.24,0,206.0,94
2024-02-05,SUC-03,PROD-013,Iluminación,391.22,1,112.0,88
2024-02-12,SUC-03,PROD-013,Iluminación,,0,311.0,92
2024-02-19,SUC-03,PROD-013,Iluminación,461.43,0,219.0,94
2024-02-26,SUC-03,PROD-013,Iluminación,462.29,0,125.0,61
2024-03-04,SUC-03,PROD-013,Iluminación,447.18,0,251.0,88
2024-03-11,SUC-03,PROD-013,Iluminación,450.28,0,163.0,98
2024-03-18,SUC-03,PROD-013,Iluminación,464.67,0,65.0,65
2024-03-25,SUC-03,PROD-013,Iluminación,463.07,0,277.0,83
2024-04-01,SUC-03,PROD-013,Iluminación,444.7,0,194.0,87
2024-04-08,SUC-03,PROD-013,Iluminación,391.03,1,107.0,94
2024-04-15,SUC-03,PROD-013,Iluminación,462.59,0,13.0,13
2024-04-22,SUC-03,PROD-013,Iluminación,442.87,0,0.0,0
2024-04-29,SUC-03,PROD-013,Iluminación,394.08,1,0.0,0
2024-05-06,SUC-03,PROD-013,Iluminación,457.56,0,306.0,60
2024-05-13,SUC-03,PROD-013,Iluminación,442.56,0,246.0,101
2024-05-20,SUC-03,PROD-013,Iluminación,454.97,0,145.0,56
2024-05-27,SUC-03,PROD-013,Iluminación,439.53,0,284.0,98
2024-06-03,SUC-03,PROD-013,Iluminación,398.22,1,186.0,63
2024-06-10,SUC-03,PROD-013,Iluminación,458.27,0,123.0,77
2024-06-17,SUC-03,PROD-013,Iluminación,460.58,0,209.0,81
2024-06-24,SUC-03,PROD-013,Iluminación,454.42,0,128.0,58
2024-07-01,SUC-03,PROD-013,Iluminación,454.56,0,70.0,58
2024-07-08,SUC-03,PROD-013,Iluminación,460.54,0,12.0,12
2024-07-15,SUC-03,PROD-013,Iluminación,385.3,1,0.0,0
2024-07-22,SUC-03,PROD-013,Iluminación,455.17,0,0.0,0
2024-07-29,SUC-03,PROD-013,Iluminación,455.43,0,190.0,59
2024-08-05,SUC-03,PROD-013,Iluminación,389.67,1,131.0,83
2024-08-12,SUC-03,PROD-013,Iluminación,465.69,0,48.0,48
2024-08-19,SUC-03,PROD-013,Iluminación,377.8,1,208.0,64
2024-08-26,SUC-03,PROD-013,Iluminación,452.5,0,144.0,59
2024-09-02,SUC-03,PROD-013,Iluminación,450.79,0,85.0,54
2024-09-09,SUC-03,PROD-013,Iluminación,399.39,1,260.0,43
2024-09-16,SUC-03,PROD-013,Iluminación,451.88,0,217.0,45
2024-09-23,SUC-03,PROD-013,Iluminación,442.0,0,172.0,55
2024-09-30,SUC-03,PROD-013,Iluminación,455.5,0,154.0,34
2024-10-07,SUC-03,PROD-013,Iluminación,453.02,0,120.0,42
2024-10-14,SUC-03,PROD-013,Iluminación,449.91,0,78.0,42
2024-10-21,SUC-03,PROD-013,Iluminación,440.23,0,36.0,36
2024-10-28,SUC-03,PROD-013,Iluminación,444.32,0,0.0,0
2024-11-04,SUC-03,PROD-013,Iluminación,458.27,0,0.0,0
2024-11-11,SUC-03,PROD-013,Iluminación,452.84,0,206.0,48
2024-11-18,SUC-03,PROD-013,Iluminación,454.0,0,158.0,52
2024-11-25,SUC-03,PROD-013,Iluminación,398.8,1,106.0,59
2024-12-02,SUC-03,PROD-013,Iluminación,384.63,1,203.0,65
2024-12-09,SUC-03,PROD-013,Iluminación,443.38,0,138.0,53
2024-12-16,SUC-03,PROD-013,Iluminación,452.76,0,85.0,81
2024-12-23,SUC-03,PROD-013,Iluminación,381.06,1,292.0,71
2024-12-30,SUC-03,PROD-013,Iluminación,447.49,0,221.0,83
2025-01-06,SUC-03,PROD-013,Iluminación,451.75,0,138.0,94
2025-01-13,SUC-03,PROD-013,Iluminación,459.87,0,208.0,62
2025-01-20,SUC-03,PROD-013,Iluminación,460.96,0,146.0,56
2025-01-27,SUC-03,PROD-013,Iluminación,449.71,0,90.0,74
2025-02-03,SUC-03,PROD-013,Iluminación,456.64,0,214.0,75
2025-02-10,SUC-03,PROD-013,Iluminación,382.47,1,139.0,79
2025-02-17,SUC-03,PROD-013,Iluminación,387.36,1,60.0,60
2025-02-24,SUC-03,PROD-013,Iluminación,454.41,0,283.0,64
2025-03-03,SUC-03,PROD-013,Iluminación,387.26,1,219.0,106
2025-03-10,SUC-03,PROD-013,Iluminación,457.29,0,113.0,88
2025-03-17,SUC-03,PROD-013,Iluminación,444.86,0,328.0,108
2025-03-24,SUC-03,PROD-013,Iluminación,464.0,0,220.0,86
2025-03-31,SUC-03,PROD-013,Iluminación,382.48,1,134.0,93
2025-04-07,SUC-03,PROD-013,Iluminación,445.05,0,41.0,41
2025-04-14,SUC-03,PROD-013,Iluminación,391.16,1,0.0,0
fecha-invalida,SUC-03,PROD-013,Iluminación,458.27,0,0.0,0
2025-04-28,SUC-03,PROD-013,Iluminación,397.1,1,345.0,125
2025-05-05,SUC-03,PROD-013,Iluminación,382.78,1,220.0,104
2025-05-12,SUC-03,PROD-013,Iluminación,442.59,0,116.0,70
2025-05-19,SUC-03,PROD-013,Iluminación,461.88,0,46.0,46
2025-05-26,SUC-03,PROD-013,Iluminación,462.02,0,0.0,0
2025-06-02,SUC-03,PROD-013,Iluminación,454.91,0,0.0,0
2025-06-09,SUC-03,PROD-013,Iluminación,445.38,0,258.0,85
2025-06-16,SUC-03,PROD-013,Iluminación,454.26,0,173.0,64
2025-06-23,SUC-03,PROD-013,Iluminación,463.63,0,109.0,88
2025-06-30,SUC-03,PROD-013,Iluminación,448.93,0,222.0,39
2025-07-07,SUC-03,PROD-013,Iluminación,465.06,0,183.0,61
2025-07-14,SUC-03,PROD-013,Iluminación,442.54,0,122.0,46
2025-07-21,SUC-03,PROD-013,Iluminación,439.96,0,205.0,64
2025-07-28,SUC-03,PROD-013,Iluminación,446.3,0,141.0,78
2025-08-04,SUC-03,PROD-013,Iluminación,453.72,0,63.0,59
2025-08-11,SUC-03,PROD-013,Iluminación,448.85,0,149.0,54
2025-08-18,SUC-03,PROD-013,Iluminación,446.25,0,95.0,44
2025-08-25,SUC-03,PROD-013,Iluminación,449.11,0,51.0,34
2025-09-01,SUC-03,PROD-013,Iluminación,451.64,0,155.0,62
2025-09-08,SUC-03,PROD-013,Iluminación,447.85,0,93.0,45
2025-09-15,SUC-03,PROD-013,Iluminación,452.96,0,48.0,48
2025-09-22,SUC-03,PROD-013,Iluminación,448.37,0,168.0,36
2025-09-29,SUC-03,PROD-013,Iluminación,453.49,0,132.0,43
2025-10-06,SUC-03,PROD-013,Iluminación,455.25,0,89.0,46
2025-10-13,SUC-03,PROD-013,Iluminación,444.99,0,189.0,45
2025-10-20,SUC-03,PROD-013,Iluminación,389.35,1,144.0,85
2025-10-27,SUC-03,PROD-013,Iluminación,444.37,0,59.0,36
2025-11-03,SUC-03,PROD-013,Iluminación,455.54,0,125.0,40
2025-11-10,SUC-03,PROD-013,Iluminación,465.07,0,85.0,46
2025-11-17,SUC-03,PROD-013,Iluminación,453.82,0,39.0,39
2025-11-24,SUC-03,PROD-013,Iluminación,456.3,0,177.0,57
2025-12-01,SUC-03,PROD-013,Iluminación,450.37,0,120.0,28
2025-12-08,SUC-03,PROD-013,Iluminación,388.56,1,92.0,75
2025-12-15,SUC-03,PROD-013,Iluminación,458.22,0,179.0,60
2025-12-22,SUC-03,PROD-013,Iluminación,464.2,0,119.0,56
2024-01-01,SUC-04,PROD-013,Iluminación,461.12,0,218.0,63
2024-01-08,SUC-04,PROD-013,Iluminación,451.3,0,155.0,67
2024-01-15,SUC-04,PROD-013,Iluminación,455.71,0,88.0,52
2024-01-22,SUC-04,PROD-013,Iluminación,449.08,0,255.0,59
2024-01-29,SUC-04,PROD-013,Iluminación,441.37,0,196.0,112
2024-02-05,SUC-04,PROD-013,Iluminación,443.03,0,84.0,79
2024-02-12,SUC-04,PROD-013,Iluminación,395.6,1,456.0,83
2024-02-19,SUC-04,PROD-013,Iluminación,457.11,0,373.0,84
2024-02-26,SUC-04,PROD-013,Iluminación,459.06,0,289.0,108
2024-03-04,SUC-04,PROD-013,Iluminación,442.45,0,265.0,106
2024-03-11,SUC-04,PROD-013,Iluminación,382.67,1,159.0,75
2024-03-18,SUC-04,PROD-013,Iluminación,453.68,0,84.0,61
2024-03-25,SUC-04,PROD-013,Iluminación,457.31,0,294.0,108
2024-04-01,SUC-04,PROD-013,Iluminación,449.81,0,186.0,88
2024-04-08,SUC-04,PROD-013,Iluminación,465.7,0,98.0,98
2024-04-15,SUC-04,PROD-013,Iluminación,460.38,0,333.0,95
2024-04-22,SUC-04,PROD-013,Iluminación,447.91,0,238.0,79
2024-04-29,SUC-04,PROD-013,Iluminación,447.15,0,159.0,101
2024-05-06,SUC-04,PROD-013,Iluminación,442.47,0,270.0,118
2024-05-13,SUC-04,PROD-013,Iluminación,455.67,0,152.0,98
2024-05-20,SUC-04,PROD-013,Iluminación,441.37,0,54.0,54
2024-05-27,SUC-04,PROD-013,Iluminación,444.93,0,313.0,92
2024-06-03,SUC-04,PROD-013,Iluminación,464.49,0,221.0,85
2024-06-10,SUC-04,PROD-013,Iluminación,383.87,1,136.0,90
2024-06-17,SUC-04,PROD-013,Iluminación,445.64,0,326.0,67
2024-06-24,SUC-04,PROD-013,Iluminación,461.1,0,259.0,84
2024-07-01,SUC-04,PROD-013,Iluminación,444.07,0,175.0,95
2024-07-08,SUC-04,PROD-013,Iluminación,452.99,0,80.0,80
2024-07-15,SUC-04,PROD-013,Iluminación,441.22,0,0.0,0
2024-07-22,SUC-04,PROD-013,Iluminación,463.88,0,0.0,0
2024-07-29,SUC-04,PROD-013,Iluminación,457.1,0,239.0,40
2024-08-05,SUC-04,PROD-013,Iluminación,395.99,1,199.0,98
2024-08-12,SUC-04,PROD-013,Iluminación,458.71,0,101.0,73
2024-08-19,SUC-04,PROD-013,Iluminación,450.23,0,191.0,65
2024-08-26,SUC-04,PROD-013,Iluminación,384.21,1,126.0,73
2024-09-02,SUC-04,PROD-013,Iluminación,457.12,0,53.0,53
2024-09-09,SUC-04,PROD-013,Iluminación,441.38,0,172.0,65
2024-09-16,SUC-04,PROD-013,Iluminación,463.85,0,107.0,73
2024-09-23,SUC-04,PROD-013,Iluminación,452.41,0,34.0,34
2024-09-30,SUC-04,PROD-013,Iluminación,380.44,1,314.0,66
2024-10-07,SUC-04,PROD-013,Iluminación,459.82,0,248.0,73
2024-10-14,SUC-04,PROD-013,Iluminación,444.71,0,175.0,51
2024-10-21,SUC-04,PROD-013,Iluminación,381.99,1,124.0,88
2024-10-28,SUC-04,PROD-013,Iluminación,446.69,0,36.0,36
2024-11-04,SUC-04,PROD-013,Iluminación,457.09,0,0.0,0
2024-11-11,SUC-04,PROD-013,Iluminación,453.3,0,163.0,68
2024-11-18,SUC-04,PROD-013,Iluminación,463.43,0,95.0,59
2024-11-25,SUC-04,PROD-013,Iluminación,457.87,0,36.0,36
2024-12-02,SUC-04,PROD-013,Iluminación,462.66,0,241.0,69
2024-12-09,SUC-04,PROD-013,Iluminación,441.91,0,172.0,80
2024-12-16,SUC-04,PROD-013,Iluminación,454.79,0,92.0,50
2024-12-23,SUC-04,PROD-013,Iluminación,460.38,0,287.0,59
2024-12-30,SUC-04,PROD-013,Iluminación,459.3,0,228.0,63
2025-01-06,SUC-04,PROD-013,Iluminación,464.3,0,165.0,82
2025-01-13,SUC-04,PROD-013,Iluminación,441.43,0,199.0,74
2025-01-20,SUC-04,PROD-013,Iluminación,452.02,0,125.0,77
2025-01-27,SUC-04,PROD-013,Iluminación,460.05,0,48.0,48
2025-02-03,SUC-04,PROD-013,Iluminación,397.59,1,504.0,98
2025-02-10,SUC-04,PROD-013,Iluminación,379.59,1,406.0,97
2025-02-17,SUC-04,PROD-013,Iluminación,458.63,0,309.0,123
2025-02-24,SUC-04,PROD-013,Iluminación,442.52,0,286.0,91
2025-03-03,SUC-04,PROD-013,Iluminación,439.85,0,195.0,77
2025-03-10,SUC-04,PROD-013,Iluminación,446.1,0,118.0,118
2025-03-17,SUC-04,PROD-013,Iluminación,444.58,0,322.0,109
2025-03-24,SUC-04,PROD-013,Iluminación,457.92,0,213.0,87
2025-03-31,SUC-04,PROD-013,Iluminación,,0,126.0,109
2025-04-07,SUC-04,PROD-013,Iluminación,442.17,0,381.0,77
2025-04-14,SUC-04,PROD-013,Iluminación,397.95,1,304.0,121
2025-04-21,SUC-04,PROD-013,Iluminación,447.23,0,183.0,106
2025-04-28,SUC-04,PROD-013,Iluminación,382.72,1,432.0,104
2025-05-05,SUC-04,PROD-013,Iluminación,463.11,0,328.0,93
2025-05-12,SUC-04,PROD-013,Iluminación,381.12,1,235.0,113
2025-05-19,SUC-04,PROD-013,Iluminación,452.85,0,122.0,93
2025-05-26,SUC-04,PROD-013,Iluminación,461.77,0,29.0,29
2025-06-02,SUC-04,PROD-013,Iluminación,464.29,0,0.0,0
2025-06-09,SUC-04,PROD-013,Iluminación,456.63,0,271.0,95
2025-06-16,SUC-04,PROD-013,Iluminación,459.0,0,176.0,117
2025-06-23,SUC-04,PROD-013,Iluminación,456.25,0,59.0,59
2025-06-30,SUC-04,PROD-013,Iluminación,446.69,0,230.0,79
2025-07-07,SUC-04,PROD-013,Iluminación,444.11,0,151.0,94
2025-07-14,SUC-04,PROD-013,Iluminación,446.63,0,57.0,57
2025-07-21,SUC-04,PROD-013,Iluminación,461.99,0,192.0,69
2025-07-28,SUC-04,PROD-013,Iluminación,453.48,0,123.0,62
2025-08-04,SUC-04,PROD-013,Iluminación,381.37,1,61.0,61
2025-08-11,SUC-04,PROD-013,Iluminación,457.72,0,181.0,64
2025-08-18,SUC-04,PROD-013,Iluminación,457.11,0,117.0,76
2025-08-25,SUC-04,PROD-013,Iluminación,452.57,0,41.0,41
2025-09-01,SUC-04,PROD-013,Iluminación,450.11,0,142.0,55
2025-09-08,SUC-04,PROD-013,Iluminación,441.13,0,87.0,56
2025-09-15,SUC-04,PROD-013,Iluminación,459.17,0,31.0,31
2025-09-22,SUC-04,PROD-013,Iluminación,448.17,0,171.0,50
2025-09-29,SUC-04,PROD-013,Iluminación,460.12,0,121.0,39
2025-10-06,SUC-04,PROD-013,Iluminación,454.03,0,82.0,42
2025-10-13,SUC-04,PROD-013,Iluminación,459.29,0,163.0,55
2025-10-20,SUC-04,PROD-013,Iluminación,381.69,1,108.0,71
2025-10-27,SUC-04,PROD-013,Iluminación,386.17,1,37.0,37
2025-11-03,SUC-04,PROD-013,Iluminación,456.89,0,229.0,61
2025-11-10,SUC-04,PROD-013,Iluminación,449.02,0,168.0,59
2025-11-17,SUC-04,PROD-013,Iluminación,461.2,0,109.0,60
2025-11-24,SUC-04,PROD-013,Iluminación,443.29,0,158.0,52
2025-12-01,SUC-04,PROD-013,Iluminación,460.16,0,106.0,59
2025-12-08,SUC-04,PROD-013,Iluminación,443.01,0,47.0,47
2025-12-15,SUC-04,PROD-013,Iluminación,458.89,0,194.0,58
2025-12-22,SUC-04,PROD-013,Iluminación,452.29,0,136.0,57
2024-01-01,SUC-05,PROD-013,Iluminación,461.7,0,213.0,70
2024-01-08,SUC-05,PROD-013,Iluminación,446.63,0,143.0,81
2024-01-15,SUC-05,PROD-013,Iluminación,451.77,0,62.0,62
2024-01-22,SUC-05,PROD-013,Iluminación,386.58,1,516.0,99
2024-01-29,SUC-05,PROD-013,Iluminación,448.43,0,417.0,129
2024-02-05,SUC-05,PROD-013,Iluminación,441.97,0,288.0,101
2024-02-12,SUC-05,PROD-013,Iluminación,454.01,0,365.0,104
2024-02-19,SUC-05,PROD-013,Iluminación,462.0,0,261.0,110
2024-02-26,SUC-05,PROD-013,Iluminación,447.9,0,151.0,110
2024-03-04,SUC-05,PROD-013,Iluminación,446.22,0,408.0,111
2024-03-11,SUC-05,PROD-013,Iluminación,381.65,1,297.0,134
2024-03-18,SUC-05,PROD-013,Iluminación,398.99,1,163.0,120
2024-03-25,SUC-05,PROD-013,Iluminación,453.15,0,288.0,120
2024-04-01,SUC-05,PROD-013,Iluminación,439.0,0,168.0,124
2024-04-08,SUC-05,PROD-013,Iluminación,445.38,0,44.0,44
2024-04-15,SUC-05,PROD-013,Iluminación,442.03,0,371.0,78
2024-04-22,SUC-05,PROD-013,Iluminación,439.34,0,293.0,120
2024-04-29,SUC-05,PROD-013,Iluminación,439.3,0,173.0,79
2024-05-06,SUC-05,PROD-013,Iluminación,389.83,1,94.0,94
2024-05-13,SUC-05,PROD-013,Iluminación,450.51,0,0.0,0
2024-05-20,SUC-05,PROD-013,Iluminación,377.88,1,0.0,0
2024-05-27,SUC-05,PROD-013,Iluminación,450.76,0,309.0,126
2024-06-03,SUC-05,PROD-013,Iluminación,440.11,0,183.0,112
2024-06-10,SUC-05,PROD-013,Iluminación,443.87,0,71.0,71
2024-06-17,SUC-05,PROD-013,Iluminación,383.53,1,462.0,115
2024-06-24,SUC-05,PROD-013,Iluminación,465.61,0,347.0,102
2024-07-01,SUC-05,PROD-013,Iluminación,460.11,0,245.0,105
2024-07-08,SUC-05,PROD-013,Iluminación,440.35,0,288.0,80
2024-07-15,SUC-05,PROD-013,Iluminación,452.12,0,208.0,68
2024-07-22,SUC-05,PROD-013,Iluminación,455.37,0,140.0,102
2024-07-29,SUC-05,PROD-013,Iluminación,460.6,0,222.0,98
2024-08-05,SUC-05,PROD-013,Iluminación,379.9,1,124.0,92
2024-08-12,SUC-05,PROD-013,Iluminación,399.86,1,32.0,32
2024-08-19,SUC-05,PROD-013,Iluminación,455.7,0,265.0,81
2024-08-26,SUC-05,PROD-013,Iluminación,450.94,0,184.0,40
2024-09-02,SUC-05,PROD-013,Iluminación,445.7,0,144.0,76
2024-09-09,SUC-05,PROD-013,Iluminación,379.9,1,316.0,54
2024-09-16,SUC-05,PROD-013,Iluminación,452.43,0,262.0,84
2024-09-23,SUC-05,PROD-013,Iluminación,455.54,0,178.0,70
2024-09-30,SUC-05,PROD-013,Iluminación,379.23,1,309.0,55
2024-10-07,SUC-05,PROD-013,Iluminación,456.33,0,254.0,73
2024-10-14,SUC-05,PROD-013,Iluminación,446.66,0,181.0,68
2024-10-21,SUC-05,PROD-013,Iluminación,455.75,0,190.0,52
2024-10-28,SUC-05,PROD-013,Iluminación,451.0,0,138.0,51
2024-11-04,SUC-05,PROD-013,Iluminación,449.59,0,87.0,72
2024-11-11,SUC-05,PROD-013,Iluminación,455.22,0,205.0,70
2024-11-18,SUC-05,PROD-013,Iluminación,455.07,0,135.0,62
2024-11-25,SUC-05,PROD-013,Iluminación,395.28,1,73.0,73
2024-12-02,SUC-05,PROD-013,Iluminación,463.51,0,263.0,62
2024-12-09,SUC-05,PROD-013,Iluminación,452.2,0,201.0,76
2024-12-16,SUC-05,PROD-013,Iluminación,457.5,0,125.0,92
2024-12-23,SUC-05,PROD-013,Iluminación,445.45,0,237.0,92
2024-12-30,SUC-05,PROD-013,Iluminación,464.36,0,145.0,82
2025-01-06,SUC-05,PROD-013,Iluminación,381.94,1,63.0,63
2025-01-13,SUC-05,PROD-013,Iluminación,448.59,0,347.0,77
2025-01-20,SUC-05,PROD-013,Iluminación,451.56,0,270.0,92
2025-01-27,SUC-05,PROD-013,Iluminación,450.02,0,178.0,65
2025-02-03,SUC-05,PROD-013,Iluminación,458.46,0,304.0,96
2025-02-10,SUC-05,PROD-013,Iluminación,461.7,0,208.0,85
2025-02-17,SUC-05,PROD-013,Iluminación,392.7,1,123.0,90
2025-02-24,SUC-05,PROD-013,Iluminación,448.18,0,365.0,124
2025-03-03,SUC-05,PROD-013,Iluminación,463.52,0,241.0,82
2025-03-10,SUC-05,PROD-013,Iluminación,447.06,0,159.0,85
2025-03-17,SUC-05,PROD-013,Iluminación,455.92,0,266.0,107
2025-03-24,SUC-05,PROD-013,Iluminación,442.85,0,159.0,94
2025-03-31,SUC-05,PROD-013,Iluminación,447.0,0,65.0,65
2025-04-07,SUC-05,PROD-013,Iluminación,456.38,0,429.0,119
2025-04-14,SUC-05,PROD-013,Iluminación,454.0,0,310.0,95
2025-04-21,SUC-05,PROD-013,Iluminación,444.55,0,215.0,91
2025-04-28,SUC-05,PROD-013,Iluminación,459.34,0,357.0,144
2025-05-05,SUC-05,PROD-013,Iluminación,452.43,0,213.0,104
2025-05-12,SUC-05,PROD-013,Iluminación,392.67,1,109.0,109
2025-05-19,SUC-05,PROD-013,Iluminación,461.68,0,381.0,99
2025-05-26,SUC-05,PROD-013,Iluminación,388.77,1,282.0,56
2025-06-02,SUC-05,PROD-013,Iluminación,455.01,0,226.0,118
2025-06-09,SUC-05,PROD-013,Iluminación,390.3,1,471.0,119
2025-06-16,SUC-05,PROD-013,Iluminación,445.76,0,352.0,123
2025-06-23,SUC-05,PROD-013,Iluminación,459.31,0,229.0,85
2025-06-30,SUC-05,PROD-013,Iluminación,462.47,0,334.0,64
2025-07-07,SUC-05,PROD-013,Iluminación,387.4,1,270.0,140
2025-07-14,SUC-05,PROD-013,Iluminación,459.21,0,130.0,101
2025-07-21,SUC-05,PROD-013,Iluminación,441.63,0,267.0,94
2025-07-28,SUC-05,PROD-013,Iluminación,451.06,0,173.0,75
2025-08-04,SUC-05,PROD-013,Iluminación,455.34,0,98.0,98
2025-08-11,SUC-05,PROD-013,Iluminación,464.72,0,205.0,95
2025-08-18,SUC-05,PROD-013,Iluminación,390.61,1,110.0,101
2025-08-25,SUC-05,PROD-013,Iluminación,449.57,0,9.0,9
2025-09-01,SUC-05,PROD-013,Iluminación,441.93,0,158.0,60
2025-09-08,SUC-05,PROD-013,Iluminación,384.8,1,98.0,98
2025-09-15,SUC-05,PROD-013,Iluminación,458.64,0,0.0,0
2025-09-22,SUC-05,PROD-013,Iluminación,463.67,0,211.0,60
2025-09-29,SUC-05,PROD-013,Iluminación,457.14,0,151.0,57
2025-10-06,SUC-05,PROD-013,Iluminación,453.5,0,94.0,75
2025-10-13,SUC-05,PROD-013,Iluminación,445.99,0,201.0,80
2025-10-20,SUC-05,PROD-013,Iluminación,443.8,0,121.0,58
2025-10-27,SUC-05,PROD-013,Iluminación,461.85,0,63.0,63
2025-11-03,SUC-05,PROD-013,Iluminación,454.26,0,202.0,64
2025-11-10,SUC-05,PROD-013,Iluminación,453.16,0,138.0,50
2025-11-17,SUC-05,PROD-013,Iluminación,463.33,0,88.0,60
2025-11-24,SUC-05,PROD-013,Iluminación,448.94,0,237.0,54
2025-12-01,SUC-05,PROD-013,Iluminación,387.28,1,183.0,68
2025-12-08,SUC-05,PROD-013,Iluminación,463.98,0,115.0,102
2025-12-15,SUC-05,PROD-013,Iluminación,391.89,1,286.0,99
2025-12-22,SUC-05,PROD-013,Iluminación,445.23,0,187.0,91
2024-01-01,SUC-01,PROD-014,Accesorios,558.68,0,87.0,25
2024-01-08,SUC-01,PROD-014,Accesorios,532.69,0,62.0,37
2024-01-15,SUC-01,PROD-014,Accesorios,541.37,0,25.0,25
2024-01-22,SUC-01,PROD-014,Accesorios,464.13,1,121.0,37
2024-01-29,SUC-01,PROD-014,Accesorios,545.24,0,84.0,36
2024-02-05,SUC-01,PROD-014,Accesorios,529.05,0,48.0,41
2024-02-12,SUC-01,PROD-014,Accesorios,466.85,1,129.0,37
2024-02-19,SUC-01,PROD-014,Accesorios,539.76,0,92.0,36
2024-02-26,SUC-01,PROD-014,Accesorios,535.31,0,56.0,33
2024-03-04,SUC-01,PROD-014,Accesorios,556.94,0,23.0,23
2024-03-11,SUC-01,PROD-014,Accesorios,538.68,0,0.0,0
2024-03-18,SUC-01,PROD-014,Accesorios,464.71,1,0.0,0
2024-03-25,SUC-01,PROD-014,Accesorios,544.87,0,94.0,37
2024-04-01,SUC-01,PROD-014,Accesorios,537.78,0,57.0,26
2024-04-08,SUC-01,PROD-014,Accesorios,534.53,0,31.0,29
2024-04-15,SUC-01,PROD-014,Accesorios,462.84,1,177.0,38
2024-04-22,SUC-01,PROD-014,Accesorios,530.82,0,139.0,27
2024-04-29,SUC-01,PROD-014,Accesorios,-10.0,1,112.0,48
2024-05-06,SUC-01,PROD-014,Accesorios,536.04,0,73.0,24
2024-05-13,SUC-01,PROD-014,Accesorios,557.18,0,49.0,30
2024-05-20,SUC-01,PROD-014,Accesorios,544.52,0,19.0,19
2024-05-27,SUC-01,PROD-014,Accesorios,535.8,0,0.0,0
2024-06-03,SUC-01,PROD-014,Accesorios,530.7,0,0.0,0
2024-06-10,SUC-01,PROD-014,Accesorios,457.32,1,0.0,0
2024-06-17,SUC-01,PROD-014,Accesorios,465.32,1,128.0,23
2024-06-24,SUC-01,PROD-014,Accesorios,557.83,0,105.0,22
2024-07-01,SUC-01,PROD-014,Accesorios,546.21,0,83.0,27
2024-07-08,SUC-01,PROD-014,Accesorios,474.89,1,82.0,28
2024-07-15,SUC-01,PROD-014,Accesorios,460.73,1,54.0,18
2024-07-22,SUC-01,PROD-014,Accesorios,557.33,0,36.0,26
2024-07-29,SUC-01,PROD-014,Accesorios,559.23,0,60.0,20
2024-08-05,SUC-01,PROD-014,Accesorios,475.52,1,40.0,20
2024-08-12,SUC-01,PROD-014,Accesorios,547.79,0,20.0,18
2024-08-19,SUC-01,PROD-014,Accesorios,536.54,0,2.0,2
2024-08-26,SUC-01,PROD-014,Accesorios,538.08,0,0.0,0
2024-09-02,SUC-01,PROD-014,Accesorios,534.05,0,0.0,0
2024-09-09,SUC-01,PROD-014,Accesorios,550.8,0,72.0,22
2024-09-16,SUC-01,PROD-014,Accesorios,546.2,0,50.0,16
2024-09-23,SUC-01,PROD-014,Accesorios,528.99,0,34.0,22
2024-09-30,SUC-01,PROD-014,Accesorios,529.19,0,61.0,34
2024-10-07,SUC-01,PROD-014,Accesorios,560.52,0,27.0,20
2024-10-14,SUC-01,PROD-014,Accesorios,537.27,0,7.0,7
2024-10-21,SUC-01,PROD-014,Accesorios,541.92,0,83.0,18
2024-10-28,SUC-01,PROD-014,Accesorios,536.21,0,65.0,20
2024-11-04,SUC-01,PROD-014,Accesorios,539.99,0,45.0,17
2024-11-11,SUC-01,PROD-014,Accesorios,551.45,0,91.0,26
2024-11-18,SUC-01,PROD-014,Accesorios,548.38,0,65.0,22
2024-11-25,SUC-01,PROD-014,Accesorios,530.68,0,43.0,21
2024-12-02,SUC-01,PROD-014,Accesorios,536.89,0,97.0,23
2024-12-09,SUC-01,PROD-014,Accesorios,556.34,0,74.0,29
2024-12-16,SUC-01,PROD-014,Accesorios,556.93,0,45.0,27
2024-12-23,SUC-01,PROD-014,Accesorios,470.72,1,115.0,34
2024-12-30,SUC-01,PROD-014,Accesorios,551.82,0,81.0,57
2025-01-06,SUC-01,PROD-014,Accesorios,474.69,1,24.0,24
2025-01-13,SUC-01,PROD-014,Accesorios,557.24,0,0.0,0
2025-01-20,SUC-01,PROD-014,Accesorios,555.1,0,0.0,0
2025-01-27,SUC-01,PROD-014,Accesorios,553.21,0,0.0,0
2025-02-03,SUC-01,PROD-014,Accesorios,535.11,0,98.0,27
2025-02-10,SUC-01,PROD-014,Accesorios,529.7,0,71.0,20
2025-02-17,SUC-01,PROD-014,Accesorios,541.15,0,51.0,43
2025-02-24,SUC-01,PROD-014,Accesorios,548.63,0,108.0,31
2025-03-03,SUC-01,PROD-014,Accesorios,534.63,0,77.0,34
2025-03-10,SUC-01,PROD-014,Accesorios,535.55,0,43.0,39
2025-03-17,SUC-01,PROD-014,Accesorios,551.78,0,113.0,27
2025-03-24,SUC-01,PROD-014,Accesorios,555.55,0,86.0,42
2025-03-31,SUC-01,PROD-014,Accesorios,552.1,0,44.0,30
2025-04-07,SUC-01,PROD-014,Accesorios,464.43,1,14.0,14
2025-04-14,SUC-01,PROD-014,Accesorios,541.06,0,0.0,0
2025-04-21,SUC-01,PROD-014,Accesorios,537.13,0,0.0,0
2025-04-28,SUC-01,PROD-014,Accesorios,545.86,0,0.0,0
2025-05-05,SUC-01,PROD-014,Accesorios,461.02,1,0.0,0
2025-05-12,SUC-01,PROD-014,Accesorios,548.84,0,0.0,0
2025-05-19,SUC-01,PROD-014,Accesorios,536.05,0,84.0,17
2025-05-26,SUC-01,PROD-014,Accesorios,558.68,0,67.0,26
2025-06-02,SUC-01,PROD-014,Accesorios,541.19,0,41.0,23
2025-06-09,SUC-01,PROD-014,Accesorios,544.27,0,73.0,24
2025-06-16,SUC-01,PROD-014,Accesorios,544.61,0,49.0,21
2025-06-23,SUC-01,PROD-014,Accesorios,480.99,1,28.0,26
2025-06-30,SUC-01,PROD-014,Accesorios,469.26,1,87.0,31
2025-07-07,SUC-01,PROD-014,Accesorios,560.46,0,56.0,22
2025-07-14,SUC-01,PROD-014,Accesorios,534.79,0,34.0,16
2025-07-21,SUC-01,PROD-014,Accesorios,537.2,0,77.0,17
2025-07-28,SUC-01,PROD-014,Accesorios,467.3,1,60.0,21
2025-08-04,SUC-01,PROD-014,Accesorios,547.2,0,39.0,24
2025-08-11,SUC-01,PROD-014,Accesorios,557.14,0,15.0,15
2025-08-18,SUC-01,PROD-014,Accesorios,467.76,1,0.0,0
2025-08-25,SUC-01,PROD-014,Accesorios,549.86,0,0.0,0
2025-09-01,SUC-01,PROD-014,Accesorios,531.3,0,0.0,0
2025-09-08,SUC-01,PROD-014,Accesorios,542.83,0,0.0,0
2025-09-15,SUC-01,PROD-014,Accesorios,551.9,0,0.0,0
2025-09-22,SUC-01,PROD-014,Accesorios,536.37,0,48.0,16
2025-09-29,SUC-01,PROD-014,Accesorios,554.65,0,32.0,20
2025-10-06,SUC-01,PROD-014,Accesorios,475.61,1,12.0,12
2025-10-13,SUC-01,PROD-014,Accesorios,536.38,0,74.0,21
2025-10-20,SUC-01,PROD-014,Accesorios,535.93,0,53.0,20
2025-10-27,SUC-01,PROD-014,Accesorios,537.33,0,33.0,20
2025-11-03,SUC-01,PROD-014,Accesorios,546.13,0,88.0,14
2025-11-10,SUC-01,PROD-014,Accesorios,546.42,0,74.0,23
2025-11-17,SUC-01,PROD-014,Accesorios,559.28,0,51.0,21
2025-11-24,SUC-01,PROD-014,Accesorios,551.58,0,67.0,22
2025-12-01,SUC-01,PROD-014,Accesorios,534.35,0,45.0,27
2025-12-08,SUC-01,PROD-014,Accesorios,560.54,0,18.0,18
2025-12-15,SUC-01,PROD-014,Accesorios,559.78,0,0.0,0
2025-12-22,SUC-01,PROD-014,Accesorios,543.42,0,0.0,0
2024-01-01,SUC-02,PROD-014,Accesorios,470.37,1,153.0,44
2024-01-08,SUC-02,PROD-014,Accesorios,536.93,0,109.0,33
2024-01-15,SUC-02,PROD-014,Accesorios,477.9,1,76.0,52
2024-01-22,SUC-02,PROD-014,Accesorios,546.94,0,121.0,34
2024-01-29,SUC-02,PROD-014,Accesorios,534.61,0,87.0,41
2024-02-05,SUC-02,PROD-014,Accesorios,456.15,1,46.0,46
2024-02-12,SUC-02,PROD-014,Accesorios,542.63,0,110.0,50
2024-02-19,SUC-02,PROD-014,Accesorios,529.97,0,60.0,43
2024-02-26,SUC-02,PROD-014,Accesorios,548.56,0,17.0,17
2024-03-04,SUC-02,PROD-014,Accesorios,532.95,0,100.0,44
2024-03-11,SUC-02,PROD-014,Accesorios,556.91,0,56.0,38
2024-03-18,SUC-02,PROD-014,Accesorios,480.67,1,18.0,18
2024-03-25,SUC-02,PROD-014,Accesorios,469.47,1,208.0,46
2024-04-01,SUC-02,PROD-014,Accesorios,538.66,0,162.0,46
2024-04-08,SUC-02,PROD-014,Accesorios,533.63,0,116.0,41
2024-04-15,SUC-02,PROD-014,Accesorios,458.59,1,184.0,51
2024-04-22,SUC-02,PROD-014,Accesorios,547.63,0,133.0,41
2024-04-29,SUC-02,PROD-014,Accesorios,480.87,1,92.0,33
2024-05-06,SUC-02,PROD-014,Accesorios,558.05,0,122.0,39
2024-05-13,SUC-02,PROD-014,Accesorios,464.52,1,83.0,48
2024-05-20,SUC-02,PROD-014,Accesorios,559.9,0,35.0,35
2024-05-27,SUC-02,PROD-014,Accesorios,543.87,0,0.0,0
2024-06-03,SUC-02,PROD-014,Accesorios,463.6,1,0.0,0
2024-06-10,SUC-02,PROD-014,Accesorios,553.37,0,0.0,0
2024-06-17,SUC-02,PROD-014,Accesorios,531.05,0,108.0,37
2024-06-24,SUC-02,PROD-014,Accesorios,545.66,0,71.0,22
2024-07-01,SUC-02,PROD-014,Accesorios,532.44,0,49.0,31
2024-07-08,SUC-02,PROD-014,Accesorios,458.33,1,107.0,22
2024-07-15,SUC-02,PROD-014,Accesorios,547.05,0,85.0,28
2024-07-22,SUC-02,PROD-014,Accesorios,545.19,0,57.0,31
2024-07-29,SUC-02,PROD-014,Accesorios,541.28,0,85.0,16
2024-08-05,SUC-02,PROD-014,Accesorios,529.82,0,69.0,26
2024-08-12,SUC-02,PROD-014,Accesorios,541.6,0,43.0,24
2024-08-19,SUC-02,PROD-014,Accesorios,558.34,0,62.0,23
2024-08-26,SUC-02,PROD-014,Accesorios,558.89,0,39.0,20
2024-09-02,SUC-02,PROD-014,Accesorios,529.5,0,19.0,19
2024-09-09,SUC-02,PROD-014,Accesorios,544.55,0,59.0,12
2024-09-16,SUC-02,PROD-014,Accesorios,536.42,0,47.0,20
2024-09-23,SUC-02,PROD-014,Accesorios,544.48,0,27.0,27
2024-09-30,SUC-02,PROD-014,Accesorios,531.53,0,78.0,18
2024-10-07,SUC-02,PROD-014,Accesorios,535.42,0,60.0,29
2024-10-14,SUC-02,PROD-014,Accesorios,560.4,0,31.0,21
2024-10-21,SUC-02,PROD-014,Accesorios,548.52,0,69.0,19
2024-10-28,SUC-02,PROD-014,Accesorios,530.54,0,50.0,23
2024-11-04,SUC-02,PROD-014,Accesorios,559.82,0,27.0,27
2024-11-11,SUC-02,PROD-014,Accesorios,464.32,1,170.0,63
2024-11-18,SUC-02,PROD-014,Accesorios,529.16,0,107.0,31
2024-11-25,SUC-02,PROD-014,Accesorios,472.2,1,76.0,30
2024-12-02,SUC-02,PROD-014,Accesorios,536.16,0,125.0,34
2024-12-09,SUC-02,PROD-014,Accesorios,555.04,0,91.0,39
2024-12-16,SUC-02,PROD-014,Accesorios,537.91,0,52.0,28
2024-12-23,SUC-02,PROD-014,Accesorios,456.23,1,208.0,44
2024-12-30,SUC-02,PROD-014,Accesorios,545.73,0,164.0,30
2025-01-06,SUC-02,PROD-014,Accesorios,556.01,0,134.0,51
2025-01-13,SUC-02,PROD-014,Accesorios,541.45,0,135.0,34
2025-01-20,SUC-02,PROD-014,Accesorios,480.19,1,101.0,35
2025-01-27,SUC-02,PROD-014,Accesorios,536.16,0,66.0,55
2025-02-03,SUC-02,PROD-014,Accesorios,537.36,0,11.0,11
2025-02-10,SUC-02,PROD-014,Accesorios,458.0,1,0.0,0
2025-02-17,SUC-02,PROD-014,Accesorios,557.5,0,0.0,0
2025-02-24,SUC-02,PROD-014,Accesorios,552.72,0,124.0,44
2025-03-03,SUC-02,PROD-014,Accesorios,536.66,0,80.0,39
2025-03-10,SUC-02,PROD-014,Accesorios,536.46,0,41.0,39
2025-03-17,SUC-02,PROD-014,Accesorios,459.98,1,201.0,999999
2025-03-24,SUC-02,PROD-014,Accesorios,534.83,0,159.0,36
2025-03-31,SUC-02,PROD-014,Accesorios,554.43,0,123.0,33
2025-04-07,SUC-02,PROD-014,Accesorios,555.58,0,101.0,39
2025-04-14,SUC-02,PROD-014,Accesorios,529.0,0,62.0,31
2025-04-21,SUC-02,PROD-014,Accesorios,556.49,0,31.0,31
2025-04-28,SUC-02,PROD-014,Accesorios,558.61,0,92.0,27
2025-05-05,SUC-02,PROD-014,Accesorios,535.29,0,65.0,34
2025-05-12,SUC-02,PROD-014,Accesorios,547.0,0,31.0,22
2025-05-19,SUC-02,PROD-014,Accesorios,478.15,1,9.0,9
2025-05-26,SUC-02,PROD-014,Accesorios,540.5,0,0.0,0
2025-06-02,SUC-02,PROD-014,Accesorios,454.92,1,0.0,0
2025-06-09,SUC-02,PROD-014,Accesorios,457.14,1,108.0,35
2025-06-16,SUC-02,PROD-014,Accesorios,537.67,0,73.0,38
2025-06-23,SUC-02,PROD-014,Accesorios,531.57,0,35.0,30
2025-06-30,SUC-02,PROD-014,Accesorios,540.91,0,63.0,26
2025-07-07,SUC-02,PROD-014,Accesorios,535.86,0,37.0,31
2025-07-14,SUC-02,PROD-014,Accesorios,540.18,0,6.0,6
2025-07-21,SUC-02,PROD-014,Accesorios,550.58,0,58.0,21
2025-07-28,SUC-02,PROD-014,Accesorios,548.54,0,37.0,14
2025-08-04,SUC-02,PROD-014,Accesorios,554.39,0,23.0,23
2025-08-11,SUC-02,PROD-014,Accesorios,540.2,0,0.0,0
2025-08-18,SUC-02,PROD-014,Accesorios,457.24,1,0.0,0
2025-08-25,SUC-02,PROD-014,Accesorios,551.0,0,0.0,0
2025-09-01,SUC-02,PROD-014,Accesorios,553.54,0,54.0,22
2025-09-08,SUC-02,PROD-014,Accesorios,558.42,0,32.0,22
2025-09-15,SUC-02,PROD-014,Accesorios,530.22,0,10.0,10
2025-09-22,SUC-02,PROD-014,Accesorios,470.65,1,81.0,21
2025-09-29,SUC-02,PROD-014,Accesorios,553.64,0,60.0,23
2025-10-06,SUC-02,PROD-014,Accesorios,546.2,0,37.0,24
2025-10-13,SUC-02,PROD-014,Accesorios,540.93,0,88.0,999999
2025-10-20,SUC-02,PROD-014,Accesorios,457.51,1,63.0,25
2025-10-27,SUC-02,PROD-014,Accesorios,560.3,0,38.0,28
2025-11-03,SUC-02,PROD-014,Accesorios,537.2,0,68.0,25
2025-11-10,SUC-02,PROD-014,Accesorios,555.13,0,43.0,24
2025-11-17,SUC-02,PROD-014,Accesorios,553.17,0,19.0,19
2025-11-24,SUC-02,PROD-014,Accesorios,556.81,0,95.0,32
2025-12-01,SUC-02,PROD-014,Accesorios,553.99,0,63.0,21
2025-12-08,SUC-02,PROD-014,Accesorios,554.83,0,42.0,37
2025-12-15,SUC-02,PROD-014,Accesorios,547.83,0,93.0,24
2025-12-22,SUC-02,PROD-014,Accesorios,554.91,0,69.0,18
2024-01-01,SUC-03,PROD-014,Accesorios,537.65,0,146.0,35
2024-01-08,SUC-03,PROD-014,Accesorios,556.43,0,111.0,33
2024-01-15,SUC-03,PROD-014,Accesorios,529.88,0,78.0,46
2024-01-22,SUC-03,PROD-014,Accesorios,530.68,0,137.0,40
2024-01-29,SUC-03,PROD-014,Accesorios,531.99,0,97.0,37
2024-02-05,SUC-03,PROD-014,Accesorios,551.26,0,60.0,36
2024-02-12,SUC-03,PROD-014,Accesorios,460.97,1,187.0,55
2024-02-19,SUC-03,PROD-014,Accesorios,545.76,0,132.0,48
2024-02-26,SUC-03,PROD-014,Accesorios,540.36,0,84.0,40
2024-03-04,SUC-03,PROD-014,Accesorios,541.22,0,130.0,57
2024-03-11,SUC-03,PROD-014,Accesorios,479.37,1,73.0,73
2024-03-18,SUC-03,PROD-014,Accesorios,473.14,1,0.0,999999
2024-03-25,SUC-03,PROD-014,Accesorios,541.56,0,124.0,53
2024-04-01,SUC-03,PROD-014,Accesorios,533.94,0,71.0,53
2024-04-08,SUC-03,PROD-014,Accesorios,552.64,0,18.0,18
2024-04-15,SUC-03,PROD-014,Accesorios,534.16,0,107.0,52
2024-04-22,SUC-03,PROD-014,Accesorios,466.31,1,55.0,52
2024-04-29,SUC-03,PROD-014,Accesorios,560.57,0,3.0,3
2024-05-06,SUC-03,PROD-014,Accesorios,535.94,0,147.0,46
2024-05-13,SUC-03,PROD-014,Accesorios,561.48,0,101.0,33
2024-05-20,SUC-03,PROD-014,Accesorios,543.96,0,68.0,36
2024-05-27,SUC-03,PROD-014,Accesorios,531.91,0,113.0,38
2024-06-03,SUC-03,PROD-014,Accesorios,552.8,0,75.0,45
2024-06-10,SUC-03,PROD-014,Accesorios,542.63,0,30.0,30
2024-06-17,SUC-03,PROD-014,Accesorios,478.99,1,178.0,54
2024-06-24,SUC-03,PROD-014,Accesorios,537.61,0,124.0,59
2024-07-01,SUC-03,PROD-014,Accesorios,556.94,0,65.0,35
2024-07-08,SUC-03,PROD-014,Accesorios,529.37,0,76.0,32
2024-07-15,SUC-03,PROD-014,Accesorios,531.07,0,44.0,26
2024-07-22,SUC-03,PROD-014,Accesorios,550.14,0,18.0,18
2024-07-29,SUC-03,PROD-014,Accesorios,540.33,0,98.0,30
2024-08-05,SUC-03,PROD-014,Accesorios,548.97,0,68.0,36
2024-08-12,SUC-03,PROD-014,Accesorios,558.97,0,32.0,22
2024-08-19,SUC-03,PROD-014,Accesorios,529.61,0,69.0,31
2024-08-26,SUC-03,PROD-014,Accesorios,533.93,0,38.0,28
2024-09-02,SUC-03,PROD-014,Accesorios,458.0,1,10.0,10
2024-09-09,SUC-03,PROD-014,Accesorios,536.69,0,71.0,33
2024-09-16,SUC-03,PROD-014,Accesorios,553.16,0,38.0,23
2024-09-23,SUC-03,PROD-014,Accesorios,533.81,0,15.0,15
2024-09-30,SUC-03,PROD-014,Accesorios,555.67,0,85.0,30
2024-10-07,SUC-03,PROD-014,Accesorios,548.05,0,55.0,20
2024-10-14,SUC-03,PROD-014,Accesorios,533.81,0,35.0,29
2024-10-21,SUC-03,PROD-014,Accesorios,533.57,0,112.0,34
2024-10-28,SUC-03,PROD-014,Accesorios,558.37,0,78.0,29
2024-11-04,SUC-03,PROD-014,Accesorios,538.42,0,49.0,23
2024-11-11,SUC-03,PROD-014,Accesorios,537.09,0,104.0,42
2024-11-18,SUC-03,PROD-014,Accesorios,556.19,0,62.0,32
2024-11-25,SUC-03,PROD-014,Accesorios,467.84,1,30.0,23
2024-12-02,SUC-03,PROD-014,Accesorios,558.95,0,104.0,45
2024-12-09,SUC-03,PROD-014,Accesorios,549.51,0,59.0,32
2024-12-16,SUC-03,PROD-014,Accesorios,556.48,0,27.0,27
2024-12-23,SUC-03,PROD-014,Accesorios,544.31,0,142.0,43
2024-12-30,SUC-03,PROD-014,Accesorios,550.54,0,99.0,33
2025-01-06,SUC-03,PROD-014,Accesorios,541.32,0,66.0,55
2025-01-13,SUC-03,PROD-014,Accesorios,537.16,0,138.0,47
2025-01-20,SUC-03,PROD-014,Accesorios,474.3,1,91.0,26
2025-01-27,SUC-03,PROD-014,Accesorios,554.27,0,65.0,45
2025-02-03,SUC-03,PROD-014,Accesorios,549.51,0,152.0,50
2025-02-10,SUC-03,PROD-014,Accesorios,540.52,0,102.0,45
2025-02-17,SUC-03,PROD-014,Accesorios,532.64,0,57.0,48
2025-02-24,SUC-03,PROD-014,Accesorios,554.17,0,164.0,45
2025-03-03,SUC-03,PROD-014,Accesorios,554.74,0,119.0,53
2025-03-10,SUC-03,PROD-014,Accesorios,543.41,0,66.0,48
2025-03-17,SUC-03,PROD-014,Accesorios,535.31,0,128.0,24
2025-03-24,SUC-03,PROD-014,Accesorios,466.06,1,104.0,65
2025-03-31,SUC-03,PROD-014,Accesorios,461.85,1,39.0,39
2025-04-07,SUC-03,PROD-014,Accesorios,546.34,0,153.0,36
2025-04-14,SUC-03,PROD-014,Accesorios,543.06,0,117.0,41
2025-04-21,SUC-03,PROD-014,Accesorios,543.07,0,76.0,41
2025-04-28,SUC-03,PROD-014,Accesorios,537.53,0,148.0,38
2025-05-05,SUC-03,PROD-014,Accesorios,552.85,0,110.0,37
2025-05-12,SUC-03,PROD-014,Accesorios,539.5,0,73.0,49
2025-05-19,SUC-03,PROD-014,Accesorios,542.81,0,24.0,24
2025-05-26,SUC-03,PROD-014,Accesorios,558.19,0,0.0,0
2025-06-02,SUC-03,PROD-014,Accesorios,480.49,1,0.0,0
2025-06-09,SUC-03,PROD-014,Accesorios,537.77,0,83.0,35
2025-06-16,SUC-03,PROD-014,Accesorios,552.59,0,48.0,39
2025-06-23,SUC-03,PROD-014,Accesorios,532.7,0,9.0,9
2025-06-30,SUC-03,PROD-014,Accesorios,553.83,0,87.0,33
2025-07-07,SUC-03,PROD-014,Accesorios,542.28,0,54.0,26
2025-07-14,SUC-03,PROD-014,Accesorios,544.34,0,28.0,26
2025-07-21,SUC-03,PROD-014,Accesorios,480.7,1,109.0,35
2025-07-28,SUC-03,PROD-014,Accesorios,540.38,0,74.0,35
2025-08-04,SUC-03,PROD-014,Accesorios,551.53,0,39.0,14
2025-08-11,SUC-03,PROD-014,Accesorios,470.54,1,154.0,49
2025-08-18,SUC-03,PROD-014,Accesorios,547.56,0,105.0,33
2025-08-25,SUC-03,PROD-014,Accesorios,548.3,0,72.0,32
2025-09-01,SUC-03,PROD-014,Accesorios,551.12,0,93.0,32
2025-09-08,SUC-03,PROD-014,Accesorios,551.75,0,61.0,25
2025-09-15,SUC-03,PROD-014,Accesorios,536.56,0,36.0,22
2025-09-22,SUC-03,PROD-014,Accesorios,558.76,0,84.0,18
2025-09-29,SUC-03,PROD-014,Accesorios,553.83,0,66.0,24
2025-10-06,SUC-03,PROD-014,Accesorios,542.69,0,42.0,33
2025-10-13,SUC-03,PROD-014,Accesorios,553.31,0,90.0,37
2025-10-20,SUC-03,PROD-014,Accesorios,555.78,0,53.0,15
2025-10-27,SUC-03,PROD-014,Accesorios,538.49,0,38.0,26
2025-11-03,SUC-03,PROD-014,Accesorios,457.77,1,123.0,33
2025-11-10,SUC-03,PROD-014,Accesorios,549.56,0,90.0,35
2025-11-17,SUC-03,PROD-014,Accesorios,545.97,0,55.0,32
2025-11-24,SUC-03,PROD-014,Accesorios,543.47,0,23.0,23
2025-12-01,SUC-03,PROD-014,Accesorios,456.11,1,0.0,0
2025-12-08,SUC-03,PROD-014,Accesorios,529.87,0,0.0,0
2025-12-15,SUC-03,PROD-014,Accesorios,555.92,0,143.0,27
2025-12-22,SUC-03,PROD-014,Accesorios,544.17,0,116.0,21
2024-01-01,SUC-04,PROD-014,Accesorios,457.52,1,265.0,80
2024-01-08,SUC-04,PROD-014,Accesorios,561.02,0,185.0,48
2024-01-15,SUC-04,PROD-014,Accesorios,460.59,1,137.0,67
2024-01-22,SUC-04,PROD-014,Accesorios,538.48,0,209.0,54
2024-01-29,SUC-04,PROD-014,Accesorios,543.42,0,155.0,35
2024-02-05,SUC-04,PROD-014,Accesorios,465.93,1,120.0,58
2024-02-12,SUC-04,PROD-014,Accesorios,555.68,0,134.0,58
2024-02-19,SUC-04,PROD-014,Accesorios,554.18,0,76.0,45
2024-02-26,SUC-04,PROD-014,Accesorios,558.27,0,31.0,31
2024-03-04,SUC-04,PROD-014,Accesorios,541.78,0,144.0,47
2024-03-11,SUC-04,PROD-014,Accesorios,529.43,0,97.0,57
2024-03-18,SUC-04,PROD-014,Accesorios,534.74,0,40.0,40
2024-03-25,SUC-04,PROD-014,Accesorios,475.23,1,187.0,61
2024-04-01,SUC-04,PROD-014,Accesorios,533.22,0,126.0,52
2024-04-08,SUC-04,PROD-014,Accesorios,556.21,0,74.0,46
2024-04-15,SUC-04,PROD-014,Accesorios,474.99,1,253.0,52
2024-04-22,SUC-04,PROD-014,Accesorios,560.61,0,201.0,72
2024-04-29,SUC-04,PROD-014,Accesorios,546.16,0,129.0,45
2024-05-06,SUC-04,PROD-014,Accesorios,478.25,1,175.0,56
2024-05-13,SUC-04,PROD-014,Accesorios,559.97,0,119.0,38
2024-05-20,SUC-04,PROD-014,Accesorios,467.13,1,81.0,81
2024-05-27,SUC-04,PROD-014,Accesorios,540.45,0,0.0,0
2024-06-03,SUC-04,PROD-014,Accesorios,555.88,0,0.0,0
2024-06-10,SUC-04,PROD-014,Accesorios,476.05,1,0.0,0
2024-06-17,SUC-04,PROD-014,Accesorios,529.07,0,122.0,56
2024-06-24,SUC-04,PROD-014,Accesorios,470.41,1,66.0,35
2024-07-01,SUC-04,PROD-014,Accesorios,,1,31.0,31
2024-07-08,SUC-04,PROD-014,Accesorios,462.04,1,151.0,55
2024-07-15,SUC-04,PROD-014,Accesorios,469.58,1,96.0,41
2024-07-22,SUC-04,PROD-014,Accesorios,556.87,0,55.0,40
2024-07-29,SUC-04,PROD-014,Accesorios,544.98,0,114.0,38
2024-08-05,SUC-04,PROD-014,Accesorios,548.58,0,76.0,39
2024-08-12,SUC-04,PROD-014,Accesorios,536.98,0,37.0,32
2024-08-19,SUC-04,PROD-014,Accesorios,553.88,0,5.0,5
2024-08-26,SUC-04,PROD-014,Accesorios,464.01,1,0.0,0
2024-09-02,SUC-04,PROD-014,Accesorios,470.75,1,0.0,0
2024-09-09,SUC-04,PROD-014,Accesorios,541.02,0,102.0,34
2024-09-16,SUC-04,PROD-014,Accesorios,556.11,0,68.0,33
2024-09-23,SUC-04,PROD-014,Accesorios,539.17,0,35.0,35
2024-09-30,SUC-04,PROD-014,Accesorios,529.03,0,89.0,34
2024-10-07,SUC-04,PROD-014,Accesorios,542.17,0,55.0,38
2024-10-14,SUC-04,PROD-014,Accesorios,533.94,0,17.0,17
2024-10-21,SUC-04,PROD-014,Accesorios,535.34,0,119.0,26
2024-10-28,SUC-04,PROD-014,Accesorios,548.32,0,93.0,36
2024-11-04,SUC-04,PROD-014,Accesorios,541.9,0,57.0,35
2024-11-11,SUC-04,PROD-014,Accesorios,465.3,1,146.0,51
2024-11-18,SUC-04,PROD-014,Accesorios,554.43,0,95.0,45
2024-11-25,SUC-04,PROD-014,Accesorios,536.52,0,50.0,49
2024-12-02,SUC-04,PROD-014,Accesorios,558.02,0,152.0,49
2024-12-09,SUC-04,PROD-014,Accesorios,559.06,0,103.0,32
2024-12-16,SUC-04,PROD-014,Accesorios,459.81,1,71.0,43
2024-12-23,SUC-04,PROD-014,Accesorios,537.95,0,194.0,39
2024-12-30,SUC-04,PROD-014,Accesorios,553.17,0,155.0,52
2025-01-06,SUC-04,PROD-014,Accesorios,546.9,0,103.0,46
2025-01-13,SUC-04,PROD-014,Accesorios,532.7,0,132.0,60
2025-01-20,SUC-04,PROD-014,Accesorios,543.2,0,72.0,56
2025-01-27,SUC-04,PROD-014,Accesorios,556.68,0,16.0,16
2025-02-03,SUC-04,PROD-014,Accesorios,458.56,1,299.0,60
2025-02-10,SUC-04,PROD-014,Accesorios,561.46,0,239.0,57
2025-02-17,SUC-04,PROD-014,Accesorios,469.66,1,182.0,74
2025-02-24,SUC-04,PROD-014,Accesorios,554.0,0,172.0,61
2025-03-03,SUC-04,PROD-014,Accesorios,556.28,0,111.0,53
2025-03-10,SUC-04,PROD-014,Accesorios,548.77,0,58.0,44
2025-03-17,SUC-04,PROD-014,Accesorios,543.54,0,129.0,57
2025-03-24,SUC-04,PROD-014,Accesorios,550.02,0,72.0,23
2025-03-31,SUC-04,PROD-014,Accesorios,475.88,1,49.0,49
2025-04-07,SUC-04,PROD-014,Accesorios,532.33,0,159.0,45
2025-04-14,SUC-04,PROD-014,Accesorios,555.92,0,114.0,57
2025-04-21,SUC-04,PROD-014,Accesorios,482.37,1,57.0,57
2025-04-28,SUC-04,PROD-014,Accesorios,559.82,0,141.0,48
2025-05-05,SUC-04,PROD-014,Accesorios,461.9,1,93.0,67
2025-05-12,SUC-04,PROD-014,Accesorios,545.54,0,26.0,26
2025-05-19,SUC-04,PROD-014,Accesorios,557.12,0,131.0,56
2025-05-26,SUC-04,PROD-014,Accesorios,557.74,0,75.0,48
2025-06-02,SUC-04,PROD-014,Accesorios,554.51,0,27.0,27
2025-06-09,SUC-04,PROD-014,Accesorios,543.45,0,98.0,46
2025-06-16,SUC-04,PROD-014,Accesorios,549.62,0,52.0,34
2025-06-23,SUC-04,PROD-014,Accesorios,546.58,0,18.0,18
2025-06-30,SUC-04,PROD-014,Accesorios,530.15,0,120.0,32
2025-07-07,SUC-04,PROD-014,Accesorios,541.67,0,88.0,38
2025-07-14,SUC-04,PROD-014,Accesorios,558.35,0,50.0,28
2025-07-21,SUC-04,PROD-014,Accesorios,545.01,0,79.0,28
2025-07-28,SUC-04,PROD-014,Accesorios,536.91,0,51.0,26
2025-08-04,SUC-04,PROD-014,Accesorios,539.2,0,25.0,25
2025-08-11,SUC-04,PROD-014,Accesorios,538.71,0,76.0,26
2025-08-18,SUC-04,PROD-014,Accesorios,557.31,0,50.0,35
2025-08-25,SUC-04,PROD-014,Accesorios,457.7,1,15.0,15
2025-09-01,SUC-04,PROD-014,Accesorios,529.06,0,0.0,0
2025-09-08,SUC-04,PROD-014,Accesorios,558.9,0,0.0,0
2025-09-15,SUC-04,PROD-014,Accesorios,539.03,0,0.0,0
2025-09-22,SUC-04,PROD-014,Accesorios,548.83,0,95.0,34
2025-09-29,SUC-04,PROD-014,Accesorios,560.16,0,61.0,33
2025-10-06,SUC-04,PROD-014,Accesorios,477.11,1,28.0,28
2025-10-13,SUC-04,PROD-014,Accesorios,463.22,1,170.0,44
2025-10-20,SUC-04,PROD-014,Accesorios,532.86,0,126.0,36
2025-10-27,SUC-04,PROD-014,Accesorios,560.42,0,90.0,31
2025-11-03,SUC-04,PROD-014,Accesorios,535.41,0,121.0,40
2025-11-10,SUC-04,PROD-014,Accesorios,530.21,0,81.0,33
2025-11-17,SUC-04,PROD-014,Accesorios,469.25,1,48.0,41
2025-11-24,SUC-04,PROD-014,Accesorios,480.87,1,7.0,7
2025-12-01,SUC-04,PROD-014,Accesorios,529.8,0,0.0,0
2025-12-08,SUC-04,PROD-014,Accesorios,556.75,0,0.0,0
2025-12-15,SUC-04,PROD-014,Accesorios,543.33,0,130.0,60
2025-12-22,SUC-04,PROD-014,Accesorios,466.47,1,70.0,42
2024-01-01,SUC-05,PROD-014,Accesorios,538.76,0,154.0,65
2024-01-08,SUC-05,PROD-014,Accesorios,534.01,0,89.0,64
2024-01-15,SUC-05,PROD-014,Accesorios,542.9,0,25.0,25
2024-01-22,SUC-05,PROD-014,Accesorios,551.91,0,192.0,72
2024-01-29,SUC-05,PROD-014,Accesorios,554.11,0,120.0,75
2024-02-05,SUC-05,PROD-014,Accesorios,553.06,0,45.0,43
2024-02-12,SUC-05,PROD-014,Accesorios,463.89,1,322.0,68
2024-02-19,SUC-05,PROD-014,Accesorios,547.84,0,254.0,65
2024-02-26,SUC-05,PROD-014,Accesorios,535.91,0,189.0,61
2024-03-04,SUC-05,PROD-014,Accesorios,538.04,0,162.0,49
2024-03-11,SUC-05,PROD-014,Accesorios,530.09,0,113.0,68
2024-03-18,SUC-05,PROD-014,Accesorios,544.71,0,45.0,45
2024-03-25,SUC-05,PROD-014,Accesorios,481.56,1,285.0,58
2024-04-01,SUC-05,PROD-014,Accesorios,546.63,0,227.0,64
2024-04-08,SUC-05,PROD-014,Accesorios,550.61,0,163.0,52
2024-04-15,SUC-05,PROD-014,Accesorios,479.21,1,262.0,69
2024-04-22,SUC-05,PROD-014,Accesorios,552.45,0,193.0,63
2024-04-29,SUC-05,PROD-014,Accesorios,556.34,0,130.0,66
2024-05-06,SUC-05,PROD-014,Accesorios,460.36,1,297.0,45
2024-05-13,SUC-05,PROD-014,Accesorios,545.44,0,252.0,45
2024-05-20,SUC-05,PROD-014,Accesorios,537.97,0,207.0,38
2024-05-27,SUC-05,PROD-014,Accesorios,544.02,0,187.0,52
2024-06-03,SUC-05,PROD-014,Accesorios,555.03,0,135.0,38
2024-06-10,SUC-05,PROD-014,Accesorios,530.44,0,97.0,46
2024-06-17,SUC-05,PROD-014,Accesorios,558.27,0,156.0,35
2024-06-24,SUC-05,PROD-014,Accesorios,546.31,0,121.0,38
2024-07-01,SUC-05,PROD-014,Accesorios,557.74,0,83.0,45
2024-07-08,SUC-05,PROD-014,Accesorios,475.62,1,198.0,56
2024-07-15,SUC-05,PROD-014,Accesorios,534.04,0,142.0,47
2024-07-22,SUC-05,PROD-014,Accesorios,532.51,0,95.0,34
2024-07-29,SUC-05,PROD-014,Accesorios,456.2,1,169.0,45
2024-08-05,SUC-05,PROD-014,Accesorios,478.48,1,124.0,41
2024-08-12,SUC-05,PROD-014,Accesorios,528.88,0,83.0,61
2024-08-19,SUC-05,PROD-014,Accesorios,546.58,0,132.0,36
2024-08-26,SUC-05,PROD-014,Accesorios,545.86,0,96.0,33
2024-09-02,SUC-05,PROD-014,Accesorios,560.51,0,63.0,36
2024-09-09,SUC-05,PROD-014,Accesorios,534.04,0,111.0,44
2024-09-16,SUC-05,PROD-014,Accesorios,537.07,0,67.0,44
2024-09-23,SUC-05,PROD-014,Accesorios,474.21,1,23.0,23
2024-09-30,SUC-05,PROD-014,Accesorios,550.73,0,0.0,0
2024-10-07,SUC-05,PROD-014,Accesorios,531.03,0,0.0,0
2024-10-14,SUC-05,PROD-014,Accesorios,556.29,0,0.0,0
2024-10-21,SUC-05,PROD-014,Accesorios,470.47,1,217.0,36
2024-10-28,SUC-05,PROD-014,Accesorios,552.66,0,181.0,38
2024-11-04,SUC-05,PROD-014,Accesorios,554.1,0,143.0,39
2024-11-11,SUC-05,PROD-014,Accesorios,534.83,0,166.0,40
2024-11-18,SUC-05,PROD-014,Accesorios,,0,126.0,34
2024-11-25,SUC-05,PROD-014,Accesorios,465.84,1,92.0,60
2024-12-02,SUC-05,PROD-014,Accesorios,532.68,0,173.0,47
2024-12-09,SUC-05,PROD-014,Accesorios,559.46,0,126.0,49
2024-12-16,SUC-05,PROD-014,Accesorios,545.41,0,77.0,60
2024-12-23,SUC-05,PROD-014,Accesorios,470.43,1,306.0,82
2024-12-30,SUC-05,PROD-014,Accesorios,534.5,0,,59
2025-01-06,SUC-05,PROD-014,Accesorios,537.85,0,165.0,40
2025-01-13,SUC-05,PROD-014,Accesorios,554.34,0,125.0,97
2025-01-20,SUC-05,PROD-014,Accesorios,560.08,0,28.0,28
2025-01-27,SUC-05,PROD-014,Accesorios,540.05,0,0.0,0
2025-02-03,SUC-05,PROD-014,Accesorios,532.55,0,225.0,59
2025-02-10,SUC-05,PROD-014,Accesorios,548.91,0,166.0,85
2025-02-17,SUC-05,PROD-014,Accesorios,478.11,1,81.0,52
2025-02-24,SUC-05,PROD-014,Accesorios,555.0,0,157.0,69
2025-03-03,SUC-05,PROD-014,Accesorios,561.18,0,88.0,75
2025-03-10,SUC-05,PROD-014,Accesorios,537.04,0,13.0,13
2025-03-17,SUC-05,PROD-014,Accesorios,553.14,0,0.0,0
2025-03-24,SUC-05,PROD-014,Accesorios,539.07,0,0.0,0
2025-03-31,SUC-05,PROD-014,Accesorios,464.79,1,0.0,0
2025-04-07,SUC-05,PROD-014,Accesorios,560.84,0,192.0,50
2025-04-14,SUC-05,PROD-014,Accesorios,530.01,0,142.0,60
2025-04-21,SUC-05,PROD-014,Accesorios,545.34,0,82.0,54
2025-04-28,SUC-05,PROD-014,Accesorios,538.3,0,28.0,28
2025-05-05,SUC-05,PROD-014,Accesorios,552.01,0,0.0,0
2025-05-12,SUC-05,PROD-014,Accesorios,551.32,0,0.0,0
2025-05-19,SUC-05,PROD-014,Accesorios,554.56,0,159.0,54
2025-05-26,SUC-05,PROD-014,Accesorios,543.8,0,105.0,38
2025-06-02,SUC-05,PROD-014,Accesorios,530.91,0,67.0,38
2025-06-09,SUC-05,PROD-014,Accesorios,535.78,0,29.0,29
2025-06-16,SUC-05,PROD-014,Accesorios,454.98,1,0.0,0
2025-06-23,SUC-05,PROD-014,Accesorios,531.07,0,0.0,0
2025-06-30,SUC-05,PROD-014,Accesorios,539.87,0,162.0,39
2025-07-07,SUC-05,PROD-014,Accesorios,533.71,0,123.0,45
2025-07-14,SUC-05,PROD-014,Accesorios,464.79,1,78.0,55
2025-07-21,SUC-05,PROD-014,Accesorios,532.48,0,126.0,51
2025-07-28,SUC-05,PROD-014,Accesorios,460.2,1,75.0,29
2025-08-04,SUC-05,PROD-014,Accesorios,533.73,0,46.0,36
2025-08-11,SUC-05,PROD-014,Accesorios,464.57,1,10.0,10
2025-08-18,SUC-05,PROD-014,Accesorios,471.61,1,0.0,0
2025-08-25,SUC-05,PROD-014,Accesorios,545.14,0,0.0,0
2025-09-01,SUC-05,PROD-014,Accesorios,541.4,0,0.0,0
2025-09-08,SUC-05,PROD-014,Accesorios,553.57,0,0.0,0
2025-09-15,SUC-05,PROD-014,Accesorios,529.92,0,0.0,0
2025-09-22,SUC-05,PROD-014,Accesorios,533.51,0,0.0,0
2025-09-29,SUC-05,PROD-014,Accesorios,473.62,1,0.0,0
2025-10-06,SUC-05,PROD-014,Accesorios,548.05,0,0.0,0
2025-10-13,SUC-05,PROD-014, ACCESORIOS ,557.85,0,136.0,33
2025-10-20,SUC-05,PROD-014,Accesorios,546.23,0,103.0,31
2025-10-27,SUC-05,PROD-014,Accesorios,548.52,0,72.0,40
2025-11-03,SUC-05,PROD-014,Accesorios,546.44,0,135.0,39
2025-11-10,SUC-05,PROD-014,Accesorios,530.41,0,96.0,40
2025-11-17,SUC-05,PROD-014,Accesorios,547.88,0,56.0,36
2025-11-24,SUC-05,PROD-014,Accesorios,542.71,0,191.0,55
2025-12-01,SUC-05,PROD-014,Accesorios,533.8,0,136.0,53
2025-12-08,SUC-05,PROD-014,Accesorios,469.16,1,83.0,63
2025-12-15,SUC-05,PROD-014,Accesorios,475.66,1,251.0,62
2025-12-22,SUC-05,PROD-014,Accesorios,461.86,1,189.0,72
2024-01-01,SUC-01,PROD-015,Decoración,569.26,0,96.0,31
2024-01-08,SUC-01,PROD-015,Decoración,579.66,0,65.0,32
2024-01-15,SUC-01,PROD-015,Decoración,575.18,0,33.0,33
2024-01-22,SUC-01,PROD-015,Decoración,578.45,0,141.0,25
2024-01-29,SUC-01,PROD-015,Decoración,556.58,0,116.0,39
2024-02-05,SUC-01,PROD-015,Decoración,569.47,0,77.0,31
2024-02-12,SUC-01,PROD-015,Decoración,572.73,0,125.0,41
2024-02-19,SUC-01,PROD-015,Decoración,557.03,0,84.0,34
2024-02-26,SUC-01,PROD-015,Decoración,550.06,0,50.0,41
2024-03-04,SUC-01,PROD-015,Decoración,552.86,0,9.0,9
2024-03-11,SUC-01,PROD-015,Decoración,554.99,0,0.0,999999
2024-03-18,SUC-01,PROD-015,Decoración,562.61,0,0.0,0
2024-03-25,SUC-01,PROD-015,Decoración,570.03,0,103.0,30
2024-04-01,SUC-01,PROD-015,Decoración,562.68,0,73.0,26
2024-04-08,SUC-01,PROD-015,Decoración,550.75,0,47.0,23
2024-04-15,SUC-01,PROD-015,Decoración,556.06,0,24.0,24
2024-04-22,SUC-01,PROD-015,Decoración,568.6,0,0.0,0
2024-04-29,SUC-01,PROD-015,Decoración,549.7,0,0.0,0
2024-05-06,SUC-01,PROD-015,Decoración,499.24,1,99.0,34
2024-05-13,SUC-01,PROD-015,Decoración,563.04,0,65.0,29
2024-05-20,SUC-01,PROD-015,Decoración,498.62,1,36.0,32
2024-05-27,SUC-01,PROD-015,Decoración,477.14,1,126.0,30
2024-06-03,SUC-01,PROD-015,Decoración,566.91,0,96.0,29
2024-06-10,SUC-01,PROD-015,Decoración,579.82,0,67.0,32
2024-06-17,SUC-01,PROD-015,Decoración,556.69,0,60.0,19
2024-06-24,SUC-01,PROD-015,Decoración,474.12,1,41.0,27
2024-07-01,SUC-01,PROD-015,Decoración,563.72,0,14.0,14
2024-07-08,SUC-01,PROD-015,Decoración,572.12,0,0.0,0
2024-07-15,SUC-01,PROD-015,Decoración,580.44,0,0.0,0
2024-07-22,SUC-01,PROD-015,Decoración,553.39,0,0.0,0
2024-07-29,SUC-01,PROD-015,Decoración,577.48,0,55.0,20
2024-08-05,SUC-01,PROD-015,Decoración,569.04,0,35.0,17
2024-08-12,SUC-01,PROD-015,Decoración,556.76,0,18.0,18
2024-08-19,SUC-01,PROD-015,Decoración,483.7,1,86.0,16
2024-08-26,SUC-01,PROD-015,Decoración,562.31,0,70.0,27
2024-09-02,SUC-01,PROD-015,Decoración,570.24,0,43.0,23
2024-09-09,SUC-01,PROD-015,Decoración,566.41,0,62.0,25
2024-09-16,SUC-01,PROD-015,Decoración,551.79,0,37.0,33
2024-09-23,SUC-01,PROD-015,Decoración,-10.0,0,4.0,4
2024-09-30,SUC-01,PROD-015,Decoración,579.16,0,75.0,24
2024-10-07,SUC-01,PROD-015,Decoración,555.98,0,51.0,22
2024-10-14,SUC-01,PROD-015,Decoración,568.87,0,29.0,21
2024-10-21,SUC-01,PROD-015,Decoración,577.85,0,87.0,26
2024-10-28,SUC-01,PROD-015,Decoración,558.38,0,61.0,26
2024-11-04,SUC-01,PROD-015,Decoración,575.68,0,35.0,28
2024-11-11,SUC-01,PROD-015,Decoración,565.3,0,127.0,29
2024-11-18,SUC-01,PROD-015,Decoración,556.37,0,98.0,42
2024-11-25,SUC-01,PROD-015,Decoración,570.24,0,56.0,26
2024-12-02,SUC-01,PROD-015,Decoración,571.69,0,132.0,27
2024-12-09,SUC-01,PROD-015,Decoración,581.63,0,105.0,39
2024-12-16,SUC-01,PROD-015,Decoración,552.13,0,66.0,31
2024-12-23,SUC-01,PROD-015,Decoración,576.14,0,115.0,36
2024-12-30,SUC-01,PROD-015,Decoración,562.1,0,79.0,43
2025-01-06,SUC-01,PROD-015,Decoración,565.05,0,36.0,36
2025-01-13,SUC-01,PROD-015,Decoración,556.35,0,109.0,49
2025-01-20,SUC-01,PROD-015,Decoración,558.56,0,60.0,31
2025-01-27,SUC-01,PROD-015,Decoración,574.15,0,29.0,27
2025-02-03,SUC-01,PROD-015,Decoración,565.96,0,104.0,51
2025-02-10,SUC-01,PROD-015,Decoración,554.0,0,53.0,30
2025-02-17,SUC-01,PROD-015,Decoración,576.53,0,23.0,23
2025-02-24,SUC-01,PROD-015,Decoración,564.54,0,93.0,26
2025-03-03,SUC-01,PROD-015,Decoración,479.71,1,67.0,21
2025-03-10,SUC-01,PROD-015,Decoración,474.09,1,46.0,46
2025-03-17,SUC-01,PROD-015,Decoración,582.36,0,115.0,32
2025-03-24,SUC-01,PROD-015,Decoración,571.94,0,83.0,32
2025-03-31,SUC-01,PROD-015,Decoración,575.31,0,51.0,29
2025-04-07,SUC-01,PROD-015,Decoración,562.62,0,106.0,30
2025-04-14,SUC-01,PROD-015,Decoración,559.48,0,76.0,30
2025-04-21,SUC-01,PROD-015,Decoración,579.72,0,46.0,24
2025-04-28,SUC-01,PROD-015,Decoración,578.25,0,66.0,19
2025-05-05,SUC-01,PROD-015,Decoración,554.68,0,47.0,20
2025-05-12,SUC-01,PROD-015,Decoración,472.24,1,27.0,25
2025-05-19,SUC-01,PROD-015,Decoración,562.03,0,2.0,2
2025-05-26,SUC-01,PROD-015,Decoración,579.16,0,0.0,0
2025-06-02,SUC-01,PROD-015,Decoración,567.9,0,0.0,0
2025-06-09,SUC-01,PROD-015,Decoración,501.03,1,93.0,34
2025-06-16,SUC-01,PROD-015,Decoración,560.44,0,59.0,24
2025-06-23,SUC-01,PROD-015,Decoración,576.8,0,35.0,15
2025-06-30,SUC-01,PROD-015,Decoración,580.18,0,59.0,17
2025-07-07,SUC-01,PROD-015,Decoración,580.06,0,42.0,24
2025-07-14,SUC-01,PROD-015,Decoración,479.46,1,18.0,18
2025-07-21,SUC-01,PROD-015,Decoración,551.65,0,53.0,28
2025-07-28,SUC-01,PROD-015,Decoración,572.64,0,25.0,24
2025-08-04,SUC-01,PROD-015,Decoración,581.74,0,1.0,1
2025-08-11,SUC-01,PROD-015,Decoración,576.46,0,78.0,24
2025-08-18,SUC-01,PROD-015,Decoración,565.36,0,54.0,25
2025-08-25,SUC-01,PROD-015,Decoración,492.72,1,29.0,27
2025-09-01,SUC-01,PROD-015,Decoración,556.93,0,77.0,18
2025-09-08,SUC-01,PROD-015,Decoración,474.49,1,59.0,33
2025-09-15,SUC-01,PROD-015,Decoración,554.0,0,26.0,26
2025-09-22,SUC-01,PROD-015,Decoración,550.63,0,86.0,19
2025-09-29,SUC-01,PROD-015,Decoración,497.43,1,67.0,23
2025-10-06,SUC-01,PROD-015,Decoración,573.83,0,44.0,25
2025-10-13,SUC-01,PROD-015,Decoración,552.48,0,104.0,25
2025-10-20,SUC-01,PROD-015,Decoración,574.89,0,79.0,31
2025-10-27,SUC-01,PROD-015,Decoración,557.48,0,48.0,23
2025-11-03,SUC-01,PROD-015,Decoración,582.12,0,93.0,29
2025-11-10,SUC-01,PROD-015,Decoración,566.39,0,64.0,25
2025-11-17,SUC-01,PROD-015,Decoración,557.13,0,39.0,30
2025-11-24,SUC-01,PROD-015,Decoración,572.77,0,95.0,23
2025-12-01,SUC-01,PROD-015,Decoración,575.47,0,72.0,32
2025-12-08,SUC-01,PROD-015,Decoración,560.17,0,40.0,32
2025-12-15,SUC-01,PROD-015,Decoración,553.95,0,133.0,39
2025-12-22,SUC-01,PROD-015,Decoración,568.65,0,94.0,30
2024-01-01,SUC-02,PROD-015,Decoración,549.22,0,143.0,53
2024-01-08,SUC-02,PROD-015,Decoración,552.51,0,90.0,41
2024-01-15,SUC-02,PROD-015,Decoración,,0,49.0,41
2024-01-22,SUC-02,PROD-015, DECORACIÓN ,558.02,0,155.0,49
2024-01-29,SUC-02,PROD-015,Decoración,549.15,0,106.0,49
2024-02-05,SUC-02,PROD-015,Decoración,565.22,0,57.0,36
2024-02-12,SUC-02,PROD-015,Decoración,556.97,0,190.0,41
2024-02-19,SUC-02,PROD-015,Decoración,551.39,0,149.0,44
2024-02-26,SUC-02,PROD-015,Decoración,559.81,0,105.0,44
2024-03-04,SUC-02,PROD-015,Decoración,554.02,0,61.0,30
2024-03-11,SUC-02,PROD-015,Decoración,473.61,1,31.0,31
2024-03-18,SUC-02,PROD-015,Decoración,553.5,0,0.0,0
2024-03-25,SUC-02,PROD-015,Decoración,563.47,0,,39
2024-04-01,SUC-02,PROD-015,Decoración,558.69,0,125.0,38
2024-04-08,SUC-02,PROD-015,Decoración,500.3,1,87.0,41
2024-04-15,SUC-02,PROD-015,Decoración,480.38,1,203.0,999999
2024-04-22,SUC-02,PROD-015,Decoración,579.08,0,160.0,39
2024-04-29,SUC-02,PROD-015,Decoración,568.91,0,121.0,34
2024-05-06,SUC-02,PROD-015,Decoración,582.29,0,112.0,40
2024-05-13,SUC-02,PROD-015,Decoración,472.55,1,72.0,40
2024-05-20,SUC-02,PROD-015,Decoración,560.86,0,32.0,32
2024-05-27,SUC-02,PROD-015,Decoración,577.45,0,101.0,37
2024-06-03,SUC-02,PROD-015,Decoración,485.41,1,64.0,38
2024-06-10,SUC-02,PROD-015,Decoración,481.08,1,26.0,26
2024-06-17,SUC-02,PROD-015,Decoración,480.53,1,116.0,42
2024-06-24,SUC-02,PROD-015,Decoración,567.58,0,74.0,36
2024-07-01,SUC-02,PROD-015,Decoración,567.77,0,38.0,30
2024-07-08,SUC-02,PROD-015,Decoración,558.61,0,76.0,35
2024-07-15,SUC-02,PROD-015,Decoración,559.83,0,41.0,27
2024-07-22,SUC-02,PROD-015,Decoración,483.21,1,14.0,14
2024-07-29,SUC-02,PROD-015,Decoración,569.22,0,95.0,24
2024-08-05,SUC-02,PROD-015,Decoración,475.67,1,71.0,23
2024-08-12,SUC-02,PROD-015,Decoración,554.35,0,48.0,28
2024-08-19,SUC-02,PROD-015,Decoración,561.49,0,102.0,26
2024-08-26,SUC-02,PROD-015,Decoración,574.3,0,76.0,30
2024-09-02,SUC-02,PROD-015,Decoración,551.88,0,46.0,24
2024-09-09,SUC-02,PROD-015,Decoración,488.25,1,133.0,37
2024-09-16,SUC-02,PROD-015,Decoración,577.77,0,96.0,26
2024-09-23,SUC-02,PROD-015,Decoración,573.59,0,70.0,21
2024-09-30,SUC-02,PROD-015,Decoración,557.54,0,49.0,36
2024-10-07,SUC-02,PROD-015,Decoración,574.82,0,13.0,13
2024-10-14,SUC-02,PROD-015,Decoración,493.71,1,0.0,0
2024-10-21,SUC-02,PROD-015,Decoración,560.73,0,107.0,39
2024-10-28,SUC-02,PROD-015,Decoración,479.0,1,68.0,43
2024-11-04,SUC-02,PROD-015,Decoración,579.73,0,25.0,25
2024-11-11,SUC-02,PROD-015,Decoración,570.95,0,128.0,54
2024-11-18,SUC-02,PROD-015,Decoración,486.43,1,74.0,35
2024-11-25,SUC-02,PROD-015,Decoración,575.57,0,39.0,39
2024-12-02,SUC-02,PROD-015,Decoración,492.85,1,0.0,0
2024-12-09,SUC-02,PROD-015,Decoración,553.9,0,0.0,0
2024-12-16,SUC-02,PROD-015,Decoración,578.66,0,0.0,0
2024-12-23,SUC-02,PROD-015,Decoración,557.83,0,130.0,41
2024-12-30,SUC-02,PROD-015,Decoración,485.03,1,89.0,69
2025-01-06,SUC-02,PROD-015,Decoración,578.29,0,20.0,20
2025-01-13,SUC-02,PROD-015,Decoración,550.18,0,112.0,36
2025-01-20,SUC-02,PROD-015,Decoración,,0,76.0,45
2025-01-27,SUC-02,PROD-015,Decoración,564.86,0,31.0,31
2025-02-03,SUC-02,PROD-015,Decoración,580.09,0,120.0,51
2025-02-10,SUC-02,PROD-015,Decoración,560.02,0,69.0,37
2025-02-17,SUC-02,PROD-015,Decoración,483.58,1,32.0,32
2025-02-24,SUC-02,PROD-015,Decoración,555.23,0,169.0,47
2025-03-03,SUC-02,PROD-015,Decoración,570.67,0,122.0,43
2025-03-10,SUC-02,PROD-015,Decoración,579.64,0,79.0,37
2025-03-17,SUC-02,PROD-015,Decoración,577.07,0,148.0,37
2025-03-24,SUC-02,PROD-015,Decoración,580.71,0,111.0,55
2025-03-31,SUC-02,PROD-015,Decoración,579.72,0,56.0,41
2025-04-07,SUC-02,PROD-015,Decoración,550.82,0,93.0,16
2025-04-14,SUC-02,PROD-015,Decoración,560.18,0,77.0,37
2025-04-21,SUC-02,PROD-015,Decoración,577.1,0,40.0,31
2025-04-28,SUC-02,PROD-015,Decoración,563.98,0,114.0,32
2025-05-05,SUC-02,PROD-015,Decoración,562.55,0,82.0,33
2025-05-12,SUC-02,PROD-015,Decoración,578.16,0,49.0,31
2025-05-19,SUC-02,PROD-015,Decoración,570.65,0,87.0,27
2025-05-26,SUC-02,PROD-015,Decoración,581.05,0,60.0,20
2025-06-02,SUC-02,PROD-015,Decoración,568.15,0,40.0,32
2025-06-09,SUC-02,PROD-015,Decoración,578.18,0,100.0,28
2025-06-16,SUC-02,PROD-015,Decoración,575.55,0,72.0,27
2025-06-23,SUC-02,PROD-015,Decoración,472.66,1,45.0,31
2025-06-30,SUC-02,PROD-015,Decoración,576.37,0,62.0,32
2025-07-07,SUC-02,PROD-015,Decoración,551.87,0,30.0,26
2025-07-14,SUC-02,PROD-015,Decoración,556.48,0,4.0,4
2025-07-21,SUC-02,PROD-015,Decoración,552.09,0,67.0,21
2025-07-28,SUC-02,PROD-015,Decoración,497.78,1,46.0,27
2025-08-04,SUC-02,PROD-015,Decoración,550.85,0,19.0,19
2025-08-11,SUC-02,PROD-015,Decoración,571.55,0,99.0,25
2025-08-18,SUC-02,PROD-015,Decoración,556.23,0,74.0,29
2025-08-25,SUC-02,PROD-015,Decoración,569.69,0,45.0,26
2025-09-01,SUC-02,PROD-015,Decoración,551.55,0,19.0,19
2025-09-08,SUC-02,PROD-015,Decoración,498.41,1,0.0,0
2025-09-15,SUC-02,PROD-015,Decoración,549.66,0,0.0,0
2025-09-22,SUC-02,PROD-015,Decoración,555.82,0,94.0,31
2025-09-29,SUC-02,PROD-015,Decoración,557.44,0,63.0,21
2025-10-06,SUC-02,PROD-015,Decoración,572.23,0,42.0,24
2025-10-13,SUC-02,PROD-015,Decoración,555.23,0,18.0,18
2025-10-20,SUC-02,PROD-015,Decoración,580.93,0,0.0,0
2025-10-27,SUC-02,PROD-015,Decoración,561.06,0,0.0,0
2025-11-03,SUC-02,PROD-015,Decoración,568.21,0,117.0,42
2025-11-10,SUC-02,PROD-015,Decoración,552.29,0,75.0,35
2025-11-17,SUC-02,PROD-015,Decoración,566.7,0,40.0,40
2025-11-24,SUC-02,PROD-015,Decoración,480.86,1,155.0,25
2025-12-01,SUC-02,PROD-015,Decoración,552.09,0,130.0,44
2025-12-08,SUC-02,PROD-015,Decoración,474.06,1,86.0,62
2025-12-15,SUC-02,PROD-015,Decoración,572.27,0,129.0,42
2025-12-22,SUC-02,PROD-015,Decoración,562.47,0,87.0,38
2024-01-01,SUC-03,PROD-015,Decoración,559.24,0,176.0,52
2024-01-08,SUC-03,PROD-015,Decoración,567.68,0,124.0,44
2024-01-15,SUC-03,PROD-015,Decoración,581.02,0,80.0,65
2024-01-22,SUC-03,PROD-015,Decoración,552.29,0,179.0,53
2024-01-29,SUC-03,PROD-015,Decoración,478.68,1,126.0,40
2024-02-05,SUC-03,PROD-015,Decoración,552.63,0,86.0,50
2024-02-12,SUC-03,PROD-015,Decoración,578.05,0,213.0,54
2024-02-19,SUC-03,PROD-015,Decoración,555.9,0,159.0,45
2024-02-26,SUC-03,PROD-015,Decoración,565.37,0,114.0,60
2024-03-04,SUC-03,PROD-015,Decoración,565.08,0,157.0,41
2024-03-11,SUC-03,PROD-015,Decoración,581.16,0,116.0,68
2024-03-18,SUC-03,PROD-015,Decoración,568.9,0,48.0,48
2024-03-25,SUC-03,PROD-015,Decoración,570.98,0,156.0,56
2024-04-01,SUC-03,PROD-015,Decoración,578.07,0,100.0,37
2024-04-08,SUC-03,PROD-015,Decoración,553.65,0,63.0,44
2024-04-15,SUC-03,PROD-015,Decoración,563.0,0,19.0,19
2024-04-22,SUC-03,PROD-015,Decoración,551.86,0,0.0,0
2024-04-29,SUC-03,PROD-015,Decoración,491.47,1,0.0,0
2024-05-06,SUC-03,PROD-015,Decoración,575.5,0,118.0,46
2024-05-13,SUC-03,PROD-015,Decoración,565.63,0,72.0,33
2024-05-20,SUC-03,PROD-015,Decoración,582.4,0,39.0,39
2024-05-27,SUC-03,PROD-015,Decoración,495.6,1,145.0,44
2024-06-03,SUC-03,PROD-015,Decoración,575.88,0,101.0,40
2024-06-10,SUC-03,PROD-015,Decoración,569.18,0,61.0,42
2024-06-17,SUC-03,PROD-015,Decoración,581.53,0,90.0,48
2024-06-24,SUC-03,PROD-015,Decoración,474.32,1,42.0,34
2024-07-01,SUC-03,PROD-015,Decoración,483.94,1,8.0,8
2024-07-08,SUC-03,PROD-015,Decoración,553.29,0,126.0,32
2024-07-15,SUC-03,PROD-015,Decoración,571.12,0,-5.0,43
2024-07-22,SUC-03,PROD-015,Decoración,565.95,0,51.0,27
2024-07-29,SUC-03,PROD-015,Decoración,561.75,0,98.0,35
2024-08-05,SUC-03,PROD-015,Decoración,483.86,1,63.0,38
2024-08-12,SUC-03,PROD-015,Decoración,560.09,0,25.0,25
2024-08-19,SUC-03,PROD-015,Decoración,577.0,0,110.0,35
2024-08-26,SUC-03,PROD-015,Decoración,574.32,0,75.0,37
2024-09-02,SUC-03,PROD-015,Decoración,574.24,0,38.0,31
2024-09-09,SUC-03,PROD-015,Decoración,551.18,0,102.0,38
2024-09-16,SUC-03,PROD-015,Decoración,568.84,0,64.0,31
2024-09-23,SUC-03,PROD-015,Decoración,564.31,0,33.0,33
2024-09-30,SUC-03,PROD-015,Decoración,501.19,1,145.0,35
2024-10-07,SUC-03,PROD-015,Decoración,580.46,0,110.0,43
2024-10-14,SUC-03,PROD-015,Decoración,569.08,0,67.0,45
2024-10-21,SUC-03,PROD-015,Decoración,495.56,1,,76
2024-10-28,SUC-03,PROD-015,Decoración,560.05,0,137.0,64
2024-11-04,SUC-03,PROD-015,Decoración,574.21,0,73.0,44
2024-11-11,SUC-03,PROD-015,Decoración,563.31,0,29.0,29
2024-11-18,SUC-03,PROD-015,Decoración,556.3,0,0.0,0
2024-11-25,SUC-03,PROD-015,Decoración,497.64,1,0.0,0
2024-12-02,SUC-03,PROD-015,Decoración,565.81,0,141.0,54
2024-12-09,SUC-03,PROD-015,Decoración,570.06,0,87.0,42
2024-12-16,SUC-03,PROD-015,Decoración,575.92,0,45.0,45
2024-12-23,SUC-03,PROD-015,Decoración,482.41,1,293.0,36
2024-12-30,SUC-03,PROD-015,Decoración,552.12,0,257.0,72
2025-01-06,SUC-03,PROD-015,Decoración,479.56,1,185.0,59
2025-01-13,SUC-03,PROD-015,Decoración,498.95,1,229.0,63
2025-01-20,SUC-03,PROD-015,Decoración,570.7,0,166.0,56
2025-01-27,SUC-03,PROD-015,Decoración,566.57,0,110.0,76
2025-02-03,SUC-03,PROD-015,Decoración,582.78,0,193.0,69
2025-02-10,SUC-03,PROD-015,Decoración,475.95,1,124.0,58
2025-02-17,SUC-03,PROD-015,Decoración,558.05,0,66.0,66
2025-02-24,SUC-03,PROD-015,Decoración,551.0,0,-5.0,46
2025-03-03,SUC-03,PROD-015,Decoración,472.19,1,107.0,78
2025-03-10,SUC-03,PROD-015,Decoración,558.77,0,29.0,29
2025-03-17,SUC-03,PROD-015,Decoración,560.2,0,193.0,51
2025-03-24,SUC-03,PROD-015,Decoración,549.7,0,142.0,38
2025-03-31,SUC-03,PROD-015,Decoración,577.19,0,104.0,58
2025-04-07,SUC-03,PROD-015,Decoración,562.84,0,131.0,52
2025-04-14,SUC-03,PROD-015,Decoración,499.33,1,79.0,30
2025-04-21,SUC-03,PROD-015,Decoración,487.51,1,49.0,49
2025-04-28,SUC-03,PROD-015,Decoración,489.44,1,145.0,52
2025-05-05,SUC-03,PROD-015,Decoración,578.94,0,93.0,54
2025-05-12,SUC-03,PROD-015,Decoración,576.23,0,39.0,32
2025-05-19,SUC-03,PROD-015,Decoración,555.67,0,91.0,37
2025-05-26,SUC-03,PROD-015,Decoración,561.77,0,54.0,32
2025-06-02,SUC-03,PROD-015,Decoración,568.49,0,22.0,22
2025-06-09,SUC-03,PROD-015,Decoración,573.72,0,0.0,0
2025-06-16,SUC-03,PROD-015,Decoración,555.4,0,0.0,0
2025-06-23,SUC-03,PROD-015,Decoración,579.9,0,0.0,0
2025-06-30,SUC-03,PROD-015,Decoración,496.25,1,161.0,32
2025-07-07,SUC-03,PROD-015,Decoración,556.25,0,129.0,26
2025-07-14,SUC-03,PROD-015,Decoración,552.9,0,103.0,31
2025-07-21,SUC-03,PROD-015,Decoración,562.57,0,97.0,33
2025-07-28,SUC-03,PROD-015,Decoración,572.39,0,64.0,34
2025-08-04,SUC-03,PROD-015,Decoración,562.42,0,30.0,24
2025-08-11,SUC-03,PROD-015,Decoración,553.17,0,85.0,27
2025-08-18,SUC-03,PROD-015,Decoración,554.95,0,58.0,32
2025-08-25,SUC-03,PROD-015,Decoración,582.37,0,26.0,26
2025-09-01,SUC-03,PROD-015,Decoración,552.6,0,128.0,22
2025-09-08,SUC-03,PROD-015,Decoración,571.42,0,106.0,34
2025-09-15,SUC-03,PROD-015,Decoración,480.66,1,72.0,44
2025-09-22,SUC-03,PROD-015,Decoración,581.32,0,139.0,42
2025-09-29,SUC-03,PROD-015,Decoración,555.54,0,97.0,32
2025-10-06,SUC-03,PROD-015,Decoración,568.62,0,65.0,40
2025-10-13,SUC-03,PROD-015,Decoración,573.45,0,128.0,38
2025-10-20,SUC-03,PROD-015,Decoración,567.57,0,90.0,42
2025-10-27,SUC-03,PROD-015,Decoración,562.78,0,48.0,48
2025-11-03,SUC-03,PROD-015,Decoración,555.26,0,136.0,51
2025-11-10,SUC-03,PROD-015,Decoración,559.67,0,85.0,42
2025-11-17,SUC-03,PROD-015,Decoración,550.99,0,43.0,43
2025-11-24,SUC-03,PROD-015,Decoración,560.09,0,0.0,0
2025-12-01,SUC-03,PROD-015,Decoración,567.77,0,0.0,0
2025-12-08,SUC-03,PROD-015,Decoración,580.25,0,0.0,0
2025-12-15,SUC-03,PROD-015,Decoración,567.75,0,0.0,0
2025-12-22,SUC-03,PROD-015,Decoración,571.26,0,0.0,0
2024-01-01,SUC-04,PROD-015,Decoración,480.67,1,288.0,53
2024-01-08,SUC-04,PROD-015,Decoración,550.27,0,235.0,77
2024-01-15,SUC-04,PROD-015,Decoración,565.16,0,158.0,55
2024-01-22,SUC-04,PROD-015,Decoración,561.97,0,225.0,71
2024-01-29,SUC-04,PROD-015,Decoración,551.29,0,154.0,55
2024-02-05,SUC-04,PROD-015,Decoración,554.39,0,99.0,70
2024-02-12,SUC-04,PROD-015,Decoración,549.75,0,229.0,63
2024-02-19,SUC-04,PROD-015,Decoración,575.31,0,166.0,63
2024-02-26,SUC-04,PROD-015,Decoración,577.36,0,103.0,71
2024-03-04,SUC-04,PROD-015,Decoración,576.12,0,212.0,45
2024-03-11,SUC-04,PROD-015,Decoración,556.05,0,167.0,34
2024-03-18,SUC-04,PROD-015,Decoración,568.3,0,133.0,46
2024-03-25,SUC-04,PROD-015,Decoración,561.18,0,197.0,54
2024-04-01,SUC-04,PROD-015,Decoración,500.13,1,143.0,89
2024-04-08,SUC-04,PROD-015,Decoración,570.54,0,54.0,54
2024-04-15,SUC-04,PROD-015,Decoración,553.3,0,172.0,65
2024-04-22,SUC-04,PROD-015,Decoración,552.9,0,107.0,45
2024-04-29,SUC-04,PROD-015,Decoración,568.57,0,62.0,49
2024-05-06,SUC-04,PROD-015,Decoración,555.62,0,133.0,44
2024-05-13,SUC-04,PROD-015,Decoración,579.5,0,89.0,36
2024-05-20,SUC-04,PROD-015,Decoración,473.98,1,53.0,53
2024-05-27,SUC-04,PROD-015,Decoración,555.77,0,0.0,0
2024-06-03,SUC-04,PROD-015,Decoración,572.19,0,0.0,0
2024-06-10,SUC-04,PROD-015,Decoración,560.23,0,0.0,0
2024-06-17,SUC-04,PROD-015,Decoración,572.98,0,125.0,29
2024-06-24,SUC-04,PROD-015,Decoración,552.18,0,96.0,46
2024-07-01,SUC-04,PROD-015,Decoración,571.06,0,50.0,34
2024-07-08,SUC-04,PROD-015,Decoración,566.65,0,135.0,21
2024-07-15,SUC-04,PROD-015,Decoración,553.95,0,114.0,53
2024-07-22,SUC-04,PROD-015,Decoración,558.04,0,61.0,42
2024-07-29,SUC-04,PROD-015,Decoración,580.73,0,107.0,35
2024-08-05,SUC-04,PROD-015,Decoración,552.65,0,72.0,19
2024-08-12,SUC-04,PROD-015,Decoración,573.04,0,53.0,28
2024-08-19,SUC-04,PROD-015,Decoración,572.13,0,95.0,31
2024-08-26,SUC-04,PROD-015,Decoración,478.72,1,64.0,47
2024-09-02,SUC-04,PROD-015,Decoración,579.76,0,17.0,17
2024-09-09,SUC-04,PROD-015,Decoración,581.25,0,149.0,37
2024-09-16,SUC-04,PROD-015,Decoración,559.13,0,112.0,33
2024-09-23,SUC-04,PROD-015,Decoración,549.26,0,79.0,43
2024-09-30,SUC-04,PROD-015,Decoración,576.48,0,129.0,41
2024-10-07,SUC-04,PROD-015,Decoración,579.55,0,88.0,51
2024-10-14,SUC-04,PROD-015,Decoración,492.6,1,-5.0,37
2024-10-21,SUC-04,PROD-015,Decoración,575.72,0,132.0,50
2024-10-28,SUC-04,PROD-015,Decoración,484.62,1,82.0,67
2024-11-04,SUC-04,PROD-015,Decoración,579.2,0,15.0,15
2024-11-11,SUC-04,PROD-015,Decoración,552.34,0,220.0,51
2024-11-18,SUC-04,PROD-015,Decoración,497.88,1,169.0,43
2024-11-25,SUC-04,PROD-015,Decoración,562.58,0,126.0,126
2024-12-02,SUC-04,PROD-015,Decoración,581.99,0,186.0,63
2024-12-09,SUC-04,PROD-015,Decoración,563.51,0,123.0,51
2024-12-16,SUC-04,PROD-015, DECORACIÓN ,550.14,0,72.0,64
2024-12-23,SUC-04,PROD-015,Decoración,579.36,0,196.0,55
2024-12-30,SUC-04,PROD-015,Decoración,579.19,0,141.0,62
2025-01-06,SUC-04,PROD-015,Decoración,-10.0,0,79.0,64
2025-01-13,SUC-04,PROD-015,Decoración,564.51,0,186.0,59
2025-01-20,SUC-04,PROD-015,Decoración,571.51,0,127.0,49
2025-01-27,SUC-04,PROD-015,Decoración,478.17,1,78.0,61
2025-02-03,SUC-04,PROD-015,Decoración,567.16,0,17.0,17
2025-02-10,SUC-04,PROD-015,Decoración,568.19,0,0.0,0
2025-02-17,SUC-04,PROD-015,Decoración,563.44,0,0.0,0
2025-02-24,SUC-04,PROD-015,Decoración,575.85,0,178.0,51
2025-03-03,SUC-04,PROD-015,Decoración,499.15,1,127.0,74
2025-03-10,SUC-04,PROD-015,Decoración,472.72,1,53.0,49
2025-03-17,SUC-04,PROD-015,Decoración,479.78,1,4.0,4
2025-03-24,SUC-04,PROD-015,Decoración,572.58,0,0.0,0
2025-03-31,SUC-04,PROD-015,Decoración,482.59,1,0.0,0
2025-04-07,SUC-04,PROD-015, DECORACIÓN ,562.73,0,185.0,69
2025-04-14,SUC-04,PROD-015,Decoración,497.11,1,116.0,54
2025-04-21,SUC-04,PROD-015,Decoración,574.34,0,62.0,62
2025-04-28,SUC-04,PROD-015,Decoración,571.7,0,160.0,47
2025-05-05,SUC-04,PROD-015,Decoración,481.87,1,-5.0,51
2025-05-12,SUC-04,PROD-015,Decoración,569.53,0,62.0,57
2025-05-19,SUC-04,PROD-015,Decoración,580.09,0,112.0,44
2025-05-26,SUC-04,PROD-015,Decoración,567.12,0,68.0,37
2025-06-02,SUC-04,PROD-015,Decoración,554.45,0,31.0,31
2025-06-09,SUC-04,PROD-015,Decoración,552.94,0,130.0,34
2025-06-16,SUC-04,PROD-015,Decoración,500.49,1,96.0,28
2025-06-23,SUC-04,PROD-015,Decoración,579.01,0,68.0,41
2025-06-30,SUC-04,PROD-015,Decoración,569.77,0,138.0,36
2025-07-07,SUC-04,PROD-015,Decoración,580.98,0,102.0,29
2025-07-14,SUC-04,PROD-015,Decoración,571.15,0,73.0,28
2025-07-21,SUC-04,PROD-015,Decoración,555.11,0,132.0,33
2025-07-28,SUC-04,PROD-015,Decoración,565.96,0,99.0,28
2025-08-04,SUC-04,PROD-015,Decoración,500.11,1,71.0,41
2025-08-11,SUC-04,PROD-015,Decoración,549.2,0,111.0,31
2025-08-18,SUC-04,PROD-015,Decoración,560.0,0,80.0,32
2025-08-25,SUC-04,PROD-015,Decoración,567.78,0,48.0,32
2025-09-01,SUC-04,PROD-015,Decoración,560.49,0,134.0,41
2025-09-08,SUC-04,PROD-015,Decoración,561.19,0,93.0,39
2025-09-15,SUC-04,PROD-015,Decoración,577.34,0,54.0,36
2025-09-22,SUC-04,PROD-015,Decoración,560.07,0,137.0,59
2025-09-29,SUC-04,PROD-015,Decoración,556.31,0,78.0,52
2025-10-06,SUC-04,PROD-015,Decoración,560.0,0,26.0,26
2025-10-13,SUC-04,PROD-015,Decoración,572.47,0,123.0,45
2025-10-20,SUC-04,PROD-015,Decoración,571.07,0,78.0,40
2025-10-27,SUC-04,PROD-015,Decoración,563.53,0,38.0,38
2025-11-03,SUC-04,PROD-015,Decoración,482.88,1,232.0,56
2025-11-10,SUC-04,PROD-015,Decoración,571.43,0,176.0,48
2025-11-17,SUC-04,PROD-015,Decoración,564.83,0,128.0,52
2025-11-24,SUC-04,PROD-015,Decoración,574.35,0,222.0,50
2025-12-01,SUC-04,PROD-015,Decoración,558.35,0,172.0,49
2025-12-08,SUC-04,PROD-015,Decoración,556.75,0,123.0,51
2025-12-15,SUC-04,PROD-015,Decoración,562.82,0,72.0,48
2025-12-22,SUC-04,PROD-015,Decoración,578.05,0,24.0,24
2024-01-01,SUC-05,PROD-015,Decoración,553.84,0,232.0,45
2024-01-08,SUC-05,PROD-015,Decoración,580.55,0,187.0,51
2024-01-15,SUC-05,PROD-015,Decoración,564.23,0,136.0,51
2024-01-22,SUC-05,PROD-015,Decoración,554.78,0,289.0,68
2024-01-29,SUC-05,PROD-015,Decoración,488.94,1,221.0,93
2024-02-05,SUC-05,PROD-015,Decoración,550.25,0,128.0,74
2024-02-12,SUC-05,PROD-015,Decoración,572.44,0,266.0,60
2024-02-19,SUC-05,PROD-015,Decoración,571.83,0,206.0,70
2024-02-26,SUC-05,PROD-015,Decoración,570.54,0,136.0,69
2024-03-04,SUC-05,PROD-015,Decoración,581.46,0,187.0,174
2024-03-11,SUC-05,PROD-015,Decoración,558.49,0,13.0,13
2024-03-18,SUC-05,PROD-015,Decoración,563.24,0,0.0,0
2024-03-25,SUC-05,PROD-015,Decoración,555.92,0,158.0,81
2024-04-01,SUC-05,PROD-015,Decoración,549.68,0,77.0,54
2024-04-08,SUC-05,PROD-015,Decoración,561.44,0,23.0,23
2024-04-15,SUC-05,PROD-015,Decoración,574.43,0,227.0,56
2024-04-22,SUC-05,PROD-015,Decoración,556.08,0,171.0,63
2024-04-29,SUC-05,PROD-015,Decoración,578.26,0,108.0,75
2024-05-06,SUC-05,PROD-015,Decoración,564.05,0,130.0,60
2024-05-13,SUC-05,PROD-015,Decoración,565.63,0,70.0,39
2024-05-20,SUC-05,PROD-015,Decoración,553.99,0,31.0,31
2024-05-27,SUC-05,PROD-015,Decoración,576.21,0,0.0,0
2024-06-03,SUC-05,PROD-015,Decoración,577.03,0,0.0,0
2024-06-10,SUC-05,PROD-015,Decoración,573.88,0,0.0,0
2024-06-17,SUC-05,PROD-015,Decoración,565.72,0,0.0,0
2024-06-24,SUC-05,PROD-015,Decoración,565.82,0,0.0,0
2024-07-01,SUC-05,PROD-015,Decoración,565.44,0,0.0,0
2024-07-08,SUC-05,PROD-015,Decoración,483.19,1,174.0,43
2024-07-15,SUC-05,PROD-015,Decoración,551.32,0,131.0,51
2024-07-22,SUC-05,PROD-015,Decoración,555.19,0,80.0,47
2024-07-29,SUC-05,PROD-015,Decoración,573.19,0,153.0,45
2024-08-05,SUC-05,PROD-015,Decoración,565.67,0,108.0,40
2024-08-12,SUC-05,PROD-015,Decoración,561.07,0,68.0,64
2024-08-19,SUC-05,PROD-015,Decoración,569.89,0,147.0,41
2024-08-26,SUC-05,PROD-015,Decoración,484.48,1,106.0,59
2024-09-02,SUC-05,PROD-015,Decoración,557.37,0,47.0,47
2024-09-09,SUC-05,PROD-015,Decoración,501.0,1,258.0,59
2024-09-16,SUC-05,PROD-015,Decoración,555.95,0,199.0,59
2024-09-23,SUC-05,PROD-015,Decoración,553.7,0,140.0,56
2024-09-30,SUC-05,PROD-015,Decoración,567.26,0,84.0,57
2024-10-07,SUC-05,PROD-015,Decoración,567.72,0,27.0,27
2024-10-14,SUC-05,PROD-015,Decoración,549.43,0,0.0,0
2024-10-21,SUC-05,PROD-015,Decoración,558.28,0,220.0,53
2024-10-28,SUC-05,PROD-015,Decoración,562.51,0,167.0,56
2024-11-04,SUC-05,PROD-015,Decoración,563.33,0,111.0,54
2024-11-11,SUC-05,PROD-015,Decoración,577.72,0,221.0,57
2024-11-18,SUC-05,PROD-015,Decoración,577.12,0,164.0,113
2024-11-25,SUC-05,PROD-015,Decoración,580.83,0,51.0,35
2024-12-02,SUC-05,PROD-015,Decoración,560.26,0,16.0,16
2024-12-09,SUC-05,PROD-015,Decoración,576.82,0,0.0,0
2024-12-16,SUC-05,PROD-015,Decoración,574.04,0,0.0,0
2024-12-23,SUC-05,PROD-015,Decoración,567.61,0,0.0,0
2024-12-30,SUC-05,PROD-015,Decoración,578.15,0,0.0,0
2025-01-06,SUC-05,PROD-015,Decoración,564.1,0,0.0,0
2025-01-13,SUC-05,PROD-015,Decoración,557.21,0,195.0,65
2025-01-20,SUC-05,PROD-015,Decoración,553.26,0,130.0,57
2025-01-27,SUC-05,PROD-015,Decoración,557.42,0,73.0,69
2025-02-03,SUC-05,PROD-015,Decoración,574.35,0,209.0,53
2025-02-10,SUC-05,PROD-015,Decoración,473.06,1,156.0,70
2025-02-17,SUC-05,PROD-015,Decoración,553.31,0,86.0,63
2025-02-24,SUC-05,PROD-015,Decoración,493.47,1,385.0,81
2025-03-03,SUC-05,PROD-015,Decoración,482.28,1,304.0,96
2025-03-10,SUC-05,PROD-015,Decoración,564.89,0,208.0,86
2025-03-17,SUC-05,PROD-015,Decoración,568.65,0,180.0,78
2025-03-24,SUC-05,PROD-015,Decoración,579.83,0,102.0,54
2025-03-31,SUC-05,PROD-015,Decoración,551.98,0,48.0,45
2025-04-07,SUC-05,PROD-015,Decoración,552.41,0,222.0,70
2025-04-14,SUC-05,PROD-015,Decoración,499.22,1,152.0,85
2025-04-21,SUC-05,PROD-015,Decoración,553.16,0,67.0,52
2025-04-28,SUC-05,PROD-015,Decoración,571.47,0,206.0,50
2025-05-05,SUC-05,PROD-015,Decoración,558.55,0,156.0,59
2025-05-12,SUC-05,PROD-015,Decoración,555.45,0,97.0,52
2025-05-19,SUC-05,PROD-015,Decoración,568.02,0,160.0,35
2025-05-26,SUC-05,PROD-015,Decoración,564.72,0,125.0,36
2025-06-02,SUC-05,PROD-015,Decoración,497.43,1,89.0,58
2025-06-09,SUC-05,PROD-015,Decoración,554.67,0,133.0,48
2025-06-16,SUC-05,PROD-015,Decoración,472.53,1,85.0,51
2025-06-23,SUC-05,PROD-015,Decoración,582.49,0,34.0,34
2025-06-30,SUC-05,PROD-015,Decoración,558.19,0,105.0,45
2025-07-07,SUC-05,PROD-015,Decoración,561.37,0,60.0,51
2025-07-14,SUC-05,PROD-015,Decoración,567.78,0,9.0,9
2025-07-21,SUC-05,PROD-015,Decoración,580.52,0,102.0,49
2025-07-28,SUC-05,PROD-015,Decoración,493.46,1,53.0,48
2025-08-04,SUC-05,PROD-015,Decoración,562.48,0,5.0,5
2025-08-11,SUC-05,PROD-015,Decoración,573.2,0,125.0,33
2025-08-18,SUC-05,PROD-015,Decoración,582.66,0,92.0,37
2025-08-25,SUC-05,PROD-015,Decoración,571.26,0,55.0,29
2025-09-01,SUC-05,PROD-015,Decoración,571.12,0,168.0,52
2025-09-08,SUC-05,PROD-015,Decoración,483.08,1,116.0,41
2025-09-15,SUC-05,PROD-015,Decoración,572.69,0,75.0,50
2025-09-22,SUC-05,PROD-015,Decoración,560.9,0,185.0,59
2025-09-29,SUC-05,PROD-015,Decoración,494.38,1,126.0,66
2025-10-06,SUC-05,PROD-015,Decoración,549.08,0,60.0,57
2025-10-13,SUC-05,PROD-015,Decoración,582.08,0,149.0,47
2025-10-20,SUC-05,PROD-015,Decoración,497.79,1,102.0,42
2025-10-27,SUC-05,PROD-015,Decoración,573.16,0,60.0,55
2025-11-03,SUC-05,PROD-015,Decoración,556.69,0,217.0,57
2025-11-10,SUC-05,PROD-015,Decoración,564.99,0,160.0,74
2025-11-17,SUC-05,PROD-015,Decoración,484.49,1,86.0,81
2025-11-24,SUC-05,PROD-015,Decoración,561.31,0,239.0,58
2025-12-01,SUC-05,PROD-015,Decoración,562.35,0,181.0,36
2025-12-08,SUC-05,PROD-015,Decoración,568.49,0,145.0,51
2025-12-15,SUC-05,PROD-015,Decoración,553.21,0,267.0,82
2025-12-22,SUC-05,PROD-015,Decoración,578.51,0,185.0,55
2024-01-01,SUC-01,PROD-016,Herramientas,382.29,0,83.0,20
2024-01-08,SUC-01,PROD-016,Herramientas,388.26,0,63.0,29
2024-01-15,SUC-01,PROD-016,Herramientas,375.44,0,34.0,32
2024-01-22,SUC-01,PROD-016,Herramientas,328.71,1,139.0,34
2024-01-29,SUC-01,PROD-016,Herramientas,334.63,1,105.0,42
2024-02-05,SUC-01,PROD-016,Herramientas,378.74,0,63.0,35
2024-02-12,SUC-01,PROD-016,Herramientas,380.96,0,109.0,37
2024-02-19,SUC-01,PROD-016,Herramientas,376.65,0,72.0,30
2024-02-26,SUC-01,PROD-016,Herramientas,378.08,0,42.0,27
2024-03-04,SUC-01,PROD-016,Herramientas,391.16,0,101.0,24
2024-03-11,SUC-01,PROD-016,Herramientas,326.35,1,77.0,29
2024-03-18,SUC-01,PROD-016,Herramientas,386.54,0,48.0,28
2024-03-25,SUC-01,PROD-016,Herramientas,381.36,0,72.0,24
2024-04-01,SUC-01,PROD-016,Herramientas,384.23,0,48.0,19
2024-04-08,SUC-01,PROD-016,Herramientas,382.16,0,29.0,22
2024-04-15,SUC-01,PROD-016,Herramientas,373.37,0,54.0,20
2024-04-22,SUC-01,PROD-016,Herramientas,373.59,0,34.0,25
2024-04-29,SUC-01,PROD-016,Herramientas,376.59,0,9.0,9
2024-05-06,SUC-01,PROD-016,Herramientas,323.23,1,0.0,0
2024-05-13,SUC-01,PROD-016,Herramientas,373.8,0,0.0,0
2024-05-20,SUC-01,PROD-016,Herramientas,381.95,0,0.0,0
2024-05-27,SUC-01,PROD-016,Herramientas,394.72,0,71.0,24
2024-06-03,SUC-01,PROD-016,Herramientas,377.59,0,47.0,13
2024-06-10,SUC-01,PROD-016,Herramientas,373.94,0,34.0,19
2024-06-17,SUC-01,PROD-016,Herramientas,384.16,0,15.0,15
2024-06-24,SUC-01,PROD-016,Herramientas,382.42,0,0.0,0
2024-07-01,SUC-01,PROD-016,Herramientas,383.53,0,0.0,0
2024-07-08,SUC-01,PROD-016,Herramientas,384.43,0,61.0,13
2024-07-15,SUC-01,PROD-016,Herramientas,373.0,0,48.0,16
2024-07-22,SUC-01,PROD-016,Herramientas,390.59,0,32.0,16
2024-07-29,SUC-01,PROD-016,Herramientas,394.37,0,16.0,15
2024-08-05,SUC-01,PROD-016,Herramientas,386.36,0,1.0,1
2024-08-12,SUC-01,PROD-016,Herramientas,375.91,0,0.0,0
2024-08-19,SUC-01,PROD-016,Herramientas,380.57,0,73.0,24
2024-08-26,SUC-01,PROD-016,Herramientas,378.87,0,49.0,28
2024-09-02,SUC-01,PROD-016,Herramientas,381.59,0,21.0,21
2024-09-09,SUC-01,PROD-016,Herramientas,381.57,0,66.0,31
2024-09-16,SUC-01,PROD-016,Herramientas,379.27,0,35.0,16
2024-09-23,SUC-01,PROD-016,Herramientas,372.27,0,19.0,19
2024-09-30,SUC-01,PROD-016,Herramientas,382.65,0,102.0,24
2024-10-07,SUC-01,PROD-016,Herramientas,329.52,1,78.0,31
2024-10-14,SUC-01,PROD-016,Herramientas,322.77,1,47.0,40
2024-10-21,SUC-01,PROD-016,Herramientas,382.64,0,75.0,44
2024-10-28,SUC-01,PROD-016,Herramientas,385.01,0,31.0,21
2024-11-04,SUC-01,PROD-016,Herramientas,385.05,0,10.0,10
2024-11-11,SUC-01,PROD-016,Herramientas,375.15,0,93.0,42
2024-11-18,SUC-01,PROD-016,Herramientas,384.78,0,51.0,33
2024-11-25,SUC-01,PROD-016,Herramientas,323.27,1,18.0,18
2024-12-02,SUC-01,PROD-016,Herramientas,383.38,0,132.0,30
2024-12-09,SUC-01,PROD-016,Herramientas,388.17,0,102.0,33
2024-12-16,SUC-01,PROD-016,Herramientas,394.85,0,69.0,39
2024-12-23,SUC-01,PROD-016,Herramientas,384.57,0,124.0,36
2024-12-30,SUC-01,PROD-016,Herramientas,393.85,0,88.0,35
2025-01-06,SUC-01,PROD-016,Herramientas,321.89,1,53.0,34
2025-01-13,SUC-01,PROD-016,Herramientas,391.44,0,94.0,41
2025-01-20,SUC-01,PROD-016,Herramientas,389.45,0,53.0,28
2025-01-27,SUC-01,PROD-016,Herramientas,392.49,0,25.0,25
2025-02-03,SUC-01,PROD-016,Herramientas,380.55,0,96.0,38
2025-02-10,SUC-01,PROD-016,Herramientas,382.01,0,58.0,33
2025-02-17,SUC-01,PROD-016,Herramientas,384.24,0,25.0,25
2025-02-24,SUC-01,PROD-016,Herramientas,380.47,0,98.0,30
2025-03-03,SUC-01,PROD-016,Herramientas,378.42,0,68.0,27
2025-03-10,SUC-01,PROD-016,Herramientas,377.14,0,41.0,35
2025-03-17,SUC-01,PROD-016,Herramientas,392.28,0,98.0,24
2025-03-24,SUC-01,PROD-016,Herramientas,378.05,0,74.0,25
2025-03-31,SUC-01,PROD-016,Herramientas,325.91,1,49.0,38
2025-04-07,SUC-01,PROD-016,Herramientas,380.86,0,91.0,25
2025-04-14,SUC-01,PROD-016,Herramientas,393.88,0,66.0,26
2025-04-21,SUC-01,PROD-016,Herramientas,375.14,0,40.0,21
2025-04-28,SUC-01,PROD-016,Herramientas,393.51,0,59.0,24
2025-05-05,SUC-01,PROD-016,Herramientas,386.18,0,35.0,24
2025-05-12,SUC-01,PROD-016,Herramientas,378.46,0,11.0,11
2025-05-19,SUC-01,PROD-016,Herramientas,392.65,0,74.0,18
2025-05-26,SUC-01,PROD-016, HERRAMIENTAS ,332.91,1,56.0,21
2025-06-02,SUC-01,PROD-016,Herramientas,380.71,0,35.0,18
2025-06-09,SUC-01,PROD-016,Herramientas,324.48,1,69.0,23
2025-06-16,SUC-01,PROD-016,Herramientas,386.91,0,46.0,23
2025-06-23,SUC-01,PROD-016,Herramientas,321.67,1,23.0,23
2025-06-30,SUC-01,PROD-016,Herramientas,384.2,0,52.0,26
2025-07-07,SUC-01,PROD-016,Herramientas,331.42,1,26.0,26
2025-07-14,SUC-01,PROD-016,Herramientas,374.73,0,0.0,0
2025-07-21,SUC-01,PROD-016,Herramientas,386.15,0,71.0,21
2025-07-28,SUC-01,PROD-016,Herramientas,382.89,0,50.0,22
2025-08-04,SUC-01,PROD-016,Herramientas,322.02,1,28.0,28
2025-08-11,SUC-01,PROD-016,Herramientas,382.41,0,66.0,18
2025-08-18,SUC-01,PROD-016,Herramientas,378.04,0,48.0,28
2025-08-25,SUC-01,PROD-016,Herramientas,387.63,0,20.0,20
2025-09-01,SUC-01,PROD-016,Herramientas,391.95,0,72.0,26
2025-09-08,SUC-01,PROD-016,Herramientas,393.07,0,46.0,22
2025-09-15,SUC-01,PROD-016,Herramientas,390.89,0,24.0,24
2025-09-22,SUC-01,PROD-016,Herramientas,381.22,0,110.0,34
2025-09-29,SUC-01,PROD-016,Herramientas,325.71,1,76.0,28
2025-10-06,SUC-01,PROD-016,Herramientas,386.08,0,,34
2025-10-13,SUC-01,PROD-016,Herramientas,384.54,0,108.0,31
2025-10-20,SUC-01,PROD-016,Herramientas,339.61,1,77.0,38
2025-10-27,SUC-01,PROD-016,Herramientas,338.48,1,39.0,39
2025-11-03,SUC-01,PROD-016,Herramientas,377.34,0,0.0,0
2025-11-10,SUC-01,PROD-016,Herramientas,333.34,1,0.0,0
2025-11-17,SUC-01,PROD-016,Herramientas,372.52,0,0.0,0
2025-11-24,SUC-01,PROD-016,Herramientas,377.07,0,105.0,999999
2025-12-01,SUC-01,PROD-016,Herramientas,384.32,0,65.0,33
2025-12-08,SUC-01,PROD-016,Herramientas,334.92,1,32.0,32
2025-12-15,SUC-01,PROD-016,Herramientas,375.04,0,90.0,45
2025-12-22,SUC-01,PROD-016,Herramientas,391.48,0,45.0,42
2024-01-01,SUC-02,PROD-016,Herramientas,381.76,0,101.0,38
2024-01-08,SUC-02,PROD-016,Herramientas,373.72,0,63.0,33
2024-01-15,SUC-02,PROD-016,Herramientas,320.88,1,30.0,30
2024-01-22,SUC-02,PROD-016,Herramientas,375.32,0,95.0,39
2024-01-29,SUC-02,PROD-016,Herramientas,378.47,0,56.0,35
2024-02-05,SUC-02,PROD-016,Herramientas,386.53,0,21.0,21
2024-02-12,SUC-02,PROD-016,Herramientas,375.71,0,0.0,0
2024-02-19,SUC-02,PROD-016,Herramientas,387.87,0,0.0,0
2024-02-26,SUC-02,PROD-016,Herramientas,332.25,1,0.0,0
2024-03-04,SUC-02,PROD-016,Herramientas,391.62,0,110.0,32
2024-03-11,SUC-02,PROD-016,Herramientas,373.05,0,78.0,41
2024-03-18,SUC-02,PROD-016,Herramientas,384.46,0,37.0,20
2024-03-25,SUC-02,PROD-016,Herramientas,383.46,0,109.0,30
2024-04-01,SUC-02,PROD-016,Herramientas,393.94,0,79.0,25
2024-04-08,SUC-02,PROD-016,Herramientas,385.57,0,54.0,34
2024-04-15,SUC-02,PROD-016,Herramientas,324.06,1,126.0,29
2024-04-22,SUC-02,PROD-016,Herramientas,320.21,1,97.0,30
2024-04-29,SUC-02,PROD-016,Herramientas,382.03,0,67.0,34
2024-05-06,SUC-02,PROD-016,Herramientas,374.0,0,72.0,16
2024-05-13,SUC-02,PROD-016,Herramientas,387.98,0,56.0,21
2024-05-20,SUC-02,PROD-016,Herramientas,333.79,1,35.0,15
2024-05-27,SUC-02,PROD-016,Herramientas,381.69,0,81.0,29
2024-06-03,SUC-02,PROD-016,Herramientas,377.04,0,52.0,24
2024-06-10,SUC-02,PROD-016,Herramientas,374.83,0,28.0,24
2024-06-17,SUC-02,PROD-016,Herramientas,328.67,1,123.0,23
2024-06-24,SUC-02,PROD-016,Herramientas,387.48,0,100.0,21
2024-07-01,SUC-02,PROD-016,Herramientas,377.27,0,79.0,18
2024-07-08,SUC-02,PROD-016,Herramientas,373.76,0,90.0,28
fecha-invalida,SUC-02,PROD-016,Herramientas,321.24,1,62.0,41
2024-07-22,SUC-02,PROD-016,Herramientas,389.1,0,21.0,20
2024-07-29,SUC-02,PROD-016,Herramientas,379.74,0,66.0,34
2024-08-05,SUC-02,PROD-016,Herramientas,377.18,0,32.0,16
2024-08-12,SUC-02,PROD-016,Herramientas,376.71,0,16.0,16
2024-08-19,SUC-02,PROD-016,Herramientas,389.26,0,66.0,28
2024-08-26,SUC-02,PROD-016,Herramientas,381.55,0,38.0,31
2024-09-02,SUC-02,PROD-016,Herramientas,323.61,1,7.0,7
2024-09-09,SUC-02,PROD-016,Herramientas,375.51,0,90.0,32
2024-09-16,SUC-02,PROD-016,Herramientas,388.26,0,58.0,38
2024-09-23,SUC-02,PROD-016,Herramientas,330.44,1,20.0,20
2024-09-30,SUC-02,PROD-016,Herramientas,378.87,0,111.0,57
2024-10-07,SUC-02,PROD-016,Herramientas,391.86,0,54.0,53
2024-10-14,SUC-02,PROD-016,Herramientas,385.1,0,1.0,1
2024-10-21,SUC-02,PROD-016,Herramientas,392.98,0,107.0,42
2024-10-28,SUC-02,PROD-016,Herramientas,386.7,0,65.0,48
2024-11-04,SUC-02,PROD-016,Herramientas,391.51,0,17.0,17
2024-11-11,SUC-02,PROD-016,Herramientas,394.19,0,138.0,31
2024-11-18,SUC-02,PROD-016,Herramientas,372.89,0,107.0,46
2024-11-25,SUC-02,PROD-016,Herramientas,382.17,0,61.0,43
2024-12-02,SUC-02,PROD-016,Herramientas,324.26,1,228.0,44
2024-12-09,SUC-02,PROD-016,Herramientas,387.83,0,184.0,49
2024-12-16,SUC-02,PROD-016,Herramientas,378.09,0,135.0,46
2024-12-23,SUC-02,PROD-016,Herramientas,394.2,0,149.0,34
2024-12-30,SUC-02,PROD-016,Herramientas,386.38,0,115.0,59
2025-01-06,SUC-02,PROD-016,Herramientas,391.03,0,56.0,49
2025-01-13,SUC-02,PROD-016,Herramientas,388.24,0,151.0,42
2025-01-20,SUC-02,PROD-016,Herramientas,388.6,0,109.0,36
2025-01-27,SUC-02,PROD-016,Herramientas,373.26,0,73.0,44
2025-02-03,SUC-02,PROD-016,Herramientas,372.9,0,29.0,29
2025-02-10,SUC-02,PROD-016,Herramientas,383.02,0,0.0,0
2025-02-17,SUC-02,PROD-016,Herramientas,383.16,0,0.0,0
2025-02-24,SUC-02,PROD-016,Herramientas,383.51,0,119.0,35
2025-03-03,SUC-02,PROD-016,Herramientas,383.66,0,84.0,37
2025-03-10,SUC-02,PROD-016,Herramientas,375.6,0,47.0,39
2025-03-17,SUC-02,PROD-016,Herramientas,-10.0,1,136.0,27
2025-03-24,SUC-02,PROD-016,Herramientas,377.16,0,109.0,36
2025-03-31,SUC-02,PROD-016,Herramientas,380.26,0,73.0,30
2025-04-07,SUC-02,PROD-016,Herramientas,378.24,0,83.0,29
2025-04-14,SUC-02,PROD-016,Herramientas,388.0,0,54.0,25
2025-04-21,SUC-02,PROD-016,Herramientas,388.55,0,29.0,25
2025-04-28,SUC-02,PROD-016,Herramientas,326.36,1,4.0,4
2025-05-05,SUC-02,PROD-016,Herramientas,391.82,0,0.0,0
2025-05-12,SUC-02,PROD-016,Herramientas,382.25,0,0.0,0
2025-05-19,SUC-02,PROD-016,Herramientas,337.25,1,139.0,28
2025-05-26,SUC-02,PROD-016,Herramientas,387.57,0,111.0,23
2025-06-02,SUC-02,PROD-016,Herramientas,391.28,0,88.0,25
2025-06-09,SUC-02,PROD-016,Herramientas,380.61,0,66.0,20
2025-06-16,SUC-02,PROD-016,Herramientas,384.57,0,46.0,24
2025-06-23,SUC-02,PROD-016,Herramientas,384.06,0,22.0,15
2025-06-30,SUC-02,PROD-016,Herramientas,378.68,0,80.0,28
2025-07-07,SUC-02,PROD-016,Herramientas,323.97,1,52.0,22
2025-07-14,SUC-02,PROD-016,Herramientas,386.06,0,30.0,24
2025-07-21,SUC-02,PROD-016,Herramientas,378.78,0,94.0,21
2025-07-28,SUC-02,PROD-016,Herramientas,376.29,0,73.0,24
2025-08-04,SUC-02,PROD-016,Herramientas,378.3,0,49.0,26
2025-08-11,SUC-02,PROD-016,Herramientas,323.94,1,23.0,23
2025-08-18,SUC-02,PROD-016,Herramientas,391.87,0,0.0,0
2025-08-25,SUC-02,PROD-016,Herramientas,372.88,0,0.0,0
2025-09-01,SUC-02,PROD-016,Herramientas,336.02,1,151.0,26
2025-09-08,SUC-02,PROD-016,Herramientas,383.11,0,125.0,31
2025-09-15,SUC-02,PROD-016,Herramientas,376.54,0,94.0,39
2025-09-22,SUC-02,PROD-016,Herramientas,393.78,0,130.0,36
2025-09-29,SUC-02,PROD-016,Herramientas,385.73,0,94.0,30
2025-10-06,SUC-02,PROD-016,Herramientas,334.23,1,64.0,32
2025-10-13,SUC-02,PROD-016,Herramientas,384.2,0,132.0,39
2025-10-20,SUC-02,PROD-016,Herramientas,380.02,0,93.0,41
2025-10-27,SUC-02,PROD-016,Herramientas,372.64,0,52.0,40
2025-11-03,SUC-02,PROD-016,Herramientas,385.72,0,12.0,12
2025-11-10,SUC-02,PROD-016,Herramientas,386.44,0,0.0,0
2025-11-17,SUC-02,PROD-016,Herramientas,331.84,1,0.0,0
2025-11-24,SUC-02,PROD-016,Herramientas,379.42,0,113.0,47
2025-12-01,SUC-02,PROD-016,Herramientas,373.96,0,66.0,40
2025-12-08,SUC-02,PROD-016,Herramientas,394.88,0,26.0,26
2025-12-15,SUC-02,PROD-016,Herramientas,387.8,0,118.0,37
2025-12-22,SUC-02,PROD-016,Herramientas,391.99,0,81.0,52
2024-01-01,SUC-03,PROD-016,Herramientas,383.21,0,135.0,33
2024-01-08,SUC-03,PROD-016,Herramientas,374.48,0,102.0,41
2024-01-15,SUC-03,PROD-016,Herramientas,390.17,0,61.0,53
2024-01-22,SUC-03,PROD-016,Herramientas,384.14,0,120.0,30
2024-01-29,SUC-03,PROD-016,Herramientas,394.22,0,90.0,33
2024-02-05,SUC-03,PROD-016,Herramientas,392.02,0,57.0,35
2024-02-12,SUC-03,PROD-016,Herramientas,379.39,0,158.0,40
2024-02-19,SUC-03,PROD-016,Herramientas,373.38,0,118.0,38
2024-02-26,SUC-03,PROD-016,Herramientas,380.41,0,80.0,31
2024-03-04,SUC-03,PROD-016,Herramientas,377.1,0,49.0,33
2024-03-11,SUC-03,PROD-016,Herramientas,335.08,1,16.0,16
2024-03-18,SUC-03,PROD-016,Herramientas,383.32,0,0.0,0
2024-03-25,SUC-03,PROD-016,Herramientas,336.37,1,171.0,43
2024-04-01,SUC-03,PROD-016,Herramientas,388.5,0,128.0,38
2024-04-08,SUC-03,PROD-016,Herramientas,389.28,0,90.0,40
2024-04-15,SUC-03,PROD-016,Herramientas,394.29,0,118.0,28
2024-04-22,SUC-03,PROD-016,Herramientas,382.23,0,90.0,32
2024-04-29,SUC-03,PROD-016,Herramientas,375.08,0,58.0,34
2024-05-06,SUC-03,PROD-016,Herramientas,322.29,1,136.0,34
2024-05-13,SUC-03,PROD-016,Herramientas,320.28,1,102.0,38
2024-05-20,SUC-03,PROD-016,Herramientas,385.36,0,64.0,27
2024-05-27,SUC-03,PROD-016,Herramientas,391.68,0,81.0,30
2024-06-03,SUC-03,PROD-016,Herramientas,375.96,0,51.0,24
2024-06-10,SUC-03,PROD-016,Herramientas,378.33,0,27.0,25
2024-06-17,SUC-03,PROD-016,Herramientas,372.16,0,2.0,2
2024-06-24,SUC-03,PROD-016,Herramientas,377.62,0,0.0,0
2024-07-01,SUC-03,PROD-016,Herramientas,383.38,0,,0
2024-07-08,SUC-03,PROD-016,Herramientas,381.86,0,0.0,0
2024-07-15,SUC-03,PROD-016,Herramientas,385.11,0,0.0,0
2024-07-22,SUC-03,PROD-016,Herramientas,392.72,0,0.0,0
2024-07-29,SUC-03,PROD-016,Herramientas,384.38,0,0.0,0
2024-08-05,SUC-03,PROD-016,Herramientas,378.64,0,-5.0,0
2024-08-12,SUC-03,PROD-016,Herramientas,378.3,0,0.0,0
2024-08-19,SUC-03,PROD-016,Herramientas,385.73,0,89.0,37
2024-08-26,SUC-03,PROD-016,Herramientas,391.39,0,52.0,23
2024-09-02,SUC-03,PROD-016, HERRAMIENTAS ,335.95,1,29.0,29
2024-09-09,SUC-03,PROD-016,Herramientas,387.79,0,93.0,32
2024-09-16,SUC-03,PROD-016,Herramientas,379.21,0,61.0,27
2024-09-23,SUC-03,PROD-016,Herramientas,332.38,1,34.0,34
2024-09-30,SUC-03,PROD-016,Herramientas,372.43,0,124.0,44
2024-10-07,SUC-03,PROD-016,Herramientas,320.59,1,80.0,63
2024-10-14,SUC-03,PROD-016,Herramientas,377.1,0,17.0,17
2024-10-21,SUC-03,PROD-016,Herramientas,391.98,0,119.0,31
2024-10-28,SUC-03,PROD-016,Herramientas,386.3,0,88.0,57
2024-11-04,SUC-03,PROD-016,Herramientas,377.69,0,31.0,31
2024-11-11,SUC-03,PROD-016, HERRAMIENTAS ,321.87,1,224.0,31
2024-11-18,SUC-03,PROD-016,Herramientas,391.15,0,193.0,43
2024-11-25,SUC-03,PROD-016,Herramientas,328.84,1,150.0,51
2024-12-02,SUC-03,PROD-016,Herramientas,394.3,0,116.0,63
2024-12-09,SUC-03,PROD-016,Herramientas,328.57,1,53.0,53
2024-12-16,SUC-03,PROD-016,Herramientas,390.39,0,0.0,0
2024-12-23,SUC-03,PROD-016,Herramientas,373.42,0,190.0,36
2024-12-30,SUC-03,PROD-016,Herramientas,338.57,1,154.0,75
2025-01-06,SUC-03,PROD-016,Herramientas,377.89,0,79.0,46
2025-01-13,SUC-03,PROD-016,Herramientas,321.26,1,247.0,64
2025-01-20,SUC-03,PROD-016,Herramientas,326.59,1,183.0,64
2025-01-27,SUC-03,PROD-016,Herramientas,375.02,0,119.0,49
2025-02-03,SUC-03,PROD-016,Herramientas,388.77,0,163.0,47
2025-02-10,SUC-03,PROD-016,Herramientas,382.17,0,116.0,41
2025-02-17,SUC-03,PROD-016,Herramientas,394.92,0,75.0,53
2025-02-24,SUC-03,PROD-016,Herramientas,389.48,0,125.0,35
2025-03-03,SUC-03,PROD-016,Herramientas,374.51,0,90.0,32
2025-03-10,SUC-03,PROD-016,Herramientas,377.16,0,58.0,36
2025-03-17,SUC-03,PROD-016,Herramientas,383.2,0,122.0,26
2025-03-24,SUC-03,PROD-016,Herramientas,385.94,0,96.0,25
2025-03-31,SUC-03,PROD-016,Herramientas,326.91,1,71.0,51
2025-04-07,SUC-03,PROD-016,Herramientas,384.15,0,122.0,38
2025-04-14,SUC-03,PROD-016,Herramientas,320.04,1,84.0,36
2025-04-21,SUC-03,PROD-016,Herramientas,386.01,0,48.0,36
2025-04-28,SUC-03,PROD-016,Herramientas,390.45,0,105.0,34
fecha-invalida,SUC-03,PROD-016,Herramientas,372.41,0,71.0,35
2025-05-12,SUC-03,PROD-016,Herramientas,385.42,0,36.0,29
2025-05-19,SUC-03,PROD-016,Herramientas,386.36,0,7.0,7
2025-05-26,SUC-03,PROD-016,Herramientas,379.05,0,0.0,0
2025-06-02,SUC-03,PROD-016,Herramientas,382.75,0,0.0,0
2025-06-09,SUC-03,PROD-016,Herramientas,335.4,1,163.0,16
2025-06-16,SUC-03,PROD-016,Herramientas,327.74,1,147.0,33
2025-06-23,SUC-03,PROD-016,Herramientas,392.85,0,114.0,27
2025-06-30,SUC-03,PROD-016,Herramientas,375.95,0,102.0,38
2025-07-07,SUC-03,PROD-016,Herramientas,373.56,0,64.0,28
2025-07-14,SUC-03,PROD-016,Herramientas,386.16,0,36.0,34
2025-07-21,SUC-03,PROD-016,Herramientas,385.22,0,103.0,17
2025-07-28,SUC-03,PROD-016,Herramientas,383.86,0,86.0,26
2025-08-04,SUC-03,PROD-016,Herramientas,390.3,0,60.0,23
2025-08-11,SUC-03,PROD-016,Herramientas,381.87,0,136.0,28
2025-08-18,SUC-03,PROD-016,Herramientas,391.17,0,108.0,26
2025-08-25,SUC-03,PROD-016,Herramientas,378.02,0,82.0,41
2025-09-01,SUC-03,PROD-016,Herramientas,374.67,0,146.0,36
2025-09-08,SUC-03,PROD-016,Herramientas,322.28,1,110.0,40
2025-09-15,SUC-03,PROD-016,Herramientas,390.82,0,70.0,53
2025-09-22,SUC-03,PROD-016,Herramientas,394.25,0,167.0,32
2025-09-29,SUC-03,PROD-016,Herramientas,379.15,0,135.0,33
2025-10-06,SUC-03,PROD-016,Herramientas,377.8,0,102.0,43
2025-10-13,SUC-03,PROD-016,Herramientas,332.75,1,253.0,999999
2025-10-20,SUC-03,PROD-016,Herramientas,328.53,1,221.0,38
2025-10-27,SUC-03,PROD-016,Herramientas,385.78,0,183.0,58
2025-11-03,SUC-03,PROD-016,Herramientas,388.2,0,125.0,58
2025-11-10,SUC-03,PROD-016,Herramientas,381.49,0,67.0,64
2025-11-17,SUC-03,PROD-016,Herramientas,372.94,0,3.0,3
2025-11-24,SUC-03,PROD-016,Herramientas,385.81,0,156.0,39
2025-12-01,SUC-03,PROD-016,Herramientas,322.75,1,117.0,60
2025-12-08,SUC-03,PROD-016,Herramientas,383.87,0,57.0,47
2025-12-15,SUC-03,PROD-016,Herramientas,388.54,0,133.0,56
2025-12-22,SUC-03,PROD-016,Herramientas,391.71,0,77.0,53
2024-01-01,SUC-04,PROD-016,Herramientas,337.05,1,210.0,39
2024-01-08,SUC-04,PROD-016,Herramientas,373.85,0,171.0,75
2024-01-15,SUC-04,PROD-016,Herramientas,378.02,0,96.0,45
2024-01-22,SUC-04,PROD-016,Herramientas,385.52,0,173.0,39
2024-01-29,SUC-04,PROD-016,Herramientas,393.26,0,134.0,54
2024-02-05,SUC-04,PROD-016,Herramientas,376.3,0,80.0,45
2024-02-12,SUC-04,PROD-016,Herramientas,374.71,0,174.0,47
2024-02-19,SUC-04,PROD-016,Herramientas,374.35,0,127.0,52
2024-02-26,SUC-04,PROD-016,Herramientas,379.78,0,75.0,24
2024-03-04,SUC-04,PROD-016,Herramientas,326.32,1,209.0,44
2024-03-11,SUC-04,PROD-016,Herramientas,375.55,0,165.0,43
2024-03-18,SUC-04,PROD-016,Herramientas,373.93,0,122.0,34
2024-03-25,SUC-04,PROD-016,Herramientas,327.27,1,144.0,56
2024-04-01,SUC-04,PROD-016,Herramientas,380.72,0,88.0,30
2024-04-08,SUC-04,PROD-016,Herramientas,336.84,1,58.0,58
2024-04-15,SUC-04,PROD-016,Herramientas,379.43,0,0.0,0
2024-04-22,SUC-04,PROD-016,Herramientas,339.73,1,0.0,0
2024-04-29,SUC-04,PROD-016,Herramientas,380.42,0,0.0,0
2024-05-06,SUC-04,PROD-016,Herramientas,339.11,1,167.0,39
2024-05-13,SUC-04,PROD-016,Herramientas,322.73,1,128.0,48
2024-05-20,SUC-04,PROD-016,Herramientas,376.06,0,80.0,46
2024-05-27,SUC-04,PROD-016,Herramientas,374.5,0,107.0,38
2024-06-03,SUC-04,PROD-016,Herramientas,336.72,1,,48
2024-06-10,SUC-04,PROD-016,Herramientas,373.04,0,21.0,21
2024-06-17,SUC-04,PROD-016,Herramientas,373.92,0,115.0,35
2024-06-24,SUC-04,PROD-016,Herramientas,394.02,0,80.0,18
2024-07-01,SUC-04,PROD-016,Herramientas,391.65,0,62.0,32
2024-07-08,SUC-04,PROD-016,Herramientas,323.83,1,152.0,35
2024-07-15,SUC-04,PROD-016,Herramientas,338.02,1,117.0,39
2024-07-22,SUC-04,PROD-016,Herramientas,339.55,1,78.0,36
2024-07-29,SUC-04,PROD-016,Herramientas,327.35,1,151.0,57
2024-08-05,SUC-04,PROD-016,Herramientas,330.25,1,94.0,51
2024-08-12,SUC-04,PROD-016,Herramientas,375.27,0,43.0,35
2024-08-19,SUC-04,PROD-016,Herramientas,390.3,0,145.0,33
2024-08-26,SUC-04,PROD-016,Herramientas,386.5,0,112.0,34
2024-09-02,SUC-04,PROD-016,Herramientas,390.04,0,78.0,53
2024-09-09,SUC-04,PROD-016,Herramientas,376.05,0,143.0,29
2024-09-16,SUC-04,PROD-016,Herramientas,-10.0,0,114.0,44
2024-09-23,SUC-04,PROD-016,Herramientas,331.29,1,70.0,53
2024-09-30,SUC-04,PROD-016,Herramientas,378.07,0,129.0,39
2024-10-07,SUC-04,PROD-016,Herramientas,384.77,0,90.0,46
2024-10-14,SUC-04,PROD-016,Herramientas,338.45,1,44.0,44
2024-10-21,SUC-04,PROD-016,Herramientas,394.84,0,186.0,51
2024-10-28,SUC-04,PROD-016,Herramientas,382.99,0,135.0,51
2024-11-04,SUC-04,PROD-016,Herramientas,392.33,0,84.0,49
2024-11-11,SUC-04,PROD-016,Herramientas,376.21,0,141.0,29
2024-11-18,SUC-04,PROD-016,Herramientas,331.46,1,112.0,62
2024-11-25,SUC-04,PROD-016,Herramientas,390.81,0,50.0,50
2024-12-02,SUC-04,PROD-016,Herramientas,333.79,1,218.0,75
2024-12-09,SUC-04,PROD-016,Herramientas,387.69,0,143.0,47
2024-12-16,SUC-04,PROD-016,Herramientas,376.11,0,96.0,63
2024-12-23,SUC-04,PROD-016,Herramientas,381.25,0,185.0,45
2024-12-30,SUC-04,PROD-016,Herramientas,391.29,0,140.0,50
2025-01-06,SUC-04,PROD-016,Herramientas,391.74,0,90.0,66
2025-01-13,SUC-04,PROD-016,Herramientas,378.68,0,139.0,42
2025-01-20,SUC-04,PROD-016,Herramientas,381.22,0,97.0,64
2025-01-27,SUC-04,PROD-016,Herramientas,326.24,1,33.0,33
2025-02-03,SUC-04,PROD-016,Herramientas,386.71,0,204.0,70
2025-02-10,SUC-04,PROD-016,Herramientas,374.69,0,134.0,60
2025-02-17,SUC-04,PROD-016,Herramientas,378.19,0,74.0,71
2025-02-24,SUC-04,PROD-016,Herramientas,375.88,0,150.0,45
2025-03-03,SUC-04,PROD-016,Herramientas,391.58,0,105.0,47
2025-03-10,SUC-04,PROD-016,Herramientas,380.34,0,58.0,58
2025-03-17,SUC-04,PROD-016,Herramientas,373.86,0,160.0,40
2025-03-24,SUC-04,PROD-016,Herramientas,375.33,0,120.0,41
2025-03-31,SUC-04,PROD-016,Herramientas,381.44,0,79.0,42
2025-04-07,SUC-04,PROD-016,Herramientas,379.03,0,151.0,88
2025-04-14,SUC-04,PROD-016,Herramientas,379.1,0,63.0,38
2025-04-21,SUC-04,PROD-016,Herramientas,388.43,0,25.0,25
2025-04-28,SUC-04,PROD-016,Herramientas,387.26,0,132.0,35
2025-05-05,SUC-04,PROD-016,Herramientas,378.79,0,97.0,28
2025-05-12,SUC-04,PROD-016,Herramientas,384.2,0,69.0,41
2025-05-19,SUC-04,PROD-016,Herramientas,334.12,1,171.0,31
2025-05-26,SUC-04,PROD-016,Herramientas,334.56,1,140.0,35
2025-06-02,SUC-04,PROD-016,Herramientas,322.82,1,105.0,49
2025-06-09,SUC-04,PROD-016,Herramientas,324.27,1,118.0,39
2025-06-16,SUC-04,PROD-016,Herramientas,379.01,0,79.0,45
2025-06-23,SUC-04,PROD-016,Herramientas,384.15,0,34.0,24
2025-06-30,SUC-04,PROD-016,Herramientas,389.82,0,80.0,31
2025-07-07,SUC-04,PROD-016,Herramientas,386.02,0,49.0,38
2025-07-14,SUC-04,PROD-016,Herramientas,325.66,1,11.0,11
2025-07-21,SUC-04,PROD-016,Herramientas,373.68,0,115.0,28
2025-07-28,SUC-04,PROD-016,Herramientas,380.82,0,87.0,36
2025-08-04,SUC-04,PROD-016,Herramientas,383.78,0,51.0,40
2025-08-11,SUC-04,PROD-016,Herramientas,385.24,0,101.0,54
2025-08-18,SUC-04,PROD-016,Herramientas,390.44,0,47.0,33
2025-08-25,SUC-04,PROD-016,Herramientas,395.1,0,14.0,14
2025-09-01,SUC-04,PROD-016,Herramientas,390.32,0,109.0,37
2025-09-08,SUC-04,PROD-016,Herramientas,325.17,1,72.0,40
2025-09-15,SUC-04,PROD-016,Herramientas,336.91,1,32.0,32
2025-09-22,SUC-04,PROD-016,Herramientas,374.17,0,152.0,52
2025-09-29,SUC-04,PROD-016,Herramientas,386.37,0,100.0,50
2025-10-06,SUC-04,PROD-016,Herramientas,333.86,1,50.0,50
2025-10-13,SUC-04,PROD-016,Herramientas,387.01,0,210.0,48
2025-10-20,SUC-04,PROD-016,Herramientas,379.47,0,162.0,52
2025-10-27,SUC-04,PROD-016,Herramientas,389.78,0,110.0,53
2025-11-03,SUC-04,PROD-016,Herramientas,337.42,1,266.0,59
2025-11-10,SUC-04,PROD-016,Herramientas,384.37,0,207.0,64
2025-11-17,SUC-04,PROD-016,Herramientas,373.27,0,143.0,52
2025-11-24,SUC-04,PROD-016,Herramientas,390.09,0,163.0,71
2025-12-01,SUC-04,PROD-016,Herramientas,336.39,1,92.0,67
2025-12-08,SUC-04,PROD-016,Herramientas,374.98,0,25.0,25
2025-12-15,SUC-04,PROD-016,Herramientas,388.25,0,151.0,66
2025-12-22,SUC-04,PROD-016,Herramientas,322.94,1,85.0,55
2024-01-01,SUC-05,PROD-016,Herramientas,372.47,0,200.0,45
2024-01-08,SUC-05,PROD-016,Herramientas,320.41,1,155.0,54
2024-01-15,SUC-05,PROD-016,Herramientas,390.01,0,101.0,80
2024-01-22,SUC-05,PROD-016,Herramientas,389.9,0,174.0,55
2024-01-29,SUC-05,PROD-016,Herramientas,385.38,0,119.0,64
2024-02-05,SUC-05,PROD-016,Herramientas,390.08,0,55.0,55
2024-02-12,SUC-05,PROD-016,Herramientas,337.21,1,188.0,66
2024-02-19,SUC-05,PROD-016,Herramientas,373.67,0,122.0,59
2024-02-26,SUC-05,PROD-016,Herramientas,389.49,0,63.0,63
2024-03-04,SUC-05,PROD-016,Herramientas,391.87,0,125.0,41
2024-03-11,SUC-05,PROD-016,Herramientas,386.56,0,84.0,28
2024-03-18,SUC-05,PROD-016,Herramientas,390.33,0,56.0,37
2024-03-25,SUC-05,PROD-016,Herramientas,392.74,0,130.0,52
2024-04-01,SUC-05,PROD-016,Herramientas,326.8,1,78.0,42
2024-04-08,SUC-05,PROD-016,Herramientas,391.35,0,36.0,36
2024-04-15,SUC-05,PROD-016,Herramientas,325.02,1,227.0,45
2024-04-22,SUC-05,PROD-016,Herramientas,382.95,0,182.0,48
2024-04-29,SUC-05,PROD-016,Herramientas,388.39,0,134.0,36
2024-05-06,SUC-05,PROD-016,Herramientas,392.54,0,107.0,40
2024-05-13,SUC-05,PROD-016,Herramientas,374.26,0,67.0,34
2024-05-20,SUC-05,PROD-016,Herramientas,385.2,0,33.0,33
2024-05-27,SUC-05,PROD-016,Herramientas,390.48,0,0.0,0
2024-06-03,SUC-05,PROD-016,Herramientas,391.55,0,0.0,0
2024-06-10,SUC-05,PROD-016,Herramientas,339.31,1,0.0,0
2024-06-17,SUC-05,PROD-016,Herramientas,387.55,0,93.0,41
2024-06-24,SUC-05,PROD-016,Herramientas,330.95,1,52.0,52
2024-07-01,SUC-05,PROD-016,Herramientas,382.05,0,0.0,0
2024-07-08,SUC-05,PROD-016,Herramientas,392.46,0,139.0,34
2024-07-15,SUC-05,PROD-016,Herramientas,324.36,1,105.0,22
2024-07-22,SUC-05,PROD-016,Herramientas,372.58,0,83.0,42
2024-07-29,SUC-05,PROD-016,Herramientas,394.94,0,41.0,41
2024-08-05,SUC-05,PROD-016,Herramientas,389.33,0,0.0,0
2024-08-12,SUC-05,PROD-016,Herramientas,383.48,0,0.0,0
2024-08-19,SUC-05,PROD-016,Herramientas,374.82,0,159.0,51
2024-08-26,SUC-05,PROD-016,Herramientas,374.5,0,108.0,36
2024-09-02,SUC-05,PROD-016,Herramientas,373.41,0,72.0,48
2024-09-09,SUC-05,PROD-016,Herramientas,336.2,1,24.0,24
2024-09-16,SUC-05,PROD-016,Herramientas,384.74,0,0.0,0
2024-09-23,SUC-05,PROD-016,Herramientas,377.88,0,0.0,0
2024-09-30,SUC-05,PROD-016,Herramientas,375.16,0,139.0,52
2024-10-07,SUC-05,PROD-016,Herramientas,394.46,0,87.0,51
2024-10-14,SUC-05,PROD-016,Herramientas,328.29,1,36.0,36
2024-10-21,SUC-05,PROD-016,Herramientas,337.91,1,272.0,56
2024-10-28,SUC-05,PROD-016,Herramientas,393.05,0,216.0,76
2024-11-04,SUC-05,PROD-016,Herramientas,380.45,0,140.0,81
2024-11-11,SUC-05,PROD-016,Herramientas,333.8,1,267.0,79
2024-11-18,SUC-05,PROD-016,Herramientas,387.09,0,188.0,67
2024-11-25,SUC-05,PROD-016,Herramientas,390.05,0,121.0,57
2024-12-02,SUC-05,PROD-016,Herramientas,385.13,0,199.0,78
2024-12-09,SUC-05,PROD-016,Herramientas,382.9,0,121.0,55
2024-12-16,SUC-05,PROD-016,Herramientas,394.42,0,66.0,66
2024-12-23,SUC-05,PROD-016,Herramientas,393.04,0,178.0,69
2024-12-30,SUC-05,PROD-016,Herramientas,376.11,0,109.0,41
2025-01-06,SUC-05,PROD-016,Herramientas,377.62,0,68.0,51
2025-01-13,SUC-05,PROD-016,Herramientas,392.9,0,17.0,17
2025-01-20,SUC-05,PROD-016,Herramientas,388.73,0,0.0,0
2025-01-27,SUC-05,PROD-016,Herramientas,391.26,0,0.0,0
2025-02-03,SUC-05,PROD-016,Herramientas,391.76,0,164.0,66
2025-02-10,SUC-05,PROD-016,Herramientas,393.72,0,98.0,50
2025-02-17,SUC-05,PROD-016,Herramientas,386.31,0,48.0,48
2025-02-24,SUC-05,PROD-016,Herramientas,374.87,0,139.0,64
2025-03-03,SUC-05,PROD-016,Herramientas,382.13,0,75.0,61
2025-03-10,SUC-05,PROD-016,Herramientas,379.91,0,,14
2025-03-17,SUC-05,PROD-016,Herramientas,378.16,0,184.0,51
2025-03-24,SUC-05,PROD-016,Herramientas,331.8,1,133.0,43
2025-03-31,SUC-05,PROD-016,Herramientas,338.08,1,90.0,70
2025-04-07,SUC-05,PROD-016,Herramientas,323.11,1,240.0,88
2025-04-14,SUC-05,PROD-016,Herramientas,389.57,0,152.0,46
2025-04-21,SUC-05,PROD-016,Herramientas,328.11,1,106.0,50
2025-04-28,SUC-05,PROD-016,Herramientas,391.14,0,107.0,51
2025-05-05,SUC-05,PROD-016,Herramientas,376.21,0,56.0,42
2025-05-12,SUC-05,PROD-016,Herramientas,394.75,0,14.0,14
2025-05-19,SUC-05,PROD-016,Herramientas,376.12,0,130.0,77
2025-05-26,SUC-05,PROD-016,Herramientas,391.09,0,53.0,39
2025-06-02,SUC-05,PROD-016,Herramientas,375.47,0,14.0,14
2025-06-09,SUC-05,PROD-016,Herramientas,377.22,0,113.0,38
2025-06-16,SUC-05,PROD-016,Herramientas,386.51,0,75.0,24
2025-06-23,SUC-05,PROD-016,Herramientas,377.83,0,51.0,30
2025-06-30,SUC-05,PROD-016,Herramientas,378.09,0,144.0,37
2025-07-07,SUC-05,PROD-016,Herramientas,379.65,0,107.0,41
2025-07-14,SUC-05,PROD-016,Herramientas,383.62,0,66.0,31
2025-07-21,SUC-05,PROD-016,Herramientas,393.01,0,134.0,43
2025-07-28,SUC-05,PROD-016,Herramientas,383.31,0,91.0,48
2025-08-04,SUC-05,PROD-016,Herramientas,394.86,0,43.0,35
2025-08-11,SUC-05,PROD-016,Herramientas,380.37,0,109.0,42
2025-08-18,SUC-05,PROD-016,Herramientas,384.97,0,67.0,42
2025-08-25,SUC-05,PROD-016,Herramientas,325.26,1,25.0,25
2025-09-01,SUC-05,PROD-016,Herramientas,329.2,1,191.0,71
2025-09-08,SUC-05,PROD-016,Herramientas,377.65,0,120.0,120
2025-09-15,SUC-05,PROD-016,Herramientas,394.25,0,0.0,0
2025-09-22,SUC-05,PROD-016,Herramientas,379.46,0,146.0,40
2025-09-29,SUC-05,PROD-016,Herramientas,391.29,0,106.0,58
2025-10-06,SUC-05,PROD-016,Herramientas,329.84,1,48.0,48
2025-10-13,SUC-05,PROD-016,Herramientas,386.46,0,164.0,47
2025-10-20,SUC-05,PROD-016,Herramientas,379.24,0,117.0,65
2025-10-27,SUC-05,PROD-016,Herramientas,376.52,0,52.0,52
2025-11-03,SUC-05,PROD-016,Herramientas,377.17,0,262.0,69
2025-11-10,SUC-05,PROD-016,Herramientas,390.36,0,193.0,84
2025-11-17,SUC-05,PROD-016,Herramientas,390.75,0,109.0,48
2025-11-24,SUC-05,PROD-016,Herramientas,395.02,0,232.0,53
2025-12-01,SUC-05,PROD-016,Herramientas,331.08,1,179.0,79
2025-12-08,SUC-05,PROD-016,Herramientas,377.52,0,100.0,90
2025-12-15,SUC-05,PROD-016,Herramientas,389.23,0,192.0,77
2025-12-22,SUC-05,PROD-016,Herramientas,382.02,0,115.0,79
2024-01-01,SUC-01,PROD-017,Iluminación,118.46,0,89.0,34
2024-01-08,SUC-01,PROD-017,Iluminación,114.49,0,55.0,27
2024-01-15,SUC-01,PROD-017,Iluminación,112.62,0,28.0,25
2024-01-22,SUC-01,PROD-017,Iluminación,118.05,0,104.0,20
2024-01-29,SUC-01,PROD-017,Iluminación,114.85,0,84.0,38
2024-02-05,SUC-01,PROD-017,Iluminación,118.77,0,46.0,25
2024-02-12,SUC-01,PROD-017,Iluminación,113.17,0,113.0,27
2024-02-19,SUC-01,PROD-017,Iluminación,117.13,0,86.0,47
2024-02-26,SUC-01,PROD-017,Iluminación,98.0,1,39.0,39
2024-03-04,SUC-01,PROD-017,Iluminación,113.38,0,104.0,39
2024-03-11,SUC-01,PROD-017,Iluminación,116.04,0,65.0,35
2024-03-18,SUC-01,PROD-017,Iluminación,102.36,1,30.0,30
2024-03-25,SUC-01,PROD-017,Iluminación,118.04,0,121.0,36
2024-04-01,SUC-01,PROD-017,Iluminación,98.31,1,85.0,41
2024-04-08,SUC-01,PROD-017,Iluminación,102.43,1,44.0,44
2024-04-15,SUC-01,PROD-017,Iluminación,100.33,1,224.0,57
2024-04-22,SUC-01,PROD-017,Iluminación,115.71,0,167.0,48
2024-04-29,SUC-01,PROD-017,Iluminación,113.31,0,119.0,39
2024-05-06,SUC-01,PROD-017,Iluminación,115.03,0,120.0,46
2024-05-13,SUC-01,PROD-017,Iluminación,116.96,0,74.0,34
2024-05-20,SUC-01,PROD-017,Iluminación,101.86,1,40.0,40
2024-05-27,SUC-01,PROD-017,Iluminación,113.54,0,103.0,47
2024-06-03,SUC-01,PROD-017,Iluminación,102.41,1,56.0,49
2024-06-10,SUC-01,PROD-017,Iluminación,118.3,0,7.0,7
2024-06-17,SUC-01,PROD-017,Iluminación,116.42,0,86.0,31
2024-06-24,SUC-01,PROD-017,Iluminación,116.46,0,55.0,29
2024-07-01,SUC-01,PROD-017,Iluminación,119.16,0,26.0,26
2024-07-08,SUC-01,PROD-017,Iluminación,113.37,0,104.0,32
2024-07-15,SUC-01,PROD-017,Iluminación,116.42,0,72.0,29
2024-07-22,SUC-01,PROD-017,Iluminación,115.97,0,43.0,28
2024-07-29,SUC-01,PROD-017,Iluminación,117.34,0,99.0,25
2024-08-05,SUC-01,PROD-017,Iluminación,99.84,1,74.0,32
2024-08-12,SUC-01,PROD-017, ILUMINACIÓN ,114.98,0,42.0,23
fecha-invalida,SUC-01,PROD-017,Iluminación,117.04,0,76.0,32
2024-08-26,SUC-01,PROD-017,Iluminación,113.65,0,44.0,28
2024-09-02,SUC-01,PROD-017,Iluminación,100.19,1,16.0,16
2024-09-09,SUC-01,PROD-017,Iluminación,119.11,0,71.0,21
2024-09-16,SUC-01,PROD-017,Iluminación,115.95,0,50.0,32
2024-09-23,SUC-01,PROD-017,Iluminación,118.8,0,,18
2024-09-30,SUC-01,PROD-017,Iluminación,101.64,1,116.0,18
2024-10-07,SUC-01,PROD-017,Iluminación,101.54,1,98.0,35
2024-10-14,SUC-01,PROD-017,Iluminación,115.92,0,63.0,24
2024-10-21,SUC-01,PROD-017,Iluminación,97.29,1,39.0,37
2024-10-28,SUC-01,PROD-017,Iluminación,117.45,0,2.0,2
2024-11-04,SUC-01,PROD-017,Iluminación,119.4,0,0.0,0
2024-11-11,SUC-01,PROD-017,Iluminación,113.11,0,70.0,22
2024-11-18,SUC-01,PROD-017,Iluminación,99.81,1,48.0,25
2024-11-25,SUC-01,PROD-017,Iluminación,118.41,0,23.0,23
2024-12-02,SUC-01,PROD-017,Iluminación,113.05,0,83.0,27
2024-12-09,SUC-01,PROD-017,Iluminación,116.68,0,56.0,33
2024-12-16,SUC-01,PROD-017,Iluminación,114.71,0,23.0,23
2024-12-23,SUC-01,PROD-017,Iluminación,117.41,0,0.0,0
2024-12-30,SUC-01,PROD-017,Iluminación,101.46,1,0.0,0
2025-01-06,SUC-01,PROD-017,Iluminación,101.47,1,0.0,0
2025-01-13,SUC-01,PROD-017,Iluminación,117.42,0,116.0,43
2025-01-20,SUC-01,PROD-017,Iluminación,116.67,0,73.0,27
2025-01-27,SUC-01,PROD-017,Iluminación,118.46,0,46.0,29
2025-02-03,SUC-01,PROD-017,Iluminación,97.82,1,213.0,28
2025-02-10,SUC-01,PROD-017,Iluminación,115.07,0,185.0,31
2025-02-17,SUC-01,PROD-017,Iluminación,113.2,0,154.0,50
2025-02-24,SUC-01,PROD-017,Iluminación,114.31,0,161.0,27
2025-03-03,SUC-01,PROD-017,Iluminación,118.17,0,134.0,36
2025-03-10,SUC-01,PROD-017,Iluminación,115.39,0,98.0,52
2025-03-17,SUC-01,PROD-017,Iluminación,118.46,0,156.0,42
2025-03-24,SUC-01,PROD-017,Iluminación,115.29,0,114.0,47
2025-03-31,SUC-01,PROD-017,Iluminación,101.95,1,67.0,52
2025-04-07,SUC-01,PROD-017,Iluminación,117.06,0,105.0,47
2025-04-14,SUC-01,PROD-017,Iluminación,112.9,0,58.0,48
2025-04-21,SUC-01,PROD-017,Iluminación,117.53,0,10.0,10
2025-04-28,SUC-01,PROD-017,Iluminación,117.47,0,164.0,49
2025-05-05,SUC-01,PROD-017,Iluminación,114.82,0,115.0,36
2025-05-12,SUC-01,PROD-017,Iluminación,114.36,0,79.0,40
2025-05-19,SUC-01,PROD-017,Iluminación,119.17,0,132.0,36
2025-05-26,SUC-01,PROD-017,Iluminación,117.01,0,96.0,43
2025-06-02,SUC-01,PROD-017,Iluminación,119.14,0,53.0,35
2025-06-09,SUC-01,PROD-017,Iluminación,117.12,0,127.0,35
2025-06-16,SUC-01,PROD-017,Iluminación,99.96,1,92.0,17
2025-06-23,SUC-01,PROD-017,Iluminación,100.45,1,75.0,53
2025-06-30,SUC-01,PROD-017,Iluminación,118.12,0,115.0,35
2025-07-07,SUC-01,PROD-017,Iluminación,115.0,0,80.0,29
2025-07-14,SUC-01,PROD-017,Iluminación,119.23,0,51.0,26
2025-07-21,SUC-01,PROD-017,Iluminación,113.91,0,96.0,33
2025-07-28,SUC-01,PROD-017,Iluminación,100.41,1,63.0,21
2025-08-04,SUC-01,PROD-017,Iluminación,114.25,0,42.0,28
2025-08-11,SUC-01,PROD-017,Iluminación,118.76,0,108.0,28
2025-08-18,SUC-01,PROD-017,Iluminación,116.03,0,80.0,33
2025-08-25,SUC-01,PROD-017,Iluminación,97.33,1,47.0,35
2025-09-01,SUC-01,PROD-017,Iluminación,117.2,0,75.0,32
2025-09-08,SUC-01,PROD-017,Iluminación,115.76,0,43.0,28
2025-09-15,SUC-01,PROD-017,Iluminación,114.53,0,15.0,15
2025-09-22,SUC-01,PROD-017,Iluminación,115.95,0,72.0,24
2025-09-29,SUC-01,PROD-017,Iluminación,115.87,0,48.0,24
2025-10-06,SUC-01,PROD-017,Iluminación,117.8,0,24.0,23
2025-10-13,SUC-01,PROD-017,Iluminación,118.78,0,98.0,34
2025-10-20,SUC-01,PROD-017,Iluminación,119.31,0,64.0,21
2025-10-27,SUC-01,PROD-017,Iluminación,118.44,0,43.0,21
2025-11-03,SUC-01,PROD-017,Iluminación,116.88,0,65.0,28
2025-11-10,SUC-01,PROD-017,Iluminación,97.32,1,37.0,26
2025-11-17,SUC-01,PROD-017,Iluminación,116.08,0,11.0,11
2025-11-24,SUC-01,PROD-017,Iluminación,117.38,0,104.0,30
2025-12-01,SUC-01,PROD-017,Iluminación,101.3,1,74.0,44
2025-12-08,SUC-01,PROD-017,Iluminación,113.12,0,30.0,29
2025-12-15,SUC-01,PROD-017,Iluminación,117.51,0,89.0,18
2025-12-22,SUC-01,PROD-017,Iluminación,118.75,0,71.0,24
2024-01-01,SUC-02,PROD-017,Iluminación,115.63,0,144.0,39
2024-01-08,SUC-02,PROD-017,Iluminación,116.89,0,105.0,24
2024-01-15,SUC-02,PROD-017,Iluminación,99.2,1,81.0,44
2024-01-22,SUC-02,PROD-017,Iluminación,117.56,0,106.0,51
2024-01-29,SUC-02,PROD-017,Iluminación,116.42,0,55.0,43
2024-02-05,SUC-02,PROD-017,Iluminación,115.59,0,12.0,12
2024-02-12,SUC-02,PROD-017,Iluminación,118.1,0,0.0,0
2024-02-19,SUC-02,PROD-017,Iluminación,117.7,0,0.0,0
2024-02-26,SUC-02,PROD-017,Iluminación,101.63,1,0.0,0
2024-03-04,SUC-02,PROD-017,Iluminación,112.79,0,155.0,48
2024-03-11,SUC-02,PROD-017,Iluminación,113.54,0,107.0,53
2024-03-18,SUC-02,PROD-017,Iluminación,117.93,0,54.0,49
2024-03-25,SUC-02,PROD-017,Iluminación,119.54,0,151.0,33
2024-04-01,SUC-02,PROD-017,Iluminación,117.8,0,118.0,44
2024-04-08,SUC-02,PROD-017,Iluminación,116.5,0,74.0,40
2024-04-15,SUC-02,PROD-017,Iluminación,116.14,0,34.0,34
2024-04-22,SUC-02,PROD-017,Iluminación,116.91,0,0.0,0
2024-04-29,SUC-02,PROD-017,Iluminación,116.15,0,0.0,0
2024-05-06,SUC-02,PROD-017,Iluminación,113.62,0,156.0,35
2024-05-13,SUC-02,PROD-017,Iluminación,97.3,1,121.0,78
2024-05-20,SUC-02,PROD-017,Iluminación,117.45,0,43.0,43
2024-05-27,SUC-02,PROD-017,Iluminación,102.1,1,191.0,44
2024-06-03,SUC-02,PROD-017,Iluminación,98.4,1,147.0,62
2024-06-10,SUC-02,PROD-017,Iluminación,112.63,0,85.0,37
2024-06-17,SUC-02,PROD-017,Iluminación,118.19,0,151.0,49
2024-06-24,SUC-02,PROD-017,Iluminación,115.85,0,102.0,53
2024-07-01,SUC-02,PROD-017,Iluminación,114.51,0,49.0,30
2024-07-08,SUC-02,PROD-017,Iluminación,116.83,0,89.0,36
2024-07-15,SUC-02,PROD-017,Iluminación,115.13,0,53.0,32
2024-07-22,SUC-02,PROD-017,Iluminación,114.47,0,21.0,21
2024-07-29,SUC-02,PROD-017,Iluminación,116.27,0,101.0,21
2024-08-05,SUC-02,PROD-017,Iluminación,116.83,0,80.0,28
2024-08-12,SUC-02,PROD-017,Iluminación,118.96,0,52.0,35
2024-08-19,SUC-02,PROD-017,Iluminación,115.86,0,84.0,35
2024-08-26,SUC-02,PROD-017,Iluminación,96.98,1,49.0,48
2024-09-02,SUC-02,PROD-017,Iluminación,116.38,0,1.0,1
2024-09-09,SUC-02,PROD-017,Iluminación,115.13,0,95.0,34
2024-09-16,SUC-02,PROD-017,Iluminación,117.19,0,61.0,22
2024-09-23,SUC-02,PROD-017,Iluminación,119.38,0,39.0,21
2024-09-30,SUC-02,PROD-017,Iluminación,115.43,0,106.0,30
2024-10-07,SUC-02,PROD-017,Iluminación,116.32,0,76.0,26
2024-10-14,SUC-02,PROD-017,Iluminación,117.99,0,50.0,29
2024-10-21,SUC-02,PROD-017,Iluminación,96.87,1,149.0,45
2024-10-28,SUC-02,PROD-017,Iluminación,118.42,0,104.0,23
2024-11-04,SUC-02,PROD-017,Iluminación,101.73,1,81.0,37
2024-11-11,SUC-02,PROD-017,Iluminación,118.67,0,83.0,32
2024-11-18,SUC-02,PROD-017,Iluminación,114.92,0,51.0,32
2024-11-25,SUC-02,PROD-017,Iluminación,117.71,0,19.0,19
2024-12-02,SUC-02,PROD-017,Iluminación,116.67,0,124.0,28
2024-12-09,SUC-02,PROD-017,Iluminación,118.86,0,96.0,26
2024-12-16,SUC-02,PROD-017,Iluminación,117.84,0,70.0,28
2024-12-23,SUC-02,PROD-017,Iluminación,118.03,0,111.0,35
2024-12-30,SUC-02,PROD-017,Iluminación,102.08,1,76.0,34
2025-01-06,SUC-02,PROD-017,Iluminación,118.28,0,42.0,42
2025-01-13,SUC-02,PROD-017,Iluminación,117.37,0,133.0,42
2025-01-20,SUC-02,PROD-017,Iluminación,99.26,1,91.0,26
2025-01-27,SUC-02,PROD-017,Iluminación,-10.0,0,65.0,58
2025-02-03,SUC-02,PROD-017,Iluminación,117.19,0,128.0,54
2025-02-10,SUC-02,PROD-017,Iluminación,99.43,1,74.0,69
2025-02-17,SUC-02,PROD-017,Iluminación,116.07,0,5.0,5
2025-02-24,SUC-02,PROD-017,Iluminación,112.87,0,182.0,46
2025-03-03,SUC-02,PROD-017,Iluminación,116.99,0,136.0,53
2025-03-10,SUC-02,PROD-017,Iluminación,98.99,1,83.0,44
2025-03-17,SUC-02,PROD-017,Iluminación,102.59,1,213.0,38
2025-03-24,SUC-02,PROD-017,Iluminación,119.34,0,175.0,58
2025-03-31,SUC-02,PROD-017,Iluminación,115.27,0,117.0,62
2025-04-07,SUC-02,PROD-017,Iluminación,102.54,1,55.0,42
2025-04-14,SUC-02,PROD-017,Iluminación,114.12,0,13.0,13
2025-04-21,SUC-02,PROD-017,Iluminación,99.03,1,0.0,0
2025-04-28,SUC-02,PROD-017,Iluminación,119.52,0,163.0,59
2025-05-05,SUC-02,PROD-017,Iluminación,117.37,0,104.0,48
2025-05-12,SUC-02,PROD-017,Iluminación,115.9,0,56.0,56
2025-05-19,SUC-02,PROD-017,Iluminación,97.22,1,184.0,61
2025-05-26,SUC-02,PROD-017,Iluminación,-10.0,0,123.0,53
2025-06-02,SUC-02,PROD-017,Iluminación,119.3,0,70.0,48
2025-06-09,SUC-02,PROD-017,Iluminación,116.53,0,171.0,54
2025-06-16,SUC-02,PROD-017,Iluminación,119.54,0,117.0,40
2025-06-23,SUC-02,PROD-017,Iluminación,98.92,1,77.0,31
2025-06-30,SUC-02,PROD-017,Iluminación,99.41,1,169.0,59
2025-07-07,SUC-02,PROD-017,Iluminación,118.95,0,110.0,55
2025-07-14,SUC-02,PROD-017,Iluminación,116.07,0,55.0,34
2025-07-21,SUC-02,PROD-017,Iluminación,118.06,0,136.0,42
2025-07-28,SUC-02,PROD-017,Iluminación,116.82,0,94.0,40
2025-08-04,SUC-02,PROD-017,Iluminación,113.14,0,54.0,27
2025-08-11,SUC-02,PROD-017,Iluminación,99.94,1,182.0,38
2025-08-18,SUC-02,PROD-017,Iluminación,115.36,0,144.0,37
2025-08-25,SUC-02,PROD-017,Iluminación,114.31,0,107.0,33
2025-09-01,SUC-02,PROD-017,Iluminación,115.51,0,107.0,37
2025-09-08,SUC-02,PROD-017,Iluminación,114.86,0,70.0,34
2025-09-15,SUC-02,PROD-017,Iluminación,100.34,1,36.0,36
2025-09-22,SUC-02,PROD-017,Iluminación,117.27,0,118.0,31
2025-09-29,SUC-02,PROD-017,Iluminación,118.77,0,87.0,20
2025-10-06,SUC-02,PROD-017,Iluminación,113.73,0,67.0,29
2025-10-13,SUC-02,PROD-017,Iluminación,116.13,0,92.0,16
2025-10-20,SUC-02,PROD-017,Iluminación,113.66,0,76.0,21
2025-10-27,SUC-02,PROD-017,Iluminación,119.22,0,55.0,28
2025-11-03,SUC-02,PROD-017,Iluminación,99.21,1,117.0,42
2025-11-10,SUC-02,PROD-017,Iluminación,116.31,0,75.0,36
2025-11-17,SUC-02,PROD-017,Iluminación,115.52,0,39.0,38
2025-11-24,SUC-02,PROD-017,Iluminación,117.96,0,100.0,20
2025-12-01,SUC-02,PROD-017,Iluminación,101.92,1,80.0,38
2025-12-08,SUC-02,PROD-017,Iluminación,102.11,1,42.0,42
2025-12-15,SUC-02,PROD-017,Iluminación,118.04,0,154.0,45
2025-12-22,SUC-02,PROD-017,Iluminación,114.99,0,109.0,44
2024-01-01,SUC-03,PROD-017,Iluminación,113.68,0,175.0,51
2024-01-08,SUC-03,PROD-017,Iluminación,118.08,0,124.0,41
2024-01-15,SUC-03,PROD-017,Iluminación,115.64,0,83.0,46
2024-01-22,SUC-03,PROD-017,Iluminación,100.28,1,277.0,39
2024-01-29,SUC-03,PROD-017,Iluminación,113.45,0,238.0,44
2024-02-05,SUC-03,PROD-017,Iluminación,115.94,0,194.0,51
2024-02-12,SUC-03,PROD-017,Iluminación,101.07,1,194.0,80
2024-02-19,SUC-03,PROD-017,Iluminación,118.87,0,114.0,49
2024-02-26,SUC-03,PROD-017,Iluminación,113.36,0,65.0,54
2024-03-04,SUC-03,PROD-017,Iluminación,117.48,0,147.0,63
2024-03-11,SUC-03,PROD-017,Iluminación,117.04,0,84.0,55
2024-03-18,SUC-03,PROD-017,Iluminación,118.78,0,29.0,29
2024-03-25,SUC-03,PROD-017,Iluminación,102.77,1,245.0,57
2024-04-01,SUC-03,PROD-017,Iluminación,98.76,1,188.0,73
2024-04-08,SUC-03,PROD-017,Iluminación,118.29,0,115.0,67
2024-04-15,SUC-03,PROD-017,Iluminación,115.28,0,165.0,55
2024-04-22,SUC-03,PROD-017,Iluminación,118.81,0,110.0,37
2024-04-29,SUC-03,PROD-017,Iluminación,113.18,0,73.0,57
2024-05-06,SUC-03,PROD-017,Iluminación,114.08,0,223.0,59
2024-05-13,SUC-03,PROD-017,Iluminación,116.74,0,164.0,39
2024-05-20,SUC-03,PROD-017,Iluminación,116.64,0,125.0,55
2024-05-27,SUC-03,PROD-017,Iluminación,118.8,0,126.0,53
2024-06-03,SUC-03,PROD-017,Iluminación,118.74,0,73.0,38
2024-06-10,SUC-03,PROD-017,Iluminación,113.78,0,35.0,35
2024-06-17,SUC-03,PROD-017,Iluminación,116.31,0,184.0,46
2024-06-24,SUC-03,PROD-017,Iluminación,116.27,0,138.0,36
2024-07-01,SUC-03,PROD-017,Iluminación,114.86,0,102.0,42
2024-07-08,SUC-03,PROD-017,Iluminación,119.27,0,164.0,34
2024-07-15,SUC-03,PROD-017,Iluminación,119.03,0,130.0,42
2024-07-22,SUC-03,PROD-017,Iluminación,118.23,0,88.0,22
2024-07-29,SUC-03,PROD-017,Iluminación,115.31,0,130.0,48
2024-08-05,SUC-03,PROD-017,Iluminación,117.23,0,82.0,44
2024-08-12,SUC-03,PROD-017,Iluminación,98.31,1,38.0,38
2024-08-19,SUC-03,PROD-017,Iluminación,113.66,0,108.0,42
2024-08-26,SUC-03,PROD-017,Iluminación,116.97,0,66.0,31
2024-09-02,SUC-03,PROD-017,Iluminación,119.4,0,35.0,35
2024-09-09,SUC-03,PROD-017,Iluminación,113.44,0,104.0,30
2024-09-16,SUC-03,PROD-017,Iluminación,114.3,0,74.0,40
2024-09-23,SUC-03,PROD-017,Iluminación,102.7,1,34.0,33
2024-09-30,SUC-03,PROD-017,Iluminación,115.72,0,1.0,1
2024-10-07,SUC-03,PROD-017,Iluminación,114.46,0,0.0,0
2024-10-14,SUC-03,PROD-017,Iluminación,115.43,0,0.0,0
2024-10-21,SUC-03,PROD-017,Iluminación,119.01,0,120.0,23
2024-10-28,SUC-03,PROD-017,Iluminación,114.87,0,97.0,35
2024-11-04,SUC-03,PROD-017,Iluminación,102.1,1,62.0,54
2024-11-11,SUC-03,PROD-017,Iluminación,117.14,0,8.0,8
2024-11-18,SUC-03,PROD-017,Iluminación,102.69,1,0.0,0
2024-11-25,SUC-03,PROD-017,Iluminación,116.9,0,0.0,0
2024-12-02,SUC-03,PROD-017,Iluminación,118.44,0,129.0,41
2024-12-09,SUC-03,PROD-017,Iluminación,100.12,1,88.0,32
2024-12-16,SUC-03,PROD-017,Iluminación,115.8,0,56.0,40
2024-12-23,SUC-03,PROD-017,Iluminación,119.13,0,119.0,58
2024-12-30,SUC-03,PROD-017,Iluminación,117.14,0,61.0,44
2025-01-06,SUC-03,PROD-017,Iluminación,98.76,1,17.0,17
2025-01-13,SUC-03,PROD-017,Iluminación,112.84,0,0.0,0
2025-01-20,SUC-03,PROD-017,Iluminación,113.34,0,0.0,0
2025-01-27,SUC-03,PROD-017,Iluminación,116.9,0,0.0,0
2025-02-03,SUC-03,PROD-017,Iluminación,118.2,0,169.0,39
2025-02-10,SUC-03,PROD-017,Iluminación,112.63,0,130.0,50
2025-02-17,SUC-03,PROD-017,Iluminación,115.98,0,80.0,57
2025-02-24,SUC-03,PROD-017,Iluminación,113.95,0,189.0,39
2025-03-03,SUC-03,PROD-017,Iluminación,113.82,0,150.0,62
2025-03-10,SUC-03,PROD-017,Iluminación,99.84,1,88.0,88
2025-03-17,SUC-03,PROD-017,Iluminación,116.56,0,160.0,73
2025-03-24,SUC-03,PROD-017,Iluminación,117.41,0,87.0,55
2025-03-31,SUC-03,PROD-017,Iluminación,98.23,1,32.0,32
2025-04-07,SUC-03,PROD-017,Iluminación,118.45,0,228.0,70
2025-04-14,SUC-03,PROD-017,Iluminación,112.92,0,,68
2025-04-21,SUC-03,PROD-017,Iluminación,99.87,1,90.0,55
2025-04-28,SUC-03,PROD-017,Iluminación,117.8,0,174.0,68
2025-05-05,SUC-03,PROD-017,Iluminación,113.4,0,106.0,65
2025-05-12,SUC-03,PROD-017,Iluminación,115.58,0,41.0,41
2025-05-19,SUC-03,PROD-017,Iluminación,115.91,0,151.0,77
2025-05-26,SUC-03,PROD-017,Iluminación,114.18,0,74.0,57
2025-06-02,SUC-03,PROD-017,Iluminación,116.55,0,17.0,17
2025-06-09,SUC-03,PROD-017,Iluminación,112.72,0,192.0,53
2025-06-16,SUC-03,PROD-017,Iluminación,112.62,0,139.0,58
2025-06-23,SUC-03,PROD-017,Iluminación,115.39,0,81.0,61
2025-06-30,SUC-03,PROD-017,Iluminación,115.13,0,145.0,46
2025-07-07,SUC-03,PROD-017,Iluminación,99.89,1,99.0,34
2025-07-14,SUC-03,PROD-017,Iluminación,115.77,0,65.0,41
2025-07-21,SUC-03,PROD-017,Iluminación,113.39,0,130.0,51
2025-07-28,SUC-03,PROD-017,Iluminación,99.24,1,79.0,70
2025-08-04,SUC-03,PROD-017,Iluminación,118.18,0,9.0,9
2025-08-11,SUC-03,PROD-017,Iluminación,116.64,0,99.0,48
2025-08-18,SUC-03,PROD-017,Iluminación,102.17,1,51.0,50
2025-08-25,SUC-03,PROD-017,Iluminación,116.59,0,1.0,1
2025-09-01,SUC-03,PROD-017,Iluminación,112.66,0,100.0,39
2025-09-08,SUC-03,PROD-017,Iluminación,113.85,0,61.0,41
2025-09-15,SUC-03,PROD-017,Iluminación,118.22,0,20.0,20
2025-09-22,SUC-03,PROD-017,Iluminación,114.22,0,98.0,29
2025-09-29,SUC-03,PROD-017,Iluminación,117.38,0,69.0,36
2025-10-06,SUC-03,PROD-017,Iluminación,117.91,0,33.0,31
2025-10-13,SUC-03,PROD-017,Iluminación,101.9,1,128.0,61
2025-10-20,SUC-03,PROD-017,Iluminación,116.25,0,67.0,35
2025-10-27,SUC-03,PROD-017,Iluminación,118.72,0,32.0,32
2025-11-03,SUC-03,PROD-017,Iluminación,117.86,0,142.0,41
2025-11-10,SUC-03,PROD-017, ILUMINACIÓN ,112.82,0,101.0,44
2025-11-17,SUC-03,PROD-017,Iluminación,118.14,0,57.0,28
2025-11-24,SUC-03,PROD-017,Iluminación,98.62,1,170.0,43
2025-12-01,SUC-03,PROD-017,Iluminación,117.05,0,127.0,37
2025-12-08,SUC-03,PROD-017,Iluminación,118.05,0,90.0,46
2025-12-15,SUC-03,PROD-017,Iluminación,118.55,0,169.0,57
2025-12-22,SUC-03,PROD-017,Iluminación,112.84,0,112.0,45
2024-01-01,SUC-04,PROD-017,Iluminación,113.31,0,162.0,52
2024-01-08,SUC-04,PROD-017,Iluminación,112.97,0,110.0,50
2024-01-15,SUC-04,PROD-017,Iluminación,113.56,0,60.0,58
2024-01-22,SUC-04,PROD-017,Iluminación,113.04,0,149.0,69
2024-01-29,SUC-04,PROD-017,Iluminación,115.34,0,80.0,60
2024-02-05,SUC-04,PROD-017,Iluminación,97.45,1,20.0,20
2024-02-12,SUC-04,PROD-017,Iluminación,117.62,0,0.0,0
2024-02-19,SUC-04,PROD-017,Iluminación,113.37,0,0.0,0
2024-02-26,SUC-04,PROD-017,Iluminación,113.38,0,0.0,0
2024-03-04,SUC-04,PROD-017,Iluminación,117.06,0,164.0,47
2024-03-11,SUC-04,PROD-017,Iluminación,100.89,1,117.0,78
2024-03-18,SUC-04,PROD-017,Iluminación,113.76,0,39.0,39
2024-03-25,SUC-04,PROD-017,Iluminación,115.02,0,267.0,67
2024-04-01,SUC-04,PROD-017,Iluminación,118.04,0,200.0,70
2024-04-08,SUC-04,PROD-017,Iluminación,113.15,0,130.0,51
2024-04-15,SUC-04,PROD-017,Iluminación,100.36,1,250.0,31
2024-04-22,SUC-04,PROD-017,Iluminación,119.34,0,219.0,48
2024-04-29,SUC-04,PROD-017,Iluminación,112.81,0,171.0,48
2024-05-06,SUC-04,PROD-017,Iluminación,113.84,0,185.0,88
2024-05-13,SUC-04,PROD-017,Iluminación,118.9,0,97.0,70
2024-05-20,SUC-04,PROD-017,Iluminación,100.36,1,27.0,27
2024-05-27,SUC-04,PROD-017,Iluminación,113.3,0,185.0,73
2024-06-03,SUC-04,PROD-017,Iluminación,116.91,0,112.0,73
2024-06-10,SUC-04,PROD-017,Iluminación,116.61,0,39.0,39
2024-06-17,SUC-04,PROD-017,Iluminación,98.55,1,0.0,0
2024-06-24,SUC-04,PROD-017,Iluminación,115.48,0,0.0,0
2024-07-01,SUC-04,PROD-017,Iluminación,115.7,0,0.0,0
2024-07-08,SUC-04,PROD-017,Iluminación,119.42,0,123.0,46
2024-07-15,SUC-04,PROD-017,Iluminación,114.95,0,77.0,57
2024-07-22,SUC-04,PROD-017,Iluminación,116.66,0,20.0,20
2024-07-29,SUC-04,PROD-017,Iluminación,118.13,0,132.0,46
2024-08-05,SUC-04,PROD-017,Iluminación,118.65,0,86.0,44
2024-08-12,SUC-04,PROD-017,Iluminación,114.76,0,42.0,30
2024-08-19,SUC-04,PROD-017,Iluminación,119.45,0,138.0,44
2024-08-26,SUC-04,PROD-017,Iluminación,113.78,0,94.0,45
2024-09-02,SUC-04,PROD-017,Iluminación,116.83,0,49.0,45
2024-09-09,SUC-04,PROD-017,Iluminación,102.69,1,4.0,4
2024-09-16,SUC-04,PROD-017,Iluminación,112.6,0,0.0,0
2024-09-23,SUC-04,PROD-017,Iluminación,118.34,0,0.0,0
2024-09-30,SUC-04,PROD-017,Iluminación,114.36,0,102.0,36
2024-10-07,SUC-04,PROD-017,Iluminación,117.82,0,66.0,36
2024-10-14,SUC-04,PROD-017,Iluminación,117.23,0,30.0,30
2024-10-21,SUC-04,PROD-017,Iluminación,99.65,1,200.0,42
2024-10-28,SUC-04,PROD-017,Iluminación,112.78,0,158.0,48
2024-11-04,SUC-04,PROD-017,Iluminación,117.06,0,110.0,49
2024-11-11,SUC-04,PROD-017,Iluminación,116.55,0,133.0,49
2024-11-18,SUC-04,PROD-017,Iluminación,118.03,0,84.0,47
2024-11-25,SUC-04,PROD-017,Iluminación,98.79,1,37.0,36
2024-12-02,SUC-04,PROD-017,Iluminación,112.62,0,171.0,52
2024-12-09,SUC-04,PROD-017,Iluminación,117.7,0,119.0,71
2024-12-16,SUC-04,PROD-017,Iluminación,118.1,0,48.0,48
2024-12-23,SUC-04,PROD-017,Iluminación,118.09,0,128.0,44
2024-12-30,SUC-04,PROD-017,Iluminación,116.34,0,84.0,42
2025-01-06,SUC-04,PROD-017,Iluminación,115.49,0,42.0,39
2025-01-13,SUC-04,PROD-017,Iluminación,116.43,0,198.0,60
2025-01-20,SUC-04,PROD-017,Iluminación,113.13,0,138.0,39
2025-01-27,SUC-04,PROD-017,Iluminación,118.13,0,99.0,59
2025-02-03,SUC-04,PROD-017,Iluminación,116.45,0,180.0,52
2025-02-10,SUC-04,PROD-017,Iluminación,112.72,0,128.0,43
2025-02-17,SUC-04,PROD-017,Iluminación,113.69,0,85.0,52
2025-02-24,SUC-04,PROD-017,Iluminación,115.85,0,166.0,65
2025-03-03,SUC-04,PROD-017,Iluminación,118.27,0,101.0,87
2025-03-10,SUC-04,PROD-017,Iluminación,115.05,0,14.0,14
2025-03-17,SUC-04,PROD-017,Iluminación,113.56,0,199.0,57
2025-03-24,SUC-04,PROD-017,Iluminación,119.21,0,142.0,78
2025-03-31,SUC-04,PROD-017,Iluminación,119.46,0,64.0,64
2025-04-07,SUC-04,PROD-017,Iluminación,118.16,0,-5.0,85
2025-04-14,SUC-04,PROD-017,Iluminación,116.06,0,117.0,76
2025-04-21,SUC-04,PROD-017,Iluminación,119.03,0,41.0,41
2025-04-28,SUC-04,PROD-017,Iluminación,113.99,0,172.0,56
2025-05-05,SUC-04,PROD-017,Iluminación,117.65,0,116.0,64
2025-05-12,SUC-04,PROD-017,Iluminación,100.44,1,52.0,52
2025-05-19,SUC-04,PROD-017,Iluminación,118.07,0,229.0,42
2025-05-26,SUC-04,PROD-017,Iluminación,119.5,0,187.0,58
2025-06-02,SUC-04,PROD-017,Iluminación,101.78,1,129.0,92
2025-06-09,SUC-04,PROD-017,Iluminación,115.45,0,212.0,92
2025-06-16,SUC-04,PROD-017,Iluminación,99.27,1,120.0,50
2025-06-23,SUC-04,PROD-017,Iluminación,115.56,0,70.0,54
2025-06-30,SUC-04,PROD-017,Iluminación,116.39,0,226.0,66
2025-07-07,SUC-04,PROD-017,Iluminación,98.47,1,160.0,66
2025-07-14,SUC-04,PROD-017,Iluminación,113.31,0,94.0,75
2025-07-21,SUC-04,PROD-017,Iluminación,-10.0,0,167.0,45
2025-07-28,SUC-04,PROD-017,Iluminación,99.29,1,122.0,72
2025-08-04,SUC-04,PROD-017,Iluminación,100.95,1,50.0,50
2025-08-11,SUC-04,PROD-017,Iluminación,119.1,0,136.0,63
2025-08-18,SUC-04,PROD-017,Iluminación,115.42,0,73.0,48
2025-08-25,SUC-04,PROD-017,Iluminación,113.1,0,25.0,25
2025-09-01,SUC-04,PROD-017,Iluminación,114.79,0,172.0,43
2025-09-08,SUC-04,PROD-017,Iluminación,116.83,0,129.0,35
2025-09-15,SUC-04,PROD-017,Iluminación,116.44,0,94.0,32
2025-09-22,SUC-04,PROD-017,Iluminación,115.12,0,120.0,53
2025-09-29,SUC-04,PROD-017,Iluminación,118.42,0,67.0,55
2025-10-06,SUC-04,PROD-017,Iluminación,115.48,0,12.0,12
2025-10-13,SUC-04,PROD-017,Iluminación,113.17,0,136.0,36
2025-10-20,SUC-04,PROD-017,Iluminación,113.94,0,100.0,38
2025-10-27,SUC-04,PROD-017,Iluminación,115.99,0,62.0,48
2025-11-03,SUC-04,PROD-017,Iluminación,116.97,0,146.0,33
2025-11-10,SUC-04,PROD-017,Iluminación,117.51,0,113.0,37
2025-11-17,SUC-04,PROD-017,Iluminación,114.93,0,76.0,37
2025-11-24,SUC-04,PROD-017,Iluminación,116.93,0,160.0,35
2025-12-01,SUC-04,PROD-017,Iluminación,112.98,0,125.0,52
2025-12-08,SUC-04,PROD-017,Iluminación,113.38,0,-5.0,69
2025-12-15,SUC-04,PROD-017,Iluminación,116.39,0,189.0,44
2025-12-22,SUC-04,PROD-017,Iluminación,114.78,0,145.0,57
2024-01-01,SUC-05,PROD-017,Iluminación,114.7,0,167.0,51
2024-01-08,SUC-05,PROD-017,Iluminación,116.79,0,116.0,70
2024-01-15,SUC-05,PROD-017,Iluminación,119.0,0,46.0,46
2024-01-22,SUC-05,PROD-017,Iluminación,98.69,1,0.0,0
2024-01-29,SUC-05,PROD-017,Iluminación,102.36,1,0.0,0
2024-02-05,SUC-05,PROD-017,Iluminación,117.43,0,0.0,0
2024-02-12,SUC-05,PROD-017,Iluminación,115.75,0,266.0,72
2024-02-19,SUC-05,PROD-017,Iluminación,115.52,0,194.0,51
2024-02-26,SUC-05,PROD-017,Iluminación,114.07,0,143.0,90
2024-03-04,SUC-05,PROD-017,Iluminación,112.93,0,250.0,67
2024-03-11,SUC-05,PROD-017,Iluminación,114.29,0,183.0,62
2024-03-18,SUC-05,PROD-017,Iluminación,116.85,0,121.0,58
2024-03-25,SUC-05,PROD-017,Iluminación,116.35,0,264.0,58
2024-04-01,SUC-05,PROD-017,Iluminación,112.96,0,206.0,66
2024-04-08,SUC-05,PROD-017,Iluminación,96.84,1,140.0,93
2024-04-15,SUC-05,PROD-017,Iluminación,102.49,1,309.0,104
2024-04-22,SUC-05,PROD-017,Iluminación,114.96,0,205.0,68
2024-04-29,SUC-05,PROD-017,Iluminación,102.03,1,137.0,103
2024-05-06,SUC-05,PROD-017,Iluminación,118.48,0,177.0,80
2024-05-13,SUC-05,PROD-017,Iluminación,114.87,0,97.0,83
2024-05-20,SUC-05,PROD-017,Iluminación,119.0,0,14.0,14
2024-05-27,SUC-05,PROD-017,Iluminación,118.21,0,202.0,80
2024-06-03,SUC-05,PROD-017,Iluminación,116.24,0,122.0,68
2024-06-10,SUC-05,PROD-017,Iluminación,113.09,0,54.0,54
2024-06-17,SUC-05,PROD-017,Iluminación,117.69,0,238.0,69
2024-06-24,SUC-05,PROD-017,Iluminación,117.03,0,169.0,57
2024-07-01,SUC-05,PROD-017,Iluminación,113.43,0,112.0,59
2024-07-08,SUC-05,PROD-017,Iluminación,100.68,1,269.0,95
2024-07-15,SUC-05,PROD-017,Iluminación,116.62,0,174.0,78
2024-07-22,SUC-05,PROD-017,Iluminación,119.32,0,96.0,84
2024-07-29,SUC-05,PROD-017,Iluminación,113.43,0,132.0,43
2024-08-05,SUC-05,PROD-017,Iluminación,116.0,0,89.0,47
2024-08-12,SUC-05,PROD-017,Iluminación,115.38,0,42.0,41
2024-08-19,SUC-05,PROD-017,Iluminación,97.51,1,195.0,52
2024-08-26,SUC-05,PROD-017,Iluminación,102.66,1,143.0,65
2024-09-02,SUC-05,PROD-017,Iluminación,116.01,0,78.0,52
2024-09-09,SUC-05,PROD-017,Iluminación,116.15,0,169.0,49
2024-09-16,SUC-05,PROD-017,Iluminación,101.86,1,120.0,37
2024-09-23,SUC-05,PROD-017,Iluminación,119.44,0,83.0,55
2024-09-30,SUC-05,PROD-017,Iluminación,116.44,0,176.0,43
2024-10-07,SUC-05,PROD-017,Iluminación,116.5,0,133.0,29
2024-10-14,SUC-05,PROD-017,Iluminación,118.96,0,104.0,46
2024-10-21,SUC-05,PROD-017,Iluminación,118.67,0,163.0,31
2024-10-28,SUC-05,PROD-017,Iluminación,115.07,0,132.0,38
2024-11-04,SUC-05,PROD-017,Iluminación,117.34,0,94.0,38
2024-11-11,SUC-05,PROD-017,Iluminación,112.81,0,149.0,61
2024-11-18,SUC-05,PROD-017,Iluminación,117.37,0,88.0,41
2024-11-25,SUC-05,PROD-017,Iluminación,102.06,1,47.0,47
2024-12-02,SUC-05,PROD-017,Iluminación,99.74,1,0.0,0
2024-12-09,SUC-05,PROD-017,Iluminación,118.43,0,0.0,0
2024-12-16,SUC-05,PROD-017,Iluminación,117.58,0,0.0,0
2024-12-23,SUC-05,PROD-017,Iluminación,113.87,0,0.0,0
2024-12-30,SUC-05,PROD-017,Iluminación,118.16,0,0.0,0
2025-01-06,SUC-05,PROD-017,Iluminación,112.69,0,0.0,0
2025-01-13,SUC-05,PROD-017,Iluminación,116.77,0,172.0,60
2025-01-20,SUC-05,PROD-017,Iluminación,116.87,0,112.0,64
2025-01-27,SUC-05,PROD-017,Iluminación,114.05,0,48.0,48
2025-02-03,SUC-05,PROD-017,Iluminación,100.14,1,295.0,81
2025-02-10,SUC-05,PROD-017,Iluminación,115.01,0,214.0,95
2025-02-17,SUC-05,PROD-017,Iluminación,118.58,0,119.0,81
2025-02-24,SUC-05,PROD-017,Iluminación,117.48,0,38.0,38
2025-03-03,SUC-05,PROD-017,Iluminación,97.55,1,0.0,0
2025-03-10,SUC-05,PROD-017,Iluminación,113.34,0,0.0,0
2025-03-17,SUC-05,PROD-017,Iluminación,116.73,0,321.0,105
2025-03-24,SUC-05,PROD-017,Iluminación,114.87,0,216.0,101
2025-03-31,SUC-05,PROD-017,Iluminación,,1,115.0,92
2025-04-07,SUC-05,PROD-017,Iluminación,117.59,0,197.0,87
2025-04-14,SUC-05,PROD-017,Iluminación,102.77,1,110.0,81
2025-04-21,SUC-05,PROD-017,Iluminación,116.47,0,29.0,29
2025-04-28,SUC-05,PROD-017,Iluminación,114.41,0,273.0,94
2025-05-05,SUC-05,PROD-017,Iluminación,112.62,0,179.0,86
2025-05-12,SUC-05,PROD-017,Iluminación,113.03,0,93.0,62
2025-05-19,SUC-05,PROD-017,Iluminación,118.02,0,235.0,46
2025-05-26,SUC-05,PROD-017,Iluminación,117.55,0,189.0,88
2025-06-02,SUC-05,PROD-017,Iluminación,113.08,0,101.0,53
2025-06-09,SUC-05,PROD-017,Iluminación,115.75,0,48.0,48
2025-06-16,SUC-05,PROD-017,Iluminación,113.87,0,0.0,0
2025-06-23,SUC-05,PROD-017, ILUMINACIÓN ,99.65,1,0.0,0
2025-06-30,SUC-05,PROD-017,Iluminación,118.16,0,165.0,77
2025-07-07,SUC-05,PROD-017,Iluminación,102.66,1,88.0,88
2025-07-14,SUC-05,PROD-017,Iluminación,118.08,0,0.0,0
2025-07-21,SUC-05,PROD-017,Iluminación,118.13,0,225.0,59
2025-07-28,SUC-05,PROD-017,Iluminación,100.21,1,166.0,73
2025-08-04,SUC-05,PROD-017,Iluminación,117.39,0,93.0,64
2025-08-11,SUC-05,PROD-017,Iluminación,100.77,1,206.0,79
2025-08-18,SUC-05,PROD-017,Iluminación,118.42,0,127.0,61
2025-08-25,SUC-05,PROD-017,Iluminación,113.47,0,66.0,64
2025-09-01,SUC-05,PROD-017,Iluminación,112.62,0,191.0,65
2025-09-08,SUC-05,PROD-017,Iluminación,100.57,1,126.0,66
2025-09-15,SUC-05,PROD-017,Iluminación,114.33,0,60.0,51
2025-09-22,SUC-05,PROD-017,Iluminación,113.44,0,125.0,50
2025-09-29,SUC-05,PROD-017,Iluminación,97.31,1,75.0,41
2025-10-06,SUC-05,PROD-017,Iluminación,119.1,0,34.0,34
2025-10-13,SUC-05,PROD-017,Iluminación,118.29,0,0.0,0
2025-10-20,SUC-05,PROD-017,Iluminación,115.28,0,0.0,0
2025-10-27,SUC-05,PROD-017,Iluminación,97.32,1,0.0,0
2025-11-03,SUC-05,PROD-017,Iluminación,117.94,0,138.0,46
2025-11-10,SUC-05,PROD-017,Iluminación,100.85,1,92.0,42
2025-11-17,SUC-05,PROD-017,Iluminación,115.0,0,50.0,50
2025-11-24,SUC-05,PROD-017,Iluminación,100.51,1,207.0,59
2025-12-01,SUC-05,PROD-017,Iluminación,100.61,1,148.0,79
2025-12-08,SUC-05,PROD-017,Iluminación,97.08,1,69.0,66
2025-12-15,SUC-05,PROD-017,Iluminación,118.19,0,239.0,65
2025-12-22,SUC-05,PROD-017,Iluminación,114.8,0,174.0,104
2024-01-01,SUC-01,PROD-018,Accesorios,188.74,1,78.0,32
2024-01-08,SUC-01,PROD-018,Accesorios,215.44,0,46.0,20
2024-01-15,SUC-01,PROD-018,Accesorios,215.19,0,26.0,25
2024-01-22,SUC-01,PROD-018,Accesorios,188.91,1,139.0,27
2024-01-29,SUC-01,PROD-018,Accesorios,208.33,0,112.0,37
2024-02-05,SUC-01,PROD-018,Accesorios,188.65,1,75.0,36
2024-02-12,SUC-01,PROD-018,Accesorios,210.52,0,68.0,34
2024-02-19,SUC-01,PROD-018,Accesorios,210.88,0,34.0,27
2024-02-26,SUC-01,PROD-018,Accesorios,211.08,0,7.0,7
2024-03-04,SUC-01,PROD-018,Accesorios,209.61,0,0.0,0
2024-03-11,SUC-01,PROD-018,Accesorios,209.38,0,0.0,0
2024-03-18,SUC-01,PROD-018,Accesorios,217.53,0,0.0,0
2024-03-25,SUC-01,PROD-018,Accesorios,178.95,1,146.0,25
2024-04-01,SUC-01,PROD-018,Accesorios,183.72,1,121.0,22
2024-04-08,SUC-01,PROD-018,Accesorios,211.23,0,99.0,25
2024-04-15,SUC-01,PROD-018,Accesorios,210.27,0,96.0,27
2024-04-22,SUC-01,PROD-018,Accesorios,219.25,0,69.0,24
2024-04-29,SUC-01,PROD-018,Accesorios,207.56,0,45.0,24
2024-05-06,SUC-01,PROD-018,Accesorios,218.48,0,63.0,25
2024-05-13,SUC-01,PROD-018,Accesorios,208.48,0,38.0,25
2024-05-20,SUC-01,PROD-018,Accesorios,215.1,0,13.0,13
2024-05-27,SUC-01,PROD-018,Accesorios,210.39,0,0.0,0
2024-06-03,SUC-01,PROD-018,Accesorios,211.17,0,0.0,0
2024-06-10,SUC-01,PROD-018,Accesorios,182.54,1,0.0,0
2024-06-17,SUC-01,PROD-018,Accesorios,211.38,0,66.0,23
2024-06-24,SUC-01,PROD-018,Accesorios,217.25,0,43.0,22
2024-07-01,SUC-01,PROD-018,Accesorios,217.09,0,21.0,15
2024-07-08,SUC-01,PROD-018,Accesorios,212.51,0,65.0,19
2024-07-15,SUC-01,PROD-018,Accesorios,218.11,0,46.0,18
2024-07-22,SUC-01,PROD-018,Accesorios,212.76,0,28.0,14
2024-07-29,SUC-01,PROD-018,Accesorios,-10.0,1,88.0,23
2024-08-05,SUC-01,PROD-018,Accesorios,218.1,0,65.0,15
2024-08-12,SUC-01,PROD-018,Accesorios,183.36,1,50.0,12
2024-08-19,SUC-01,PROD-018,Accesorios,213.23,0,39.0,13
2024-08-26,SUC-01,PROD-018,Accesorios,210.98,0,26.0,13
2024-09-02,SUC-01,PROD-018,Accesorios,188.26,1,13.0,13
2024-09-09,SUC-01,PROD-018,Accesorios,180.49,1,76.0,21
2024-09-16,SUC-01,PROD-018,Accesorios,182.86,1,55.0,13
2024-09-23,SUC-01,PROD-018,Accesorios,213.25,0,42.0,21
2024-09-30,SUC-01,PROD-018,Accesorios,218.62,0,50.0,14
2024-10-07,SUC-01,PROD-018,Accesorios,211.76,0,36.0,17
2024-10-14,SUC-01,PROD-018,Accesorios,212.82,0,19.0,9
2024-10-21,SUC-01,PROD-018,Accesorios,218.67,0,43.0,16
2024-10-28,SUC-01,PROD-018,Accesorios,209.15,0,27.0,14
2024-11-04,SUC-01,PROD-018,Accesorios,218.87,0,13.0,13
2024-11-11,SUC-01,PROD-018,Accesorios,215.99,0,74.0,20
2024-11-18,SUC-01,PROD-018,Accesorios,218.56,0,54.0,25
2024-11-25,SUC-01,PROD-018,Accesorios,211.61,0,29.0,20
2024-12-02,SUC-01,PROD-018,Accesorios,212.33,0,69.0,21
2024-12-09,SUC-01,PROD-018,Accesorios,208.06,0,48.0,17
2024-12-16,SUC-01,PROD-018,Accesorios,211.88,0,31.0,13
2024-12-23,SUC-01,PROD-018,Accesorios,210.47,0,65.0,19
2024-12-30,SUC-01,PROD-018,Accesorios,183.62,1,46.0,24
2025-01-06,SUC-01,PROD-018,Accesorios,207.66,0,22.0,22
2025-01-13,SUC-01,PROD-018,Accesorios,208.48,0,0.0,0
2025-01-20,SUC-01,PROD-018,Accesorios,216.93,0,0.0,0
2025-01-27,SUC-01,PROD-018,Accesorios,216.44,0,0.0,0
2025-02-03,SUC-01,PROD-018,Accesorios,219.08,0,67.0,26
2025-02-10,SUC-01,PROD-018,Accesorios,207.72,0,41.0,25
2025-02-17,SUC-01,PROD-018,Accesorios,217.29,0,16.0,16
2025-02-24,SUC-01,PROD-018,Accesorios,212.04,0,105.0,28
2025-03-03,SUC-01,PROD-018,Accesorios,208.71,0,77.0,14
2025-03-10,SUC-01,PROD-018,Accesorios,212.74,0,63.0,25
2025-03-17,SUC-01,PROD-018,Accesorios,215.7,0,62.0,21
2025-03-24,SUC-01,PROD-018,Accesorios,183.83,1,41.0,35
fecha-invalida,SUC-01,PROD-018,Accesorios,186.46,1,6.0,6
2025-04-07,SUC-01,PROD-018,Accesorios,188.79,1,0.0,0
2025-04-14,SUC-01,PROD-018,Accesorios,211.51,0,0.0,0
2025-04-21,SUC-01,PROD-018,Accesorios,212.48,0,0.0,0
2025-04-28,SUC-01,PROD-018,Accesorios,180.72,1,126.0,31
2025-05-05,SUC-01,PROD-018,Accesorios,214.78,0,95.0,27
2025-05-12,SUC-01,PROD-018,Accesorios,185.35,1,68.0,32
fecha-invalida,SUC-01,PROD-018,Accesorios,213.49,0,60.0,26
2025-05-26,SUC-01,PROD-018,Accesorios,208.94,0,34.0,22
2025-06-02,SUC-01,PROD-018,Accesorios,210.4,0,12.0,12
2025-06-09,SUC-01,PROD-018,Accesorios,218.35,0,72.0,16
2025-06-16,SUC-01,PROD-018,Accesorios,215.08,0,56.0,17
2025-06-23,SUC-01,PROD-018,Accesorios,216.68,0,39.0,19
2025-06-30,SUC-01,PROD-018,Accesorios,181.56,1,102.0,18
2025-07-07,SUC-01,PROD-018,Accesorios,208.0,0,84.0,21
2025-07-14,SUC-01,PROD-018,Accesorios,212.27,0,63.0,19
2025-07-21,SUC-01,PROD-018,Accesorios,218.02,0,46.0,17
2025-07-28,SUC-01,PROD-018,Accesorios,207.47,0,29.0,12
2025-08-04,SUC-01,PROD-018,Accesorios,209.83,0,17.0,11
2025-08-11,SUC-01,PROD-018,Accesorios,219.19,0,44.0,6
2025-08-18,SUC-01,PROD-018,Accesorios,184.85,1,38.0,18
2025-08-25,SUC-01,PROD-018,Accesorios,218.22,0,20.0,14
2025-09-01,SUC-01,PROD-018,Accesorios,211.51,0,46.0,11
2025-09-08,SUC-01,PROD-018,Accesorios,216.4,0,35.0,12
2025-09-15,SUC-01,PROD-018,Accesorios,209.07,0,23.0,14
2025-09-22,SUC-01,PROD-018,Accesorios,208.18,0,45.0,13
2025-09-29,SUC-01,PROD-018,Accesorios,212.66,0,32.0,18
2025-10-06,SUC-01,PROD-018,Accesorios,212.03,0,14.0,13
2025-10-13,SUC-01,PROD-018,Accesorios,211.97,0,47.0,13
2025-10-20,SUC-01,PROD-018,Accesorios,213.63,0,34.0,32
2025-10-27,SUC-01,PROD-018,Accesorios,219.06,0,2.0,2
2025-11-03,SUC-01,PROD-018,Accesorios,207.26,0,47.0,21
2025-11-10,SUC-01,PROD-018,Accesorios,216.57,0,26.0,18
2025-11-17,SUC-01,PROD-018,Accesorios,219.79,0,8.0,8
2025-11-24,SUC-01,PROD-018,Accesorios,215.5,0,59.0,23
2025-12-01,SUC-01,PROD-018,Accesorios,213.79,0,36.0,20
2025-12-08,SUC-01,PROD-018,Accesorios,209.04,0,16.0,16
2025-12-15,SUC-01,PROD-018,Accesorios,214.58,0,60.0,23
2025-12-22,SUC-01,PROD-018,Accesorios,212.69,0,37.0,20
2024-01-01,SUC-02,PROD-018,Accesorios,187.64,1,143.0,23
2024-01-08,SUC-02,PROD-018,Accesorios,212.33,0,120.0,28
2024-01-15,SUC-02,PROD-018,Accesorios,215.55,0,92.0,33
2024-01-22,SUC-02,PROD-018,Accesorios,219.42,0,101.0,22
2024-01-29,SUC-02,PROD-018,Accesorios,186.82,1,79.0,46
2024-02-05,SUC-02,PROD-018,Accesorios,210.48,0,33.0,33
2024-02-12,SUC-02,PROD-018,Accesorios,207.78,0,128.0,34
2024-02-19,SUC-02,PROD-018,Accesorios,214.98,0,94.0,26
2024-02-26,SUC-02,PROD-018,Accesorios,210.3,0,68.0,21
2024-03-04,SUC-02,PROD-018,Accesorios,212.23,0,98.0,32
2024-03-11,SUC-02,PROD-018,Accesorios,207.78,0,66.0,32
2024-03-18,SUC-02,PROD-018,Accesorios,217.03,0,34.0,30
2024-03-25,SUC-02,PROD-018,Accesorios,212.19,0,121.0,28
2024-04-01,SUC-02,PROD-018,Accesorios,212.03,0,93.0,40
2024-04-08,SUC-02,PROD-018,Accesorios,208.1,0,53.0,33
2024-04-15,SUC-02,PROD-018,Accesorios,216.3,0,77.0,33
2024-04-22,SUC-02,PROD-018,Accesorios,213.95,0,44.0,24
2024-04-29,SUC-02,PROD-018,Accesorios,182.18,1,20.0,20
2024-05-06,SUC-02,PROD-018,Accesorios,187.13,1,0.0,0
2024-05-13,SUC-02,PROD-018,Accesorios,212.24,0,0.0,0
2024-05-20,SUC-02,PROD-018,Accesorios,211.17,0,0.0,0
2024-05-27,SUC-02,PROD-018,Accesorios,211.58,0,84.0,29
2024-06-03,SUC-02,PROD-018,Accesorios,185.05,1,55.0,28
2024-06-10,SUC-02,PROD-018,Accesorios,208.54,0,27.0,27
2024-06-17,SUC-02,PROD-018,Accesorios,207.13,0,62.0,16
2024-06-24,SUC-02,PROD-018,Accesorios,188.48,1,46.0,29
2024-07-01,SUC-02,PROD-018,Accesorios,209.08,0,17.0,17
2024-07-08,SUC-02,PROD-018,Accesorios,214.2,0,60.0,21
2024-07-15,SUC-02,PROD-018,Accesorios,216.01,0,39.0,17
2024-07-22,SUC-02,PROD-018,Accesorios,214.67,0,22.0,19
2024-07-29,SUC-02,PROD-018,Accesorios,213.62,0,70.0,17
2024-08-05,SUC-02,PROD-018,Accesorios,181.12,1,53.0,25
2024-08-12,SUC-02,PROD-018,Accesorios,217.05,0,28.0,16
2024-08-19,SUC-02,PROD-018,Accesorios,181.54,1,108.0,15
2024-08-26,SUC-02,PROD-018,Accesorios,212.38,0,93.0,21
2024-09-02,SUC-02,PROD-018,Accesorios,211.77,0,72.0,15
2024-09-09,SUC-02,PROD-018,Accesorios,210.86,0,57.0,13
2024-09-16,SUC-02,PROD-018,Accesorios,218.54,0,44.0,15
2024-09-23,SUC-02,PROD-018,Accesorios,185.99,1,29.0,28
2024-09-30,SUC-02,PROD-018,Accesorios,215.29,0,73.0,21
2024-10-07,SUC-02,PROD-018,Accesorios,178.4,1,52.0,27
2024-10-14,SUC-02,PROD-018,Accesorios,219.35,0,25.0,25
2024-10-21,SUC-02,PROD-018,Accesorios,214.47,0,77.0,17
2024-10-28,SUC-02,PROD-018,Accesorios,208.88,0,60.0,18
2024-11-04,SUC-02,PROD-018,Accesorios,216.47,0,42.0,26
2024-11-11,SUC-02,PROD-018,Accesorios,212.29,0,82.0,19
2024-11-18,SUC-02,PROD-018,Accesorios,215.57,0,63.0,28
2024-11-25,SUC-02,PROD-018,Accesorios,216.85,0,35.0,28
2024-12-02,SUC-02,PROD-018,Accesorios,183.63,1,7.0,7
2024-12-09,SUC-02,PROD-018,Accesorios,188.07,1,0.0,0
2024-12-16,SUC-02,PROD-018,Accesorios,217.68,0,0.0,0
2024-12-23,SUC-02,PROD-018,Accesorios,188.05,1,134.0,39
2024-12-30,SUC-02,PROD-018,Accesorios,186.11,1,95.0,32
2025-01-06,SUC-02,PROD-018,Accesorios,218.76,0,63.0,36
2025-01-13,SUC-02,PROD-018,Accesorios,208.35,0,-5.0,27
2025-01-20,SUC-02,PROD-018,Accesorios,208.95,0,87.0,36
2025-01-27,SUC-02,PROD-018,Accesorios,214.54,0,51.0,25
2025-02-03,SUC-02,PROD-018,Accesorios,216.19,0,77.0,32
2025-02-10,SUC-02,PROD-018,Accesorios,216.35,0,45.0,33
2025-02-17,SUC-02,PROD-018,Accesorios,214.79,0,12.0,12
2025-02-24,SUC-02,PROD-018,Accesorios,209.05,0,117.0,26
2025-03-03,SUC-02,PROD-018,Accesorios,188.59,1,91.0,43
2025-03-10,SUC-02,PROD-018,Accesorios,209.75,0,48.0,28
2025-03-17,SUC-02,PROD-018,Accesorios,219.6,0,86.0,30
2025-03-24,SUC-02,PROD-018,Accesorios,218.36,0,56.0,33
2025-03-31,SUC-02,PROD-018,Accesorios,209.35,0,23.0,23
2025-04-07,SUC-02,PROD-018,Accesorios,181.59,1,162.0,31
2025-04-14,SUC-02,PROD-018,Accesorios,213.2,0,131.0,33
2025-04-21,SUC-02,PROD-018,Accesorios,207.89,0,98.0,37
2025-04-28,SUC-02,PROD-018,Accesorios,213.38,0,76.0,30
2025-05-05,SUC-02,PROD-018,Accesorios,213.45,0,46.0,24
2025-05-12,SUC-02,PROD-018,Accesorios,219.26,0,22.0,20
2025-05-19,SUC-02,PROD-018,Accesorios,219.2,0,2.0,2
2025-05-26,SUC-02,PROD-018,Accesorios,211.28,0,0.0,0
2025-06-02,SUC-02,PROD-018,Accesorios,217.97,0,0.0,0
2025-06-09,SUC-02,PROD-018,Accesorios,184.7,1,92.0,13
2025-06-16,SUC-02,PROD-018,Accesorios,210.85,0,79.0,32
2025-06-23,SUC-02,PROD-018,Accesorios,216.85,0,47.0,22
2025-06-30,SUC-02,PROD-018,Accesorios,208.82,0,86.0,22
2025-07-07,SUC-02,PROD-018,Accesorios,219.37,0,64.0,24
2025-07-14,SUC-02,PROD-018,Accesorios,217.85,0,40.0,16
2025-07-21,SUC-02,PROD-018,Accesorios,215.28,0,75.0,18
2025-07-28,SUC-02,PROD-018,Accesorios,208.56,0,57.0,20
2025-08-04,SUC-02,PROD-018,Accesorios,216.84,0,37.0,16
2025-08-11,SUC-02,PROD-018,Accesorios,186.45,1,70.0,22
2025-08-18,SUC-02,PROD-018,Accesorios,216.21,0,48.0,19
2025-08-25,SUC-02,PROD-018,Accesorios,213.56,0,29.0,22
2025-09-01,SUC-02,PROD-018,Accesorios,216.16,0,57.0,19
2025-09-08,SUC-02,PROD-018,Accesorios,188.29,1,38.0,23
2025-09-15,SUC-02,PROD-018,Accesorios,211.92,0,15.0,15
2025-09-22,SUC-02,PROD-018,Accesorios,210.78,0,0.0,0
2025-09-29,SUC-02,PROD-018,Accesorios,219.31,0,0.0,0
2025-10-06,SUC-02,PROD-018,Accesorios,216.84,0,0.0,0
2025-10-13,SUC-02,PROD-018,Accesorios,217.82,0,52.0,19
2025-10-20,SUC-02,PROD-018,Accesorios,219.4,0,33.0,19
2025-10-27,SUC-02,PROD-018,Accesorios,208.72,0,14.0,14
2025-11-03,SUC-02,PROD-018,Accesorios,210.47,0,86.0,21
2025-11-10,SUC-02,PROD-018,Accesorios,214.19,0,65.0,25
2025-11-17,SUC-02,PROD-018,Accesorios,211.91,0,40.0,16
2025-11-24,SUC-02,PROD-018,Accesorios,207.85,0,88.0,20
2025-12-01,SUC-02,PROD-018,Accesorios,211.55,0,68.0,25
2025-12-08,SUC-02,PROD-018,Accesorios,182.18,1,43.0,26
2025-12-15,SUC-02,PROD-018,Accesorios,217.88,0,17.0,17
2025-12-22,SUC-02,PROD-018,Accesorios,187.15,1,0.0,0
2024-01-01,SUC-03,PROD-018,Accesorios,217.74,0,133.0,32
2024-01-08,SUC-03,PROD-018,Accesorios,215.41,0,101.0,48
2024-01-15,SUC-03,PROD-018,Accesorios,219.09,0,53.0,26
2024-01-22,SUC-03,PROD-018,Accesorios,219.66,0,103.0,36
2024-01-29,SUC-03,PROD-018,Accesorios,209.06,0,67.0,28
2024-02-05,SUC-03,PROD-018,Accesorios,212.03,0,39.0,27
2024-02-12,SUC-03,PROD-018,Accesorios,218.89,0,12.0,12
2024-02-19,SUC-03,PROD-018,Accesorios,186.15,1,0.0,0
2024-02-26,SUC-03,PROD-018,Accesorios,186.86,1,0.0,0
2024-03-04,SUC-03,PROD-018,Accesorios,212.36,0,135.0,36
2024-03-11,SUC-03,PROD-018,Accesorios,209.69,0,99.0,30
2024-03-18,SUC-03,PROD-018,Accesorios,207.16,0,69.0,39
2024-03-25,SUC-03,PROD-018,Accesorios,208.27,0,132.0,50
2024-04-01,SUC-03,PROD-018,Accesorios,210.49,0,82.0,34
2024-04-08,SUC-03,PROD-018,Accesorios,216.73,0,48.0,34
2024-04-15,SUC-03,PROD-018,Accesorios,212.59,0,116.0,32
2024-04-22,SUC-03,PROD-018,Accesorios,215.88,0,84.0,37
2024-04-29,SUC-03,PROD-018,Accesorios,212.13,0,47.0,29
2024-05-06,SUC-03,PROD-018,Accesorios,212.77,0,130.0,30
2024-05-13,SUC-03,PROD-018,Accesorios,187.4,1,100.0,35
2024-05-20,SUC-03,PROD-018,Accesorios,208.75,0,65.0,34
2024-05-27,SUC-03,PROD-018,Accesorios,210.06,0,90.0,30
2024-06-03,SUC-03,PROD-018,Accesorios,211.4,0,60.0,23
2024-06-10,SUC-03,PROD-018,Accesorios,209.82,0,37.0,31
2024-06-17,SUC-03,PROD-018,Accesorios,218.92,0,97.0,26
2024-06-24,SUC-03,PROD-018,Accesorios,209.23,0,71.0,28
2024-07-01,SUC-03,PROD-018,Accesorios,212.29,0,43.0,35
2024-07-08,SUC-03,PROD-018,Accesorios,185.51,1,93.0,22
2024-07-15,SUC-03,PROD-018,Accesorios,179.18,1,71.0,37
2024-07-22,SUC-03,PROD-018,Accesorios,208.79,0,34.0,29
2024-07-29,SUC-03,PROD-018,Accesorios,209.89,0,70.0,23
2024-08-05,SUC-03,PROD-018,Accesorios,186.81,1,47.0,26
2024-08-12,SUC-03,PROD-018,Accesorios,178.39,1,21.0,21
2024-08-19,SUC-03,PROD-018,Accesorios,183.36,1,0.0,0
2024-08-26,SUC-03,PROD-018,Accesorios,212.79,0,0.0,0
2024-09-02,SUC-03,PROD-018,Accesorios,219.14,0,0.0,0
2024-09-09,SUC-03,PROD-018,Accesorios,212.13,0,65.0,27
2024-09-16,SUC-03,PROD-018,Accesorios,214.32,0,38.0,28
2024-09-23,SUC-03,PROD-018,Accesorios,183.31,1,10.0,10
2024-09-30,SUC-03,PROD-018,Accesorios,212.27,0,92.0,21
2024-10-07,SUC-03,PROD-018,Accesorios,216.97,0,71.0,25
2024-10-14,SUC-03,PROD-018,Accesorios,182.22,1,46.0,30
2024-10-21,SUC-03,PROD-018,Accesorios,215.94,0,99.0,18
2024-10-28,SUC-03,PROD-018,Accesorios,210.81,0,81.0,30
2024-11-04,SUC-03,PROD-018,Accesorios,213.9,0,51.0,35
2024-11-11,SUC-03,PROD-018,Accesorios,216.78,0,86.0,25
2024-11-18,SUC-03,PROD-018,Accesorios,218.02,0,61.0,24
2024-11-25,SUC-03,PROD-018,Accesorios,216.75,0,37.0,24
2024-12-02,SUC-03,PROD-018,Accesorios,210.84,0,101.0,29
2024-12-09,SUC-03,PROD-018,Accesorios,184.29,1,72.0,36
2024-12-16,SUC-03,PROD-018,Accesorios,210.05,0,36.0,36
2024-12-23,SUC-03,PROD-018,Accesorios,218.37,0,132.0,28
2024-12-30,SUC-03,PROD-018,Accesorios,219.83,0,104.0,33
2025-01-06,SUC-03,PROD-018,Accesorios,178.25,1,71.0,44
2025-01-13,SUC-03,PROD-018,Accesorios,207.23,0,109.0,23
2025-01-20,SUC-03,PROD-018,Accesorios,215.38,0,86.0,37
2025-01-27,SUC-03,PROD-018,Accesorios,187.7,1,49.0,15
2025-02-03,SUC-03,PROD-018,Accesorios,216.93,0,34.0,34
2025-02-10,SUC-03,PROD-018,Accesorios,212.98,0,0.0,0
2025-02-17,SUC-03,PROD-018,Accesorios,209.17,0,0.0,0
2025-02-24,SUC-03,PROD-018,Accesorios,186.16,1,0.0,0
2025-03-03,SUC-03,PROD-018,Accesorios,208.76,0,0.0,0
2025-03-10,SUC-03,PROD-018,Accesorios,210.71,0,0.0,0
2025-03-17,SUC-03,PROD-018,Accesorios,213.59,0,0.0,0
2025-03-24,SUC-03,PROD-018,Accesorios,180.69,1,0.0,0
2025-03-31,SUC-03,PROD-018,Accesorios,183.89,1,0.0,0
2025-04-07,SUC-03,PROD-018,Accesorios,216.97,0,119.0,42
2025-04-14,SUC-03,PROD-018,Accesorios,214.74,0,77.0,33
2025-04-21,SUC-03,PROD-018,Accesorios,208.98,0,44.0,44
2025-04-28,SUC-03,PROD-018,Accesorios,212.86,0,132.0,32
2025-05-05,SUC-03,PROD-018,Accesorios,218.04,0,100.0,29
2025-05-12,SUC-03,PROD-018,Accesorios,218.68,0,71.0,30
2025-05-19,SUC-03,PROD-018,Accesorios,181.09,1,140.0,44
2025-05-26,SUC-03,PROD-018,Accesorios,217.58,0,96.0,33
2025-06-02,SUC-03,PROD-018,Accesorios,210.2,0,63.0,34
2025-06-09,SUC-03,PROD-018,Accesorios,218.99,0,99.0,33
2025-06-16,SUC-03,PROD-018,Accesorios,217.73,0,66.0,31
2025-06-23,SUC-03,PROD-018,Accesorios,218.47,0,35.0,21
2025-06-30,SUC-03,PROD-018,Accesorios,215.54,0,82.0,22
2025-07-07,SUC-03,PROD-018,Accesorios,213.53,0,60.0,22
2025-07-14,SUC-03,PROD-018,Accesorios,215.73,0,38.0,24
2025-07-21,SUC-03,PROD-018,Accesorios,213.97,0,14.0,14
2025-07-28,SUC-03,PROD-018,Accesorios,207.68,0,0.0,0
2025-08-04,SUC-03,PROD-018,Accesorios,211.0,0,0.0,0
2025-08-11,SUC-03,PROD-018,Accesorios,207.41,0,76.0,24
2025-08-18,SUC-03,PROD-018,Accesorios,181.21,1,52.0,23
2025-08-25,SUC-03,PROD-018,Accesorios,214.56,0,29.0,19
2025-09-01,SUC-03,PROD-018,Accesorios,184.47,1,90.0,29
2025-09-08,SUC-03,PROD-018,Accesorios,210.21,0,61.0,29
2025-09-15,SUC-03,PROD-018,Accesorios,207.43,0,32.0,19
2025-09-22,SUC-03,PROD-018,Accesorios,212.14,0,81.0,15
2025-09-29,SUC-03,PROD-018,Accesorios,213.13,0,66.0,16
2025-10-06,SUC-03,PROD-018,Accesorios,185.43,1,50.0,21
2025-10-13,SUC-03,PROD-018,Accesorios,218.11,0,85.0,22
2025-10-20,SUC-03,PROD-018,Accesorios,213.37,0,63.0,22
2025-10-27,SUC-03,PROD-018,Accesorios,179.65,1,41.0,20
2025-11-03,SUC-03,PROD-018,Accesorios,219.13,0,69.0,33
2025-11-10,SUC-03,PROD-018,Accesorios,213.25,0,36.0,23
2025-11-17,SUC-03,PROD-018,Accesorios,214.41,0,13.0,13
2025-11-24,SUC-03,PROD-018,Accesorios,212.89,0,114.0,36
2025-12-01,SUC-03,PROD-018,Accesorios,212.76,0,78.0,33
2025-12-08,SUC-03,PROD-018,Accesorios,215.05,0,45.0,28
2025-12-15,SUC-03,PROD-018,Accesorios,179.26,1,17.0,17
2025-12-22,SUC-03,PROD-018,Accesorios,217.12,0,0.0,0
2024-01-01,SUC-04,PROD-018,Accesorios,216.36,0,135.0,43
2024-01-08,SUC-04,PROD-018,Accesorios,214.72,0,92.0,41
2024-01-15,SUC-04,PROD-018,Accesorios,216.15,0,51.0,41
2024-01-22,SUC-04,PROD-018,Accesorios,217.29,0,140.0,40
2024-01-29,SUC-04,PROD-018,Accesorios,211.2,0,100.0,31
2024-02-05,SUC-04,PROD-018,Accesorios,217.66,0,69.0,30
2024-02-12,SUC-04,PROD-018,Accesorios,215.23,0,113.0,37
2024-02-19,SUC-04,PROD-018,Accesorios,207.76,0,76.0,28
2024-02-26,SUC-04,PROD-018,Accesorios,210.49,0,48.0,48
2024-03-04,SUC-04,PROD-018,Accesorios,213.32,0,164.0,48
2024-03-11,SUC-04,PROD-018,Accesorios,212.12,0,116.0,33
2024-03-18,SUC-04,PROD-018,Accesorios,207.9,0,83.0,46
2024-03-25,SUC-04,PROD-018,Accesorios,183.39,1,249.0,50
2024-04-01,SUC-04,PROD-018,Accesorios,207.12,0,199.0,50
2024-04-08,SUC-04,PROD-018,Accesorios,217.51,0,149.0,42
2024-04-15,SUC-04,PROD-018,Accesorios,213.37,0,157.0,34
2024-04-22,SUC-04,PROD-018,Accesorios,218.98,0,123.0,46
2024-04-29,SUC-04,PROD-018,Accesorios,218.88,0,77.0,40
2024-05-06,SUC-04,PROD-018,Accesorios,214.21,0,107.0,38
fecha-invalida,SUC-04,PROD-018,Accesorios,209.59,0,69.0,36
2024-05-20,SUC-04,PROD-018,Accesorios,184.5,1,33.0,33
2024-05-27,SUC-04,PROD-018,Accesorios,215.04,0,92.0,37
2024-06-03,SUC-04,PROD-018,Accesorios,211.72,0,55.0,41
2024-06-10,SUC-04,PROD-018,Accesorios,215.1,0,14.0,14
2024-06-17,SUC-04,PROD-018,Accesorios,210.17,0,81.0,26
2024-06-24,SUC-04,PROD-018,Accesorios,214.25,0,55.0,33
2024-07-01,SUC-04,PROD-018,Accesorios,207.4,0,22.0,22
2024-07-08,SUC-04,PROD-018,Accesorios,210.67,0,104.0,26
2024-07-15,SUC-04,PROD-018,Accesorios,217.26,0,78.0,19
2024-07-22,SUC-04,PROD-018,Accesorios,210.58,0,59.0,10
2024-07-29,SUC-04,PROD-018,Accesorios,181.09,1,100.0,34
2024-08-05,SUC-04,PROD-018,Accesorios,209.35,0,66.0,35
2024-08-12,SUC-04,PROD-018,Accesorios,214.55,0,31.0,30
2024-08-19,SUC-04,PROD-018,Accesorios,211.01,0,85.0,30
2024-08-26,SUC-04,PROD-018,Accesorios,216.43,0,55.0,18
2024-09-02,SUC-04,PROD-018,Accesorios,216.53,0,37.0,24
2024-09-09,SUC-04,PROD-018,Accesorios,,0,65.0,26
2024-09-16,SUC-04,PROD-018,Accesorios,181.88,1,39.0,18
2024-09-23,SUC-04,PROD-018,Accesorios,181.88,1,21.0,21
2024-09-30,SUC-04,PROD-018,Accesorios,219.8,0,88.0,26
2024-10-07,SUC-04,PROD-018,Accesorios,215.49,0,62.0,24
2024-10-14,SUC-04,PROD-018,Accesorios,217.15,0,38.0,23
2024-10-21,SUC-04,PROD-018,Accesorios,209.94,0,113.0,25
2024-10-28,SUC-04,PROD-018,Accesorios,218.87,0,88.0,32
2024-11-04,SUC-04,PROD-018,Accesorios,213.57,0,56.0,32
2024-11-11,SUC-04,PROD-018,Accesorios,213.49,0,113.0,29
2024-11-18,SUC-04,PROD-018,Accesorios,185.91,1,84.0,42
2024-11-25,SUC-04,PROD-018,Accesorios,184.77,1,42.0,32
2024-12-02,SUC-04,PROD-018,Accesorios,208.65,0,90.0,43
2024-12-09,SUC-04,PROD-018,Accesorios,210.13,0,47.0,27
2024-12-16,SUC-04,PROD-018,Accesorios,213.1,0,20.0,20
2024-12-23,SUC-04,PROD-018,Accesorios,219.41,0,156.0,35
2024-12-30,SUC-04,PROD-018,Accesorios,208.04,0,121.0,28
2025-01-06,SUC-04,PROD-018,Accesorios,211.13,0,93.0,46
2025-01-13,SUC-04,PROD-018,Accesorios,209.36,0,110.0,38
2025-01-20,SUC-04,PROD-018,Accesorios,181.33,1,72.0,48
2025-01-27,SUC-04,PROD-018,Accesorios,184.51,1,24.0,24
2025-02-03,SUC-04,PROD-018,Accesorios,215.71,0,112.0,38
2025-02-10,SUC-04,PROD-018,Accesorios,208.51,0,74.0,55
2025-02-17,SUC-04,PROD-018,Accesorios,217.83,0,19.0,19
2025-02-24,SUC-04,PROD-018,Accesorios,219.15,0,158.0,47
2025-03-03,SUC-04,PROD-018,Accesorios,178.64,1,111.0,61
2025-03-10,SUC-04,PROD-018,Accesorios,214.54,0,50.0,42
2025-03-17,SUC-04,PROD-018,Accesorios,210.96,0,146.0,37
2025-03-24,SUC-04,PROD-018,Accesorios,212.62,0,109.0,42
2025-03-31,SUC-04,PROD-018,Accesorios,212.93,0,67.0,44
2025-04-07,SUC-04,PROD-018,Accesorios,216.4,0,135.0,40
2025-04-14,SUC-04,PROD-018,Accesorios,216.51,0,95.0,38
2025-04-21,SUC-04,PROD-018,Accesorios,219.44,0,57.0,37
2025-04-28,SUC-04,PROD-018,Accesorios,178.69,1,169.0,35
2025-05-05,SUC-04,PROD-018,Accesorios,216.79,0,134.0,40
2025-05-12,SUC-04,PROD-018,Accesorios,208.06,0,94.0,32
2025-05-19,SUC-04,PROD-018,Accesorios,209.73,0,91.0,29
2025-05-26,SUC-04,PROD-018,Accesorios,214.05,0,62.0,27
2025-06-02,SUC-04,PROD-018,Accesorios,179.47,1,35.0,35
2025-06-09,SUC-04,PROD-018,Accesorios,219.87,0,122.0,36
2025-06-16,SUC-04,PROD-018,Accesorios,210.22,0,86.0,27
2025-06-23,SUC-04,PROD-018,Accesorios,208.29,0,59.0,29
2025-06-30,SUC-04,PROD-018,Accesorios,216.44,0,75.0,30
2025-07-07,SUC-04,PROD-018,Accesorios,216.34,0,45.0,30
2025-07-14,SUC-04,PROD-018,Accesorios,213.67,0,15.0,15
2025-07-21,SUC-04,PROD-018,Accesorios,214.04,0,102.0,25
2025-07-28,SUC-04,PROD-018,Accesorios,185.79,1,77.0,30
2025-08-04,SUC-04,PROD-018,Accesorios,209.18,0,47.0,28
2025-08-11,SUC-04,PROD-018,Accesorios,183.11,1,110.0,32
2025-08-18,SUC-04,PROD-018,Accesorios,188.11,1,78.0,34
2025-08-25,SUC-04,PROD-018,Accesorios,217.06,0,44.0,25
2025-09-01,SUC-04,PROD-018,Accesorios,217.89,0,64.0,16
2025-09-08,SUC-04,PROD-018,Accesorios,182.74,1,48.0,34
2025-09-15,SUC-04,PROD-018,Accesorios,207.9,0,14.0,14
2025-09-22,SUC-04,PROD-018,Accesorios,209.54,0,87.0,31
2025-09-29,SUC-04,PROD-018,Accesorios,210.24,0,56.0,41
2025-10-06,SUC-04,PROD-018,Accesorios,216.97,0,15.0,15
2025-10-13,SUC-04,PROD-018,Accesorios,207.42,0,81.0,21
2025-10-20,SUC-04,PROD-018,Accesorios,211.54,0,60.0,28
2025-10-27,SUC-04,PROD-018,Accesorios,216.12,0,32.0,32
2025-11-03,SUC-04,PROD-018,Accesorios,211.7,0,99.0,35
2025-11-10,SUC-04,PROD-018,Accesorios,213.62,0,64.0,28
2025-11-17,SUC-04,PROD-018,Accesorios,207.85,0,36.0,21
2025-11-24,SUC-04,PROD-018,Accesorios,183.79,1,130.0,46
2025-12-01,SUC-04,PROD-018,Accesorios,217.19,0,84.0,45
2025-12-08,SUC-04,PROD-018,Accesorios,211.46,0,39.0,25
2025-12-15,SUC-04,PROD-018,Accesorios,210.11,0,14.0,14
2025-12-22,SUC-04,PROD-018,Accesorios,209.02,0,0.0,0
2024-01-01,SUC-05,PROD-018,Accesorios,212.63,0,150.0,50
2024-01-08,SUC-05,PROD-018, ACCESORIOS ,208.16,0,100.0,38
2024-01-15,SUC-05,PROD-018,Accesorios,209.57,0,62.0,57
2024-01-22,SUC-05,PROD-018,Accesorios,212.21,0,180.0,34
2024-01-29,SUC-05,PROD-018,Accesorios,216.57,0,146.0,41
2024-02-05,SUC-05,PROD-018,Accesorios,212.88,0,105.0,47
2024-02-12,SUC-05,PROD-018,Accesorios,215.29,0,124.0,44
2024-02-19,SUC-05,PROD-018,Accesorios,185.97,1,80.0,58
2024-02-26,SUC-05,PROD-018,Accesorios,209.74,0,22.0,22
2024-03-04,SUC-05,PROD-018,Accesorios,-10.0,0,171.0,62
2024-03-11,SUC-05,PROD-018,Accesorios,214.5,0,109.0,50
2024-03-18,SUC-05,PROD-018, ACCESORIOS ,218.79,0,59.0,39
2024-03-25,SUC-05,PROD-018,Accesorios,210.61,0,20.0,20
2024-04-01,SUC-05,PROD-018,Accesorios,210.97,0,0.0,0
2024-04-08,SUC-05,PROD-018,Accesorios,219.66,0,0.0,0
2024-04-15,SUC-05,PROD-018,Accesorios,215.91,0,138.0,47
2024-04-22,SUC-05,PROD-018,Accesorios,210.34,0,91.0,43
2024-04-29,SUC-05,PROD-018,Accesorios,182.76,1,48.0,23
2024-05-06,SUC-05,PROD-018,Accesorios,217.59,0,128.0,48
2024-05-13,SUC-05,PROD-018,Accesorios,210.21,0,80.0,49
2024-05-20,SUC-05,PROD-018,Accesorios,212.87,0,31.0,31
2024-05-27,SUC-05,PROD-018,Accesorios,218.94,0,97.0,45
2024-06-03,SUC-05,PROD-018,Accesorios,214.29,0,52.0,35
2024-06-10,SUC-05,PROD-018,Accesorios,211.76,0,17.0,17
2024-06-17,SUC-05,PROD-018,Accesorios,217.1,0,137.0,36
2024-06-24,SUC-05,PROD-018,Accesorios,209.21,0,101.0,27
2024-07-01,SUC-05,PROD-018,Accesorios,183.5,1,74.0,29
2024-07-08,SUC-05,PROD-018,Accesorios,211.38,0,45.0,41
2024-07-15,SUC-05,PROD-018,Accesorios,213.82,0,4.0,4
2024-07-22,SUC-05,PROD-018,Accesorios,214.09,0,0.0,0
2024-07-29,SUC-05,PROD-018,Accesorios,183.18,1,134.0,30
2024-08-05,SUC-05,PROD-018,Accesorios,214.69,0,104.0,35
2024-08-12,SUC-05,PROD-018,Accesorios,211.06,0,69.0,36
2024-08-19,SUC-05,PROD-018,Accesorios,185.83,1,116.0,29
2024-08-26,SUC-05,PROD-018,Accesorios,217.61,0,87.0,27
2024-09-02,SUC-05,PROD-018,Accesorios,217.57,0,60.0,26
2024-09-09,SUC-05,PROD-018,Accesorios,210.49,0,107.0,25
2024-09-16,SUC-05,PROD-018,Accesorios,189.07,1,82.0,19
2024-09-23,SUC-05,PROD-018,Accesorios,208.47,0,63.0,29
2024-09-30,SUC-05,PROD-018,Accesorios,209.47,0,83.0,35
2024-10-07,SUC-05,PROD-018,Accesorios,209.79,0,48.0,24
2024-10-14,SUC-05,PROD-018,Accesorios,217.34,0,24.0,24
2024-10-21,SUC-05,PROD-018,Accesorios,213.94,0,0.0,0
2024-10-28,SUC-05,PROD-018,Accesorios,186.74,1,0.0,0
2024-11-04,SUC-05,PROD-018,Accesorios,185.47,1,0.0,0
2024-11-11,SUC-05,PROD-018,Accesorios,214.13,0,109.0,40
2024-11-18,SUC-05,PROD-018,Accesorios,209.09,0,69.0,31
2024-11-25,SUC-05,PROD-018,Accesorios,208.98,0,38.0,33
2024-12-02,SUC-05,PROD-018,Accesorios,207.54,0,5.0,5
2024-12-09,SUC-05,PROD-018,Accesorios,219.18,0,0.0,0
2024-12-16,SUC-05,PROD-018,Accesorios,210.15,0,0.0,0
2024-12-23,SUC-05,PROD-018,Accesorios,216.81,0,153.0,40
2024-12-30,SUC-05,PROD-018,Accesorios,211.68,0,113.0,47
2025-01-06,SUC-05,PROD-018,Accesorios,212.81,0,66.0,30
2025-01-13,SUC-05,PROD-018,Accesorios,178.32,1,36.0,36
2025-01-20,SUC-05,PROD-018,Accesorios,210.48,0,0.0,0
2025-01-27,SUC-05,PROD-018,Accesorios,217.18,0,0.0,0
2025-02-03,SUC-05,PROD-018,Accesorios,208.63,0,150.0,54
2025-02-10,SUC-05,PROD-018,Accesorios,182.87,1,96.0,50
2025-02-17,SUC-05,PROD-018,Accesorios,183.18,1,46.0,46
2025-02-24,SUC-05,PROD-018,Accesorios,214.07,0,151.0,54
2025-03-03,SUC-05,PROD-018,Accesorios,189.03,1,97.0,63
2025-03-10,SUC-05,PROD-018,Accesorios,185.52,1,34.0,34
2025-03-17,SUC-05,PROD-018,Accesorios,181.35,1,0.0,0
2025-03-24,SUC-05,PROD-018,Accesorios,219.44,0,0.0,0
2025-03-31,SUC-05,PROD-018,Accesorios,214.18,0,0.0,0
2025-04-07,SUC-05,PROD-018,Accesorios,209.57,0,126.0,45
2025-04-14,SUC-05,PROD-018,Accesorios,216.61,0,81.0,49
2025-04-21,SUC-05,PROD-018,Accesorios,217.21,0,32.0,32
2025-04-28,SUC-05,PROD-018,Accesorios,214.34,0,158.0,52
2025-05-05,SUC-05,PROD-018,Accesorios,187.5,1,106.0,61
2025-05-12,SUC-05,PROD-018,Accesorios,184.22,1,45.0,45
2025-05-19,SUC-05,PROD-018,Accesorios,208.86,0,127.0,53
2025-05-26,SUC-05,PROD-018,Accesorios,213.17,0,74.0,48
2025-06-02,SUC-05,PROD-018,Accesorios,213.71,0,26.0,26
2025-06-09,SUC-05,PROD-018,Accesorios,210.42,0,0.0,0
2025-06-16,SUC-05,PROD-018,Accesorios,207.85,0,0.0,0
2025-06-23,SUC-05,PROD-018,Accesorios,188.63,1,0.0,0
2025-06-30,SUC-05,PROD-018,Accesorios,218.24,0,130.0,31
2025-07-07,SUC-05,PROD-018,Accesorios,217.43,0,99.0,44
2025-07-14,SUC-05,PROD-018,Accesorios,207.2,0,55.0,32
2025-07-21,SUC-05,PROD-018,Accesorios,216.48,0,103.0,23
2025-07-28,SUC-05,PROD-018,Accesorios,209.8,0,80.0,31
2025-08-04,SUC-05,PROD-018,Accesorios,212.99,0,49.0,32
2025-08-11,SUC-05,PROD-018,Accesorios,214.7,0,105.0,37
2025-08-18,SUC-05,PROD-018,Accesorios,212.52,0,68.0,30
2025-08-25,SUC-05,PROD-018,Accesorios,216.33,0,38.0,25
2025-09-01,SUC-05,PROD-018,Accesorios,209.08,0,86.0,25
2025-09-08,SUC-05,PROD-018,Accesorios,210.03,0,61.0,31
2025-09-15,SUC-05,PROD-018,Accesorios,212.03,0,30.0,27
2025-09-22,SUC-05,PROD-018,Accesorios,214.29,0,117.0,34
2025-09-29,SUC-05,PROD-018,Accesorios,219.14,0,83.0,26
2025-10-06,SUC-05,PROD-018,Accesorios,184.3,1,57.0,18
2025-10-13,SUC-05,PROD-018,Accesorios,216.2,0,79.0,34
2025-10-20,SUC-05,PROD-018,Accesorios,185.58,1,45.0,40
2025-10-27,SUC-05,PROD-018,Accesorios,219.27,0,5.0,5
2025-11-03,SUC-05,PROD-018,Accesorios,219.06,0,110.0,38
2025-11-10,SUC-05,PROD-018,Accesorios,207.35,0,72.0,31
2025-11-17,SUC-05,PROD-018,Accesorios,187.68,1,41.0,26
2025-11-24,SUC-05,PROD-018,Accesorios,219.61,0,130.0,40
2025-12-01,SUC-05,PROD-018,Accesorios,209.29,0,90.0,79
2025-12-08,SUC-05,PROD-018,Accesorios,211.24,0,11.0,11
2025-12-15,SUC-05,PROD-018,Accesorios,207.8,0,142.0,20
2025-12-22,SUC-05,PROD-018,Accesorios,219.84,0,122.0,39
2024-01-01,SUC-01,PROD-019,Decoración,390.01,0,183.0,37
2024-01-08,SUC-01,PROD-019,Decoración,325.21,1,146.0,73
2024-01-15,SUC-01,PROD-019,Decoración,326.61,1,73.0,65
2024-01-22,SUC-01,PROD-019,Decoración,375.34,0,8.0,8
2024-01-29,SUC-01,PROD-019,Decoración,379.44,0,0.0,0
2024-02-05,SUC-01,PROD-019,Decoración,392.73,0,0.0,0
2024-02-12,SUC-01,PROD-019,Decoración,381.05,0,176.0,44
2024-02-19,SUC-01,PROD-019,Decoración,377.41,0,132.0,52
2024-02-26,SUC-01,PROD-019,Decoración,373.86,0,80.0,62
2024-03-04,SUC-01,PROD-019,Decoración,381.24,0,141.0,57
2024-03-11,SUC-01,PROD-019,Decoración,326.19,1,84.0,60
2024-03-18,SUC-01,PROD-019,Decoración,328.57,1,24.0,24
2024-03-25,SUC-01,PROD-019,Decoración,396.22,0,196.0,58
2024-04-01,SUC-01,PROD-019,Decoración,392.21,0,138.0,56
2024-04-08,SUC-01,PROD-019,Decoración,393.49,0,82.0,46
2024-04-15,SUC-01,PROD-019,Decoración,374.47,0,181.0,52
2024-04-22,SUC-01,PROD-019,Decoración,383.89,0,129.0,42
2024-04-29,SUC-01,PROD-019,Decoración,376.3,0,87.0,56
2024-05-06,SUC-01,PROD-019,Decoración,385.98,0,125.0,41
2024-05-13,SUC-01,PROD-019,Decoración,374.48,0,84.0,39
2024-05-20,SUC-01,PROD-019,Decoración,394.59,0,45.0,38
2024-05-27,SUC-01,PROD-019,Decoración,379.43,0,138.0,27
2024-06-03,SUC-01,PROD-019,Decoración,391.93,0,111.0,50
2024-06-10,SUC-01,PROD-019,Decoración,326.13,1,61.0,39
2024-06-17,SUC-01,PROD-019,Decoración,390.5,0,108.0,36
2024-06-24,SUC-01,PROD-019,Decoración,396.33,0,72.0,46
2024-07-01,SUC-01,PROD-019,Decoración,375.51,0,26.0,26
2024-07-08,SUC-01,PROD-019,Decoración,385.79,0,123.0,35
2024-07-15,SUC-01,PROD-019,Decoración,375.28,0,88.0,41
2024-07-22,SUC-01,PROD-019,Decoración,324.0,1,47.0,30
2024-07-29,SUC-01,PROD-019,Decoración,335.59,1,159.0,57
2024-08-05,SUC-01,PROD-019,Decoración,377.68,0,102.0,38
2024-08-12,SUC-01,PROD-019,Decoración,394.27,0,64.0,45
2024-08-19,SUC-01,PROD-019,Decoración,386.99,0,121.0,32
2024-08-26,SUC-01,PROD-019,Decoración,386.21,0,89.0,32
2024-09-02,SUC-01,PROD-019,Decoración,376.63,0,57.0,36
2024-09-09,SUC-01,PROD-019,Decoración,380.77,0,114.0,42
2024-09-16,SUC-01,PROD-019,Decoración,392.56,0,72.0,30
2024-09-23,SUC-01,PROD-019,Decoración,381.16,0,42.0,38
2024-09-30,SUC-01,PROD-019,Decoración,385.1,0,118.0,37
2024-10-07,SUC-01,PROD-019,Decoración,383.59,0,81.0,54
2024-10-14,SUC-01,PROD-019,Decoración,376.26,0,27.0,27
2024-10-21,SUC-01,PROD-019,Decoración,384.6,0,130.0,82
2024-10-28,SUC-01,PROD-019,Decoración,395.28,0,48.0,48
2024-11-04,SUC-01,PROD-019,Decoración,384.48,0,0.0,0
2024-11-11,SUC-01,PROD-019,Decoración,379.93,0,168.0,48
2024-11-18,SUC-01,PROD-019,Decoración,396.16,0,120.0,44
2024-11-25,SUC-01,PROD-019,Decoración,391.79,0,76.0,34
2024-12-02,SUC-01,PROD-019,Decoración,379.61,0,167.0,43
2024-12-09,SUC-01,PROD-019,Decoración,385.74,0,124.0,63
2024-12-16,SUC-01,PROD-019,Decoración,324.69,1,61.0,57
2024-12-23,SUC-01,PROD-019,Decoración,395.86,0,171.0,59
2024-12-30,SUC-01,PROD-019,Decoración,377.31,0,112.0,65
2025-01-06,SUC-01,PROD-019,Decoración,381.38,0,47.0,47
2025-01-13,SUC-01,PROD-019,Decoración,328.89,1,303.0,60
2025-01-20,SUC-01,PROD-019,Decoración,381.96,0,243.0,59
2025-01-27,SUC-01,PROD-019,Decoración,392.01,0,184.0,64
2025-02-03,SUC-01,PROD-019,Decoración,373.81,0,155.0,76
2025-02-10,SUC-01,PROD-019,Decoración,377.31,0,79.0,79
2025-02-17,SUC-01,PROD-019,Decoración,390.97,0,0.0,0
2025-02-24,SUC-01,PROD-019,Decoración,373.89,0,218.0,67
2025-03-03,SUC-01,PROD-019,Decoración,385.02,0,151.0,52
2025-03-10,SUC-01,PROD-019,Decoración,383.79,0,99.0,45
2025-03-17,SUC-01,PROD-019,Decoración,386.38,0,159.0,68
2025-03-24,SUC-01,PROD-019,Decoración,323.26,1,91.0,79
2025-03-31,SUC-01,PROD-019,Decoración,333.54,1,12.0,12
2025-04-07,SUC-01,PROD-019,Decoración,393.2,0,201.0,72
2025-04-14,SUC-01,PROD-019,Decoración,376.77,0,129.0,42
2025-04-21,SUC-01,PROD-019,Decoración,374.2,0,87.0,40
2025-04-28,SUC-01,PROD-019,Decoración,393.09,0,167.0,57
2025-05-05,SUC-01,PROD-019,Decoración,389.42,0,110.0,40
2025-05-12,SUC-01,PROD-019,Decoración,324.01,1,70.0,39
2025-05-19,SUC-01,PROD-019,Decoración,384.03,0,116.0,44
2025-05-26,SUC-01,PROD-019,Decoración,395.4,0,72.0,49
2025-06-02,SUC-01,PROD-019,Decoración,374.92,0,23.0,23
2025-06-09,SUC-01,PROD-019,Decoración,379.17,0,0.0,0
2025-06-16,SUC-01,PROD-019,Decoración,393.28,0,0.0,0
2025-06-23,SUC-01,PROD-019,Decoración,379.04,0,0.0,0
2025-06-30,SUC-01,PROD-019,Decoración,376.09,0,118.0,36
2025-07-07,SUC-01,PROD-019,Decoración,386.87,0,82.0,36
2025-07-14,SUC-01,PROD-019,Decoración,393.38,0,46.0,33
2025-07-21,SUC-01,PROD-019,Decoración,338.17,1,13.0,13
2025-07-28,SUC-01,PROD-019,Decoración,327.05,1,0.0,0
2025-08-04,SUC-01,PROD-019,Decoración,379.25,0,0.0,0
2025-08-11,SUC-01,PROD-019,Decoración,395.17,0,153.0,34
2025-08-18,SUC-01,PROD-019,Decoración,380.32,0,119.0,51
2025-08-25,SUC-01,PROD-019,Decoración,,1,68.0,50
2025-09-01,SUC-01,PROD-019,Decoración,385.79,0,130.0,47
2025-09-08,SUC-01,PROD-019,Decoración,377.44,0,83.0,32
2025-09-15,SUC-01,PROD-019,Decoración,393.83,0,51.0,27
2025-09-22,SUC-01,PROD-019,Decoración,386.92,0,24.0,24
2025-09-29,SUC-01,PROD-019,Decoración,391.84,0,0.0,0
2025-10-06,SUC-01,PROD-019,Decoración,322.55,1,0.0,0
2025-10-13,SUC-01,PROD-019,Decoración,339.89,1,189.0,55
2025-10-20,SUC-01,PROD-019,Decoración,387.13,0,134.0,48
2025-10-27,SUC-01,PROD-019,Decoración,326.34,1,86.0,49
2025-11-03,SUC-01,PROD-019,Decoración,336.8,1,299.0,69
2025-11-10,SUC-01,PROD-019,Decoración,335.76,1,230.0,92
2025-11-17,SUC-01,PROD-019,Decoración,335.91,1,138.0,87
2025-11-24,SUC-01,PROD-019,Decoración,324.69,1,51.0,34
2025-12-01,SUC-01,PROD-019,Decoración,337.58,1,17.0,17
2025-12-08,SUC-01,PROD-019,Decoración,381.91,0,0.0,0
2025-12-15,SUC-01,PROD-019,Decoración,,1,232.0,69
2025-12-22,SUC-01,PROD-019,Decoración,384.44,0,163.0,79
2024-01-01,SUC-02,PROD-019,Decoración,387.27,0,207.0,50
2024-01-08,SUC-02,PROD-019,Decoración,375.64,0,157.0,90
2024-01-15,SUC-02,PROD-019,Decoración,376.08,0,67.0,66
2024-01-22,SUC-02,PROD-019,Decoración,395.08,0,271.0,67
2024-01-29,SUC-02,PROD-019,Decoración,395.18,0,204.0,77
2024-02-05,SUC-02,PROD-019,Decoración,376.48,0,127.0,66
2024-02-12,SUC-02,PROD-019,Decoración,386.15,0,238.0,72
2024-02-19,SUC-02,PROD-019,Decoración,334.95,1,166.0,71
2024-02-26,SUC-02,PROD-019,Decoración,385.01,0,95.0,87
2024-03-04,SUC-02,PROD-019,Decoración,374.78,0,8.0,8
2024-03-11,SUC-02,PROD-019,Decoración,376.07,0,0.0,0
2024-03-18,SUC-02,PROD-019,Decoración,390.24,0,0.0,0
2024-03-25,SUC-02,PROD-019,Decoración,377.98,0,164.0,80
2024-04-01,SUC-02,PROD-019,Decoración,386.5,0,-5.0,71
2024-04-08,SUC-02,PROD-019,Decoración,379.64,0,13.0,13
2024-04-15,SUC-02,PROD-019,Decoración,335.4,1,312.0,54
2024-04-22,SUC-02,PROD-019,Decoración,384.36,0,258.0,59
2024-04-29,SUC-02,PROD-019,Decoración,392.77,0,199.0,63
2024-05-06,SUC-02,PROD-019,Decoración,390.02,0,136.0,50
2024-05-13,SUC-02,PROD-019,Decoración,379.34,0,86.0,51
2024-05-20,SUC-02,PROD-019,Decoración,376.88,0,35.0,35
2024-05-27,SUC-02,PROD-019,Decoración,384.49,0,149.0,42
2024-06-03,SUC-02,PROD-019,Decoración,379.42,0,107.0,41
2024-06-10,SUC-02,PROD-019,Decoración,393.51,0,66.0,48
2024-06-17,SUC-02,PROD-019,Decoración,334.41,1,215.0,59
2024-06-24,SUC-02,PROD-019,Decoración,377.17,0,156.0,37
2024-07-01,SUC-02,PROD-019,Decoración,393.5,0,119.0,40
2024-07-08,SUC-02,PROD-019,Decoración,324.68,1,246.0,36
2024-07-15,SUC-02,PROD-019,Decoración,377.89,0,210.0,45
2024-07-22,SUC-02,PROD-019,Decoración,383.22,0,165.0,50
2024-07-29,SUC-02,PROD-019,Decoración,384.42,0,115.0,38
2024-08-05,SUC-02,PROD-019,Decoración,385.96,0,77.0,49
2024-08-12,SUC-02,PROD-019,Decoración,393.36,0,28.0,28
2024-08-19,SUC-02,PROD-019,Decoración,396.36,0,0.0,0
2024-08-26,SUC-02,PROD-019,Decoración,391.42,0,0.0,0
2024-09-02,SUC-02,PROD-019,Decoración,321.7,1,0.0,0
2024-09-09,SUC-02,PROD-019,Decoración,380.75,0,160.0,38
2024-09-16,SUC-02,PROD-019,Decoración,386.74,0,122.0,31
2024-09-23,SUC-02,PROD-019,Decoración,388.61,0,91.0,42
2024-09-30,SUC-02,PROD-019,Decoración,391.01,0,184.0,33
2024-10-07,SUC-02,PROD-019,Decoración,393.03,0,151.0,44
2024-10-14,SUC-02,PROD-019,Decoración,377.51,0,107.0,43
2024-10-21,SUC-02,PROD-019,Decoración,387.09,0,237.0,60
2024-10-28,SUC-02,PROD-019,Decoración,374.93,0,177.0,59
2024-11-04,SUC-02,PROD-019,Decoración,390.21,0,118.0,66
2024-11-11,SUC-02,PROD-019,Decoración,326.0,1,52.0,52
2024-11-18,SUC-02,PROD-019,Decoración,393.89,0,0.0,0
2024-11-25,SUC-02,PROD-019,Decoración,385.11,0,0.0,0
2024-12-02,SUC-02,PROD-019,Decoración,379.42,0,243.0,82
2024-12-09,SUC-02,PROD-019,Decoración,392.97,0,161.0,76
2024-12-16,SUC-02,PROD-019,Decoración,394.99,0,85.0,68
2024-12-23,SUC-02,PROD-019,Decoración,394.57,0,259.0,60
2024-12-30,SUC-02,PROD-019,Decoración,378.86,0,199.0,58
2025-01-06,SUC-02,PROD-019,Decoración,383.43,0,141.0,84
2025-01-13,SUC-02,PROD-019,Decoración,323.33,1,463.0,118
2025-01-20,SUC-02,PROD-019,Decoración,374.25,0,345.0,76
2025-01-27,SUC-02,PROD-019,Decoración,379.77,0,269.0,67
2025-02-03,SUC-02,PROD-019,Decoración,376.86,0,241.0,81
2025-02-10,SUC-02,PROD-019,Decoración,375.16,0,160.0,57
2025-02-17,SUC-02,PROD-019,Decoración,390.03,0,103.0,76
2025-02-24,SUC-02,PROD-019,Decoración,375.59,0,266.0,53
2025-03-03,SUC-02,PROD-019,Decoración,390.44,0,213.0,70
2025-03-10,SUC-02,PROD-019,Decoración,375.46,0,143.0,75
2025-03-17,SUC-02,PROD-019,Decoración,389.58,0,68.0,68
2025-03-24,SUC-02,PROD-019,Decoración,326.98,1,0.0,0
2025-03-31,SUC-02,PROD-019,Decoración,322.44,1,0.0,0
2025-04-07,SUC-02,PROD-019,Decoración,392.74,0,195.0,85
2025-04-14,SUC-02,PROD-019,Decoración,375.54,0,110.0,72
2025-04-21,SUC-02,PROD-019,Decoración,332.15,1,38.0,38
2025-04-28,SUC-02,PROD-019,Decoración,327.67,1,324.0,76
2025-05-05,SUC-02,PROD-019,Decoración,381.61,0,248.0,62
2025-05-12,SUC-02,PROD-019,Decoración,388.58,0,186.0,49
2025-05-19,SUC-02,PROD-019,Decoración,383.56,0,145.0,54
2025-05-26,SUC-02,PROD-019,Decoración,388.09,0,91.0,48
2025-06-02,SUC-02,PROD-019,Decoración,375.29,0,43.0,43
2025-06-09,SUC-02,PROD-019,Decoración,394.63,0,159.0,63
2025-06-16,SUC-02,PROD-019,Decoración,381.58,0,96.0,39
2025-06-23,SUC-02,PROD-019,Decoración,385.89,0,57.0,57
2025-06-30,SUC-02,PROD-019,Decoración,395.84,0,121.0,57
2025-07-07,SUC-02,PROD-019,Decoración,381.86,0,64.0,43
2025-07-14,SUC-02,PROD-019,Decoración,393.91,0,21.0,21
2025-07-21,SUC-02,PROD-019,Decoración,392.54,0,153.0,27
2025-07-28,SUC-02,PROD-019,Decoración,394.91,0,126.0,48
2025-08-04,SUC-02,PROD-019,Decoración,378.12,0,78.0,45
2025-08-11,SUC-02,PROD-019,Decoración,393.03,0,33.0,33
2025-08-18,SUC-02,PROD-019,Decoración,396.0,0,0.0,0
2025-08-25,SUC-02,PROD-019,Decoración,336.53,1,0.0,0
2025-09-01,SUC-02,PROD-019,Decoración,375.7,0,181.0,39
2025-09-08,SUC-02,PROD-019,Decoración,390.85,0,142.0,48
2025-09-15,SUC-02,PROD-019,Decoración,389.12,0,94.0,52
2025-09-22,SUC-02,PROD-019,Decoración,391.54,0,161.0,69
2025-09-29,SUC-02,PROD-019,Decoración,388.86,0,92.0,47
2025-10-06,SUC-02,PROD-019,Decoración,374.71,0,45.0,45
2025-10-13,SUC-02,PROD-019,Decoración,376.36,0,255.0,73
2025-10-20,SUC-02,PROD-019,Decoración,395.6,0,182.0,63
2025-10-27,SUC-02,PROD-019,Decoración,390.11,0,119.0,74
2025-11-03,SUC-02,PROD-019,Decoración,333.76,1,356.0,77
2025-11-10,SUC-02,PROD-019,Decoración,381.5,0,279.0,69
2025-11-17,SUC-02,PROD-019,Decoración,383.23,0,210.0,82
2025-11-24,SUC-02,PROD-019,Decoración,391.11,0,288.0,28
2025-12-01,SUC-02,PROD-019,Decoración,322.06,1,260.0,87
2025-12-08,SUC-02,PROD-019,Decoración,388.8,0,173.0,102
2025-12-15,SUC-02,PROD-019,Decoración,386.74,0,252.0,83
2025-12-22,SUC-02,PROD-019,Decoración,377.63,0,169.0,79
2024-01-01,SUC-03,PROD-019,Decoración,380.68,0,259.0,58
2024-01-08,SUC-03,PROD-019,Decoración,336.36,1,201.0,98
2024-01-15,SUC-03,PROD-019,Decoración,377.06,0,103.0,98
2024-01-22,SUC-03,PROD-019,Decoración,394.86,0,284.0,81
2024-01-29,SUC-03,PROD-019,Decoración,379.38,0,203.0,999999
2024-02-05,SUC-03,PROD-019,Decoración,393.99,0,100.0,83
2024-02-12,SUC-03,PROD-019,Decoración,389.57,0,274.0,77
2024-02-19,SUC-03,PROD-019,Decoración,388.47,0,197.0,84
2024-02-26,SUC-03,PROD-019,Decoración,377.89,0,113.0,95
2024-03-04,SUC-03,PROD-019,Decoración,378.36,0,264.0,100
2024-03-11,SUC-03,PROD-019,Decoración,378.83,0,164.0,78
2024-03-18,SUC-03,PROD-019,Decoración,396.34,0,86.0,86
2024-03-25,SUC-03,PROD-019,Decoración,385.11,0,238.0,79
2024-04-01,SUC-03,PROD-019,Decoración,383.68,0,159.0,51
2024-04-08,SUC-03,PROD-019,Decoración,375.61,0,108.0,86
2024-04-15,SUC-03,PROD-019,Decoración,378.45,0,239.0,68
2024-04-22,SUC-03,PROD-019,Decoración,379.84,0,171.0,58
2024-04-29,SUC-03,PROD-019,Decoración,395.91,0,113.0,68
2024-05-06,SUC-03,PROD-019,Decoración,384.67,0,243.0,71
2024-05-13,SUC-03,PROD-019,Decoración,382.64,0,172.0,67
2024-05-20,SUC-03,PROD-019,Decoración,394.52,0,105.0,72
2024-05-27,SUC-03,PROD-019,Decoración,391.24,0,226.0,29
2024-06-03,SUC-03,PROD-019,Decoración,323.72,1,197.0,66
2024-06-10,SUC-03,PROD-019,Decoración,385.16,0,131.0,68
2024-06-17,SUC-03,PROD-019,Decoración,382.27,0,199.0,56
fecha-invalida,SUC-03,PROD-019,Decoración,378.48,0,143.0,56
2024-07-01,SUC-03,PROD-019,Decoración,395.22,0,87.0,44
2024-07-08,SUC-03,PROD-019,Decoración,335.5,1,181.0,64
2024-07-15,SUC-03,PROD-019,Decoración,387.16,0,117.0,51
2024-07-22,SUC-03,PROD-019,Decoración,321.67,1,66.0,53
2024-07-29,SUC-03,PROD-019,Decoración,373.75,0,185.0,42
2024-08-05,SUC-03,PROD-019,Decoración,383.46,0,143.0,45
2024-08-12,SUC-03,PROD-019,Decoración,335.18,1,98.0,77
2024-08-19,SUC-03,PROD-019,Decoración,377.23,0,207.0,48
2024-08-26,SUC-03,PROD-019,Decoración,384.01,0,159.0,53
2024-09-02,SUC-03,PROD-019,Decoración,326.31,1,106.0,76
2024-09-09,SUC-03,PROD-019,Decoración,377.2,0,30.0,30
2024-09-16,SUC-03,PROD-019,Decoración,338.06,1,0.0,0
2024-09-23,SUC-03,PROD-019,Decoración,332.47,1,0.0,0
2024-09-30,SUC-03,PROD-019,Decoración,377.35,0,262.0,98
2024-10-07,SUC-03,PROD-019,Decoración,378.06,0,164.0,48
2024-10-14,SUC-03,PROD-019,Decoración,394.47,0,116.0,68
2024-10-21,SUC-03,PROD-019,Decoración,376.26,0,268.0,57
2024-10-28,SUC-03,PROD-019,Decoración,381.98,0,211.0,47
2024-11-04,SUC-03,PROD-019,Decoración,330.64,1,164.0,48
2024-11-11,SUC-03,PROD-019,Decoración,381.7,0,282.0,62
2024-11-18,SUC-03,PROD-019,Decoración,383.5,0,220.0,83
2024-11-25,SUC-03,PROD-019,Decoración,395.63,0,137.0,79
2024-12-02,SUC-03,PROD-019,Decoración,389.67,0,235.0,69
2024-12-09,SUC-03,PROD-019,Decoración,392.06,0,166.0,67
2024-12-16,SUC-03,PROD-019,Decoración,390.24,0,99.0,86
2024-12-23,SUC-03,PROD-019,Decoración,376.87,0,333.0,88
2024-12-30,SUC-03,PROD-019,Decoración,381.88,0,245.0,110
2025-01-06,SUC-03,PROD-019,Decoración,389.34,0,135.0,82
2025-01-13,SUC-03,PROD-019,Decoración,395.69,0,314.0,78
2025-01-20,SUC-03,PROD-019,Decoración,379.97,0,236.0,87
2025-01-27,SUC-03,PROD-019,Decoración,390.5,0,149.0,69
2025-02-03,SUC-03,PROD-019,Decoración,388.73,0,305.0,98
2025-02-10,SUC-03,PROD-019,Decoración,334.14,1,207.0,78
2025-02-17,SUC-03,PROD-019,Decoración,377.99,0,129.0,84
2025-02-24,SUC-03,PROD-019,Decoración,393.96,0,347.0,94
2025-03-03,SUC-03,PROD-019,Decoración,387.57,0,253.0,74
2025-03-10,SUC-03,PROD-019,Decoración,330.95,1,179.0,94
2025-03-17,SUC-03,PROD-019,Decoración,338.11,1,461.0,106
2025-03-24,SUC-03,PROD-019,Decoración,376.63,0,355.0,108
2025-03-31,SUC-03,PROD-019,Decoración,387.76,0,247.0,105
2025-04-07,SUC-03,PROD-019,Decoración,385.91,0,224.0,82
2025-04-14,SUC-03,PROD-019,Decoración,387.81,0,142.0,104
2025-04-21,SUC-03,PROD-019,Decoración,331.67,1,38.0,38
2025-04-28,SUC-03,PROD-019,Decoración,391.21,0,0.0,0
2025-05-05,SUC-03,PROD-019,Decoración,325.52,1,0.0,0
2025-05-12,SUC-03,PROD-019,Decoración,387.81,0,0.0,0
2025-05-19,SUC-03,PROD-019,Decoración,385.06,0,184.0,72
2025-05-26,SUC-03,PROD-019,Decoración,378.64,0,112.0,66
2025-06-02,SUC-03,PROD-019,Decoración,376.86,0,46.0,46
2025-06-09,SUC-03,PROD-019,Decoración,321.54,1,281.0,77
2025-06-16,SUC-03,PROD-019,Decoración,375.52,0,204.0,59
2025-06-23,SUC-03,PROD-019,Decoración,391.59,0,145.0,61
2025-06-30,SUC-03,PROD-019,Decoración,389.18,0,179.0,57
2025-07-07,SUC-03,PROD-019,Decoración,392.39,0,122.0,60
2025-07-14,SUC-03,PROD-019,Decoración,389.6,0,62.0,60
2025-07-21,SUC-03,PROD-019,Decoración,374.87,0,162.0,45
2025-07-28,SUC-03,PROD-019,Decoración,325.41,1,117.0,68
2025-08-04,SUC-03,PROD-019,Decoración,391.58,0,49.0,49
2025-08-11,SUC-03,PROD-019,Decoración,389.6,0,179.0,56
2025-08-18,SUC-03,PROD-019,Decoración,396.32,0,123.0,49
2025-08-25,SUC-03,PROD-019,Decoración,396.08,0,74.0,63
2025-09-01,SUC-03,PROD-019,Decoración,383.0,0,212.0,79
2025-09-08,SUC-03,PROD-019,Decoración,336.21,1,133.0,70
2025-09-15,SUC-03,PROD-019,Decoración,391.01,0,63.0,62
2025-09-22,SUC-03,PROD-019,Decoración,322.36,1,401.0,74
2025-09-29,SUC-03,PROD-019,Decoración,391.33,0,327.0,87
2025-10-06,SUC-03,PROD-019,Decoración,382.78,0,240.0,82
2025-10-13,SUC-03,PROD-019,Decoración,389.41,0,158.0,82
2025-10-20,SUC-03,PROD-019,Decoración,381.06,0,76.0,54
2025-10-27,SUC-03,PROD-019,Decoración,395.93,0,22.0,22
2025-11-03,SUC-03,PROD-019,Decoración,332.61,1,490.0,133
2025-11-10,SUC-03,PROD-019,Decoración,337.57,1,,107
2025-11-17,SUC-03,PROD-019,Decoración,380.34,0,250.0,106
2025-11-24,SUC-03,PROD-019,Decoración,375.65,0,342.0,101
2025-12-01,SUC-03,PROD-019,Decoración,386.93,0,241.0,93
2025-12-08,SUC-03,PROD-019,Decoración,390.1,0,148.0,91
2025-12-15,SUC-03,PROD-019,Decoración,376.94,0,57.0,57
2025-12-22,SUC-03,PROD-019,Decoración,381.14,0,0.0,0
2024-01-01,SUC-04,PROD-019,Decoración,330.0,1,558.0,68
2024-01-08,SUC-04,PROD-019,Decoración,379.92,0,490.0,89
2024-01-15,SUC-04,PROD-019,Decoración,390.9,0,401.0,94
2024-01-22,SUC-04,PROD-019,Decoración,390.85,0,320.0,97
2024-01-29,SUC-04,PROD-019,Decoración,385.6,0,223.0,100
2024-02-05,SUC-04,PROD-019,Decoración,387.35,0,123.0,88
2024-02-12,SUC-04,PROD-019,Decoración,333.39,1,488.0,108
2024-02-19,SUC-04,PROD-019,Decoración,383.13,0,380.0,97
2024-02-26,SUC-04,PROD-019,Decoración,334.48,1,283.0,124
2024-03-04,SUC-04,PROD-019,Decoración,388.38,0,241.0,117
2024-03-11,SUC-04,PROD-019,Decoración,389.78,0,124.0,98
2024-03-18,SUC-04,PROD-019,Decoración,381.76,0,26.0,26
2024-03-25,SUC-04,PROD-019,Decoración,383.86,0,247.0,74
2024-04-01,SUC-04,PROD-019,Decoración,327.78,1,173.0,128
2024-04-08,SUC-04,PROD-019,Decoración,384.27,0,45.0,45
2024-04-15,SUC-04,PROD-019,Decoración,392.14,0,260.0,78
2024-04-22,SUC-04,PROD-019,Decoración,377.85,0,182.0,83
2024-04-29,SUC-04,PROD-019,Decoración,340.69,1,99.0,75
2024-05-06,SUC-04,PROD-019,Decoración,393.18,0,24.0,24
2024-05-13,SUC-04,PROD-019,Decoración,335.53,1,0.0,0
2024-05-20,SUC-04,PROD-019,Decoración,384.66,0,0.0,0
2024-05-27,SUC-04,PROD-019,Decoración,378.07,0,165.0,91
2024-06-03,SUC-04,PROD-019,Decoración,393.0,0,74.0,74
2024-06-10,SUC-04,PROD-019,Decoración,329.07,1,0.0,0
fecha-invalida,SUC-04,PROD-019,Decoración,382.96,0,0.0,0
2024-06-24,SUC-04,PROD-019,Decoración,393.4,0,0.0,0
2024-07-01,SUC-04,PROD-019,Decoración,381.33,0,0.0,0
2024-07-08,SUC-04,PROD-019,Decoración,330.54,1,0.0,0
2024-07-15,SUC-04,PROD-019,Decoración,390.99,0,0.0,0
2024-07-22,SUC-04,PROD-019,Decoración,375.85,0,0.0,0
2024-07-29,SUC-04,PROD-019,Decoración,385.77,0,181.0,68
2024-08-05,SUC-04,PROD-019,Decoración,326.76,1,,88
2024-08-12,SUC-04,PROD-019,Decoración,382.71,0,25.0,25
2024-08-19,SUC-04,PROD-019,Decoración,335.96,1,306.0,66
2024-08-26,SUC-04,PROD-019,Decoración,375.7,0,240.0,33
2024-09-02,SUC-04,PROD-019,Decoración,377.63,0,207.0,56
2024-09-09,SUC-04,PROD-019,Decoración,340.06,1,290.0,98
2024-09-16,SUC-04,PROD-019,Decoración,383.49,0,192.0,84
2024-09-23,SUC-04,PROD-019,Decoración,379.34,0,108.0,68
2024-09-30,SUC-04,PROD-019,Decoración,375.53,0,215.0,61
2024-10-07,SUC-04,PROD-019,Decoración,383.54,0,154.0,73
2024-10-14,SUC-04,PROD-019,Decoración,385.51,0,81.0,68
2024-10-21,SUC-04,PROD-019,Decoración,335.31,1,410.0,71
2024-10-28,SUC-04,PROD-019,Decoración,390.21,0,339.0,80
2024-11-04,SUC-04,PROD-019,Decoración,395.53,0,259.0,106
2024-11-11,SUC-04,PROD-019,Decoración,387.34,0,344.0,116
2024-11-18,SUC-04,PROD-019,Decoración,382.38,0,228.0,86
2024-11-25,SUC-04,PROD-019,Decoración,376.24,0,142.0,87
2024-12-02,SUC-04,PROD-019,Decoración,334.15,1,498.0,113
2024-12-09,SUC-04,PROD-019,Decoración,392.91,0,385.0,105
2024-12-16,SUC-04,PROD-019,Decoración,375.68,0,280.0,199
2024-12-23,SUC-04,PROD-019,Decoración,383.27,0,307.0,97
2024-12-30,SUC-04,PROD-019,Decoración,388.1,0,210.0,72
2025-01-06,SUC-04,PROD-019,Decoración,377.13,0,138.0,129
2025-01-13,SUC-04,PROD-019,Decoración,389.89,0,329.0,91
2025-01-20,SUC-04,PROD-019,Decoración,386.47,0,238.0,119
2025-01-27,SUC-04,PROD-019,Decoración,373.72,0,119.0,119
2025-02-03,SUC-04,PROD-019,Decoración,327.35,1,430.0,107
2025-02-10,SUC-04,PROD-019,Decoración,382.47,0,323.0,148
2025-02-17,SUC-04,PROD-019,Decoración,396.39,0,175.0,102
2025-02-24,SUC-04,PROD-019,Decoración,328.01,1,376.0,96
2025-03-03,SUC-04,PROD-019,Decoración,390.02,0,280.0,128
2025-03-10,SUC-04,PROD-019,Decoración,387.11,0,152.0,92
2025-03-17,SUC-04,PROD-019,Decoración,377.51,0,331.0,100
2025-03-24,SUC-04,PROD-019,Decoración,391.35,0,231.0,83
2025-03-31,SUC-04,PROD-019,Decoración,384.53,0,148.0,81
2025-04-07,SUC-04,PROD-019,Decoración,330.87,1,335.0,138
2025-04-14,SUC-04,PROD-019,Decoración,385.44,0,197.0,97
2025-04-21,SUC-04,PROD-019,Decoración,381.83,0,100.0,92
2025-04-28,SUC-04,PROD-019,Decoración,378.94,0,335.0,83
2025-05-05,SUC-04,PROD-019,Decoración,389.96,0,252.0,95
2025-05-12,SUC-04,PROD-019,Decoración,373.82,0,157.0,94
2025-05-19,SUC-04,PROD-019,Decoración,386.23,0,208.0,80
2025-05-26,SUC-04,PROD-019,Decoración,389.54,0,128.0,84
2025-06-02,SUC-04,PROD-019,Decoración,376.26,0,44.0,44
2025-06-09,SUC-04,PROD-019,Decoración,374.72,0,211.0,56
2025-06-16,SUC-04,PROD-019,Decoración,390.94,0,155.0,59
2025-06-23,SUC-04,PROD-019,Decoración,338.02,1,96.0,96
2025-06-30,SUC-04,PROD-019,Decoración,339.34,1,288.0,86
2025-07-07,SUC-04,PROD-019,Decoración,386.49,0,202.0,81
2025-07-14,SUC-04,PROD-019,Decoración,377.24,0,121.0,86
2025-07-21,SUC-04,PROD-019,Decoración,378.22,0,184.0,71
2025-07-28,SUC-04,PROD-019,Decoración,393.52,0,,76
2025-08-04,SUC-04,PROD-019,Decoración,395.17,0,37.0,37
2025-08-11,SUC-04,PROD-019,Decoración,388.82,0,251.0,63
2025-08-18,SUC-04,PROD-019,Decoración,381.62,0,188.0,76
2025-08-25,SUC-04,PROD-019,Decoración,374.2,0,112.0,54
2025-09-01,SUC-04,PROD-019,Decoración,374.17,0,237.0,58
2025-09-08,SUC-04,PROD-019,Decoración,380.33,0,179.0,55
2025-09-15,SUC-04,PROD-019,Decoración,391.17,0,124.0,88
2025-09-22,SUC-04,PROD-019,Decoración,321.9,1,455.0,77
2025-09-29,SUC-04,PROD-019,Decoración,384.12,0,378.0,66
2025-10-06,SUC-04,PROD-019,Decoración,390.55,0,312.0,81
2025-10-13,SUC-04,PROD-019,Decoración,379.98,0,231.0,77
2025-10-20,SUC-04,PROD-019,Decoración,393.24,0,154.0,102
2025-10-27,SUC-04,PROD-019,Decoración,388.58,0,52.0,52
2025-11-03,SUC-04,PROD-019,Decoración,382.92,0,0.0,0
2025-11-10,SUC-04,PROD-019,Decoración,330.39,1,0.0,0
2025-11-17,SUC-04,PROD-019,Decoración,386.84,0,0.0,0
2025-11-24,SUC-04,PROD-019,Decoración,392.19,0,374.0,87
2025-12-01,SUC-04,PROD-019,Decoración,376.25,0,287.0,114
2025-12-08,SUC-04,PROD-019,Decoración,383.84,0,173.0,124
2025-12-15,SUC-04,PROD-019,Decoración,373.7,0,368.0,136
2025-12-22,SUC-04,PROD-019,Decoración,332.72,1,232.0,145
2024-01-01,SUC-05,PROD-019,Decoración,387.72,0,335.0,84
2024-01-08,SUC-05,PROD-019,Decoración,390.4,0,251.0,110
2024-01-15,SUC-05,PROD-019,Decoración,394.41,0,141.0,123
2024-01-22,SUC-05,PROD-019,Decoración,327.76,1,440.0,120
2024-01-29,SUC-05,PROD-019,Decoración,386.71,0,320.0,144
2024-02-05,SUC-05,PROD-019,Decoración,386.85,0,176.0,116
2024-02-12,SUC-05,PROD-019,Decoración,386.7,0,381.0,113
2024-02-19,SUC-05,PROD-019,Decoración,377.04,0,268.0,110
2024-02-26,SUC-05,PROD-019,Decoración,381.55,0,158.0,81
2024-03-04,SUC-05,PROD-019,Decoración,394.21,0,410.0,94
2024-03-11,SUC-05,PROD-019,Decoración,387.02,0,316.0,92
2024-03-18,SUC-05,PROD-019,Decoración,388.52,0,224.0,105
2024-03-25,SUC-05,PROD-019,Decoración,375.26,0,119.0,62
2024-04-01,SUC-05,PROD-019,Decoración,389.47,0,57.0,57
2024-04-08,SUC-05,PROD-019,Decoración,380.08,0,0.0,0
2024-04-15,SUC-05,PROD-019,Decoración,378.85,0,248.0,97
2024-04-22,SUC-05,PROD-019,Decoración,385.99,0,151.0,76
2024-04-29,SUC-05,PROD-019,Decoración,380.15,0,75.0,75
2024-05-06,SUC-05,PROD-019,Decoración,381.07,0,258.0,99
2024-05-13,SUC-05,PROD-019,Decoración,391.56,0,159.0,68
2024-05-20,SUC-05,PROD-019,Decoración,375.37,0,91.0,86
2024-05-27,SUC-05,PROD-019,Decoración,389.8,0,264.0,73
2024-06-03,SUC-05,PROD-019,Decoración,337.69,1,191.0,71
2024-06-10,SUC-05,PROD-019,Decoración,381.96,0,120.0,58
2024-06-17,SUC-05,PROD-019,Decoración,333.13,1,258.0,73
2024-06-24,SUC-05,PROD-019,Decoración,389.5,0,185.0,75
2024-07-01,SUC-05,PROD-019,Decoración,395.42,0,110.0,53
2024-07-08,SUC-05,PROD-019,Decoración,390.74,0,184.0,67
2024-07-15,SUC-05,PROD-019,Decoración,326.63,1,117.0,63
2024-07-22,SUC-05,PROD-019,Decoración,378.68,0,54.0,54
2024-07-29,SUC-05,PROD-019,Decoración,375.12,0,255.0,113
2024-08-05,SUC-05,PROD-019,Decoración,337.82,1,142.0,90
2024-08-12,SUC-05,PROD-019,Decoración,378.56,0,52.0,52
2024-08-19,SUC-05,PROD-019,Decoración,378.48,0,247.0,82
2024-08-26,SUC-05,PROD-019,Decoración,395.42,0,165.0,69
2024-09-02,SUC-05,PROD-019,Decoración,324.06,1,96.0,79
2024-09-09,SUC-05,PROD-019,Decoración,337.66,1,388.0,92
2024-09-16,SUC-05,PROD-019,Decoración,328.73,1,296.0,89
2024-09-23,SUC-05,PROD-019,Decoración,378.99,0,207.0,92
2024-09-30,SUC-05,PROD-019,Decoración,380.93,0,265.0,77
2024-10-07,SUC-05,PROD-019,Decoración,375.2,0,188.0,108
2024-10-14,SUC-05,PROD-019,Decoración,393.17,0,80.0,80
2024-10-21,SUC-05,PROD-019,Decoración,332.77,1,446.0,102
2024-10-28,SUC-05,PROD-019,Decoración,384.97,0,344.0,151
2024-11-04,SUC-05,PROD-019,Decoración,388.51,0,193.0,74
2024-11-11,SUC-05,PROD-019,Decoración,391.35,0,313.0,80
2024-11-18,SUC-05,PROD-019,Decoración,385.6,0,233.0,84
2024-11-25,SUC-05,PROD-019,Decoración,395.82,0,149.0,81
2024-12-02,SUC-05,PROD-019,Decoración,375.34,0,354.0,110
2024-12-09,SUC-05,PROD-019,Decoración,382.9,0,244.0,124
2024-12-16,SUC-05,PROD-019,Decoración,385.29,0,120.0,94
2024-12-23,SUC-05,PROD-019,Decoración,339.46,1,599.0,210
2024-12-30,SUC-05,PROD-019,Decoración,375.34,0,389.0,173
2025-01-06,SUC-05,PROD-019,Decoración,384.22,0,216.0,102
2025-01-13,SUC-05,PROD-019,Decoración,393.9,0,368.0,135
2025-01-20,SUC-05,PROD-019,Decoración,392.34,0,233.0,114
2025-01-27,SUC-05,PROD-019,Decoración,383.84,0,119.0,119
2025-02-03,SUC-05,PROD-019,Decoración,380.2,0,374.0,94
2025-02-10,SUC-05,PROD-019,Decoración,395.6,0,280.0,92
2025-02-17,SUC-05,PROD-019,Decoración,391.55,0,188.0,90
2025-02-24,SUC-05,PROD-019,Decoración,389.15,0,363.0,124
2025-03-03,SUC-05,PROD-019,Decoración,379.33,0,239.0,129
2025-03-10,SUC-05,PROD-019,Decoración,334.33,1,110.0,110
2025-03-17,SUC-05,PROD-019,Decoración,377.49,0,320.0,156
2025-03-24,SUC-05,PROD-019,Decoración,383.87,0,164.0,139
2025-03-31,SUC-05,PROD-019,Decoración,333.18,1,25.0,25
2025-04-07,SUC-05,PROD-019, DECORACIÓN ,395.04,0,303.0,94
2025-04-14,SUC-05,PROD-019,Decoración,-10.0,0,209.0,104
2025-04-21,SUC-05,PROD-019,Decoración,381.07,0,105.0,93
2025-04-28,SUC-05,PROD-019,Decoración,387.88,0,262.0,77
2025-05-05,SUC-05,PROD-019,Decoración,385.47,0,185.0,96
2025-05-12,SUC-05,PROD-019,Decoración,383.57,0,89.0,75
2025-05-19,SUC-05,PROD-019,Decoración,375.69,0,231.0,66
2025-05-26,SUC-05,PROD-019,Decoración,391.35,0,165.0,45
2025-06-02,SUC-05,PROD-019,Decoración,374.48,0,120.0,77
2025-06-09,SUC-05,PROD-019,Decoración,380.02,0,304.0,86
2025-06-16,SUC-05,PROD-019,Decoración,374.81,0,218.0,77
2025-06-23,SUC-05,PROD-019,Decoración,379.06,0,141.0,82
2025-06-30,SUC-05,PROD-019,Decoración,335.18,1,59.0,59
2025-07-07,SUC-05,PROD-019,Decoración,390.56,0,0.0,0
2025-07-14,SUC-05,PROD-019,Decoración,390.78,0,0.0,0
2025-07-21,SUC-05,PROD-019,Decoración,385.38,0,-5.0,95
2025-07-28,SUC-05,PROD-019,Decoración,393.77,0,186.0,81
2025-08-04,SUC-05,PROD-019,Decoración,375.3,0,105.0,88
2025-08-11,SUC-05,PROD-019,Decoración,385.23,0,224.0,86
2025-08-18,SUC-05,PROD-019,Decoración,380.13,0,138.0,76
2025-08-25,SUC-05,PROD-019,Decoración,394.89,0,62.0,45
2025-09-01,SUC-05,PROD-019,Decoración,379.33,0,17.0,17
2025-09-08,SUC-05,PROD-019,Decoración,334.17,1,0.0,0
2025-09-15,SUC-05,PROD-019,Decoración,394.16,0,0.0,0
2025-09-22,SUC-05,PROD-019,Decoración,383.06,0,296.0,74
2025-09-29,SUC-05,PROD-019,Decoración,325.66,1,222.0,90
2025-10-06,SUC-05,PROD-019,Decoración,340.37,1,132.0,116
2025-10-13,SUC-05,PROD-019,Decoración,326.14,1,432.0,100
2025-10-20,SUC-05,PROD-019,Decoración,392.01,0,332.0,118
2025-10-27,SUC-05,PROD-019,Decoración,377.17,0,214.0,109
2025-11-03,SUC-05,PROD-019,Decoración,391.45,0,,112
2025-11-10,SUC-05,PROD-019,Decoración,379.55,0,300.0,86
2025-11-17,SUC-05,PROD-019,Decoración,331.58,1,214.0,131
2025-11-24,SUC-05,PROD-019,Decoración,380.4,0,296.0,131
2025-12-01,SUC-05,PROD-019,Decoración,385.29,0,165.0,128
2025-12-08,SUC-05,PROD-019,Decoración,330.31,1,37.0,37
2025-12-15,SUC-05,PROD-019,Decoración,379.86,0,455.0,130
2025-12-22,SUC-05,PROD-019,Decoración,339.38,1,325.0,142
2024-01-01,SUC-01,PROD-020,Herramientas,319.45,0,197.0,47
2024-01-08,SUC-01,PROD-020,Herramientas,324.1,0,150.0,48
2024-01-15,SUC-01,PROD-020,Herramientas,331.08,0,102.0,36
2024-01-22,SUC-01,PROD-020,Herramientas,315.67,0,66.0,66
2024-01-29,SUC-01,PROD-020,Herramientas,318.38,0,0.0,0
2024-02-05,SUC-01,PROD-020,Herramientas,333.84,0,0.0,0
2024-02-12,SUC-01,PROD-020,Herramientas,319.03,0,170.0,45
2024-02-19,SUC-01,PROD-020,Herramientas,325.88,0,125.0,45
2024-02-26,SUC-01,PROD-020,Herramientas,284.52,1,80.0,58
2024-03-04,SUC-01,PROD-020,Herramientas,330.99,0,187.0,59
2024-03-11,SUC-01,PROD-020,Herramientas,284.57,1,128.0,33
2024-03-18,SUC-01,PROD-020,Herramientas,320.93,0,95.0,52
2024-03-25,SUC-01,PROD-020,Herramientas,321.95,0,162.0,40
2024-04-01,SUC-01,PROD-020,Herramientas,272.88,1,122.0,60
2024-04-08,SUC-01,PROD-020,Herramientas,281.16,1,62.0,54
2024-04-15,SUC-01,PROD-020,Herramientas,332.82,0,134.0,52
2024-04-22,SUC-01,PROD-020,Herramientas,328.86,0,82.0,44
2024-04-29,SUC-01,PROD-020,Herramientas,332.55,0,38.0,31
2024-05-06,SUC-01,PROD-020,Herramientas,277.12,1,155.0,40
2024-05-13,SUC-01,PROD-020,Herramientas,331.69,0,115.0,43
2024-05-20,SUC-01,PROD-020,Herramientas,319.83,0,72.0,43
2024-05-27,SUC-01,PROD-020,Herramientas,329.93,0,85.0,35
2024-06-03,SUC-01,PROD-020,Herramientas,320.19,0,50.0,29
2024-06-10,SUC-01,PROD-020,Herramientas,317.95,0,21.0,21
2024-06-17,SUC-01,PROD-020,Herramientas,329.12,0,85.0,35
2024-06-24,SUC-01,PROD-020,Herramientas,329.77,0,50.0,37
2024-07-01,SUC-01,PROD-020,Herramientas,331.56,0,13.0,13
2024-07-08,SUC-01,PROD-020,Herramientas,273.77,1,186.0,58
2024-07-15,SUC-01,PROD-020,Herramientas,325.75,0,128.0,32
2024-07-22,SUC-01,PROD-020,Herramientas,320.94,0,96.0,31
2024-07-29,SUC-01,PROD-020,Herramientas,317.74,0,134.0,41
2024-08-05,SUC-01,PROD-020,Herramientas,323.25,0,93.0,43
2024-08-12,SUC-01,PROD-020,Herramientas,333.69,0,50.0,36
2024-08-19,SUC-01,PROD-020,Herramientas,286.39,1,159.0,43
2024-08-26,SUC-01,PROD-020,Herramientas,333.44,0,116.0,47
2024-09-02,SUC-01,PROD-020,Herramientas,332.08,0,69.0,53
2024-09-09,SUC-01,PROD-020,Herramientas,330.69,0,176.0,49
2024-09-16,SUC-01,PROD-020,Herramientas,325.09,0,127.0,33
2024-09-23,SUC-01,PROD-020,Herramientas,326.98,0,94.0,37
2024-09-30,SUC-01,PROD-020,Herramientas,316.74,0,190.0,51
2024-10-07,SUC-01,PROD-020,Herramientas,272.52,1,139.0,91
2024-10-14,SUC-01,PROD-020,Herramientas,320.47,0,48.0,47
2024-10-21,SUC-01,PROD-020,Herramientas,325.25,0,138.0,63
2024-10-28,SUC-01,PROD-020,Herramientas,320.76,0,75.0,50
2024-11-04,SUC-01,PROD-020,Herramientas,320.43,0,25.0,25
2024-11-11,SUC-01,PROD-020,Herramientas,323.61,0,146.0,68
2024-11-18,SUC-01,PROD-020,Herramientas,326.39,0,78.0,66
2024-11-25,SUC-01,PROD-020,Herramientas,275.92,1,12.0,12
2024-12-02,SUC-01,PROD-020,Herramientas,325.54,0,235.0,59
2024-12-09,SUC-01,PROD-020,Herramientas,322.32,0,176.0,53
2024-12-16,SUC-01,PROD-020,Herramientas,326.46,0,123.0,60
2024-12-23,SUC-01,PROD-020,Herramientas,327.62,0,,58
2024-12-30,SUC-01,PROD-020,Herramientas,331.44,0,132.0,55
2025-01-06,SUC-01,PROD-020,Herramientas,278.29,1,77.0,72
2025-01-13,SUC-01,PROD-020,Herramientas,332.95,0,181.0,57
2025-01-20,SUC-01,PROD-020,Herramientas,320.83,0,124.0,85
2025-01-27,SUC-01,PROD-020,Herramientas,330.29,0,39.0,39
2025-02-03,SUC-01,PROD-020,Herramientas,322.52,0,202.0,56
2025-02-10,SUC-01,PROD-020,Herramientas,334.82,0,146.0,58
2025-02-17,SUC-01,PROD-020,Herramientas,315.54,0,88.0,53
2025-02-24,SUC-01,PROD-020,Herramientas,284.06,1,255.0,92
2025-03-03,SUC-01,PROD-020,Herramientas,279.19,1,163.0,77
2025-03-10,SUC-01,PROD-020,Herramientas,276.02,1,86.0,76
2025-03-17,SUC-01,PROD-020,Herramientas,322.2,0,139.0,64
2025-03-24,SUC-01,PROD-020,Herramientas,273.41,1,75.0,69
2025-03-31,SUC-01,PROD-020,Herramientas,286.52,1,6.0,6
2025-04-07,SUC-01,PROD-020,Herramientas,334.22,0,152.0,53
2025-04-14,SUC-01,PROD-020,Herramientas,322.08,0,99.0,57
2025-04-21,SUC-01,PROD-020,Herramientas,273.7,1,42.0,42
2025-04-28,SUC-01,PROD-020,Herramientas,318.87,0,105.0,39
2025-05-05,SUC-01,PROD-020,Herramientas,327.15,0,66.0,35
2025-05-12,SUC-01,PROD-020,Herramientas,323.82,0,31.0,31
2025-05-19,SUC-01,PROD-020,Herramientas,319.78,0,125.0,38
2025-05-26,SUC-01,PROD-020,Herramientas,323.13,0,87.0,34
2025-06-02,SUC-01,PROD-020,Herramientas,330.58,0,53.0,39
2025-06-09,SUC-01,PROD-020,Herramientas,319.62,0,125.0,39
2025-06-16,SUC-01,PROD-020,Herramientas,319.38,0,86.0,28
2025-06-23,SUC-01,PROD-020,Herramientas,319.54,0,58.0,31
2025-06-30,SUC-01,PROD-020,Herramientas,322.33,0,125.0,26
2025-07-07,SUC-01,PROD-020,Herramientas,319.17,0,99.0,37
2025-07-14,SUC-01,PROD-020,Herramientas,319.64,0,62.0,33
2025-07-21,SUC-01,PROD-020,Herramientas,320.31,0,123.0,39
2025-07-28,SUC-01,PROD-020,Herramientas,332.26,0,84.0,28
2025-08-04,SUC-01,PROD-020,Herramientas,329.48,0,56.0,42
2025-08-11,SUC-01,PROD-020,Herramientas,277.08,1,236.0,53
2025-08-18,SUC-01,PROD-020,Herramientas,322.7,0,183.0,46
2025-08-25,SUC-01,PROD-020,Herramientas,333.39,0,137.0,39
2025-09-01,SUC-01,PROD-020,Herramientas,321.88,0,150.0,44
2025-09-08,SUC-01,PROD-020,Herramientas,330.87,0,106.0,43
2025-09-15,SUC-01,PROD-020,Herramientas,327.05,0,63.0,60
2025-09-22,SUC-01,PROD-020,Herramientas,328.95,0,3.0,3
2025-09-29,SUC-01,PROD-020,Herramientas,323.71,0,0.0,0
2025-10-06,SUC-01,PROD-020,Herramientas,329.81,0,0.0,0
2025-10-13,SUC-01,PROD-020,Herramientas,275.63,1,0.0,0
2025-10-20,SUC-01,PROD-020,Herramientas,324.36,0,0.0,0
2025-10-27,SUC-01,PROD-020,Herramientas,279.9,1,0.0,0
2025-11-03,SUC-01,PROD-020,Herramientas,275.72,1,295.0,73
2025-11-10,SUC-01,PROD-020,Herramientas,330.53,0,222.0,76
2025-11-17,SUC-01,PROD-020,Herramientas,324.0,0,146.0,66
2025-11-24,SUC-01,PROD-020,Herramientas,281.06,1,358.0,52
2025-12-01,SUC-01,PROD-020,Herramientas,329.76,0,306.0,50
2025-12-08,SUC-01,PROD-020,Herramientas,322.43,0,256.0,68
2025-12-15,SUC-01,PROD-020,Herramientas,326.65,0,210.0,62
2025-12-22,SUC-01,PROD-020,Herramientas,325.74,0,148.0,58
2024-01-01,SUC-02,PROD-020,Herramientas,278.31,1,378.0,61
2024-01-08,SUC-02,PROD-020,Herramientas,319.74,0,317.0,53
2024-01-15,SUC-02,PROD-020,Herramientas,330.98,0,264.0,75
2024-01-22,SUC-02,PROD-020,Herramientas,,0,202.0,42
2024-01-29,SUC-02,PROD-020,Herramientas,277.99,1,160.0,82
2024-02-05,SUC-02,PROD-020,Herramientas,331.85,0,78.0,78
2024-02-12,SUC-02,PROD-020,Herramientas,316.85,0,197.0,72
2024-02-19,SUC-02,PROD-020,Herramientas,271.7,1,125.0,83
2024-02-26,SUC-02,PROD-020,Herramientas,328.68,0,42.0,42
2024-03-04,SUC-02,PROD-020,Herramientas,323.58,0,220.0,51
2024-03-11,SUC-02,PROD-020,Herramientas,331.02,0,169.0,61
2024-03-18,SUC-02,PROD-020,Herramientas,328.54,0,108.0,60
2024-03-25,SUC-02,PROD-020,Herramientas,323.62,0,145.0,39
2024-04-01,SUC-02,PROD-020,Herramientas,318.78,0,106.0,59
2024-04-08,SUC-02,PROD-020,Herramientas,321.49,0,47.0,37
2024-04-15,SUC-02,PROD-020,Herramientas,277.76,1,217.0,51
2024-04-22,SUC-02,PROD-020,Herramientas,323.64,0,166.0,42
2024-04-29,SUC-02,PROD-020,Herramientas,327.4,0,124.0,64
2024-05-06,SUC-02,PROD-020,Herramientas,317.1,0,159.0,75
2024-05-13,SUC-02,PROD-020,Herramientas,321.04,0,84.0,46
2024-05-20,SUC-02,PROD-020,Herramientas,320.55,0,38.0,38
2024-05-27,SUC-02,PROD-020,Herramientas,275.07,1,232.0,32
2024-06-03,SUC-02,PROD-020,Herramientas,327.98,0,200.0,34
2024-06-10,SUC-02,PROD-020,Herramientas,332.36,0,166.0,38
2024-06-17,SUC-02,PROD-020,Herramientas,330.21,0,129.0,50
2024-06-24,SUC-02,PROD-020,Herramientas,274.97,1,79.0,34
2024-07-01,SUC-02,PROD-020,Herramientas,329.1,0,45.0,45
2024-07-08,SUC-02,PROD-020,Herramientas,331.07,0,116.0,55
2024-07-15,SUC-02,PROD-020,Herramientas,330.6,0,61.0,57
2024-07-22,SUC-02,PROD-020,Herramientas,323.56,0,4.0,4
2024-07-29,SUC-02,PROD-020,Herramientas,279.12,1,171.0,48
2024-08-05,SUC-02,PROD-020,Herramientas,323.57,0,123.0,46
2024-08-12,SUC-02,PROD-020,Herramientas,327.43,0,77.0,47
2024-08-19,SUC-02,PROD-020,Herramientas,325.1,0,198.0,47
2024-08-26,SUC-02,PROD-020,Herramientas,272.22,1,151.0,61
2024-09-02,SUC-02,PROD-020,Herramientas,333.22,0,90.0,57
2024-09-09,SUC-02,PROD-020,Herramientas,333.11,0,198.0,63
2024-09-16,SUC-02,PROD-020,Herramientas,316.07,0,135.0,61
2024-09-23,SUC-02,PROD-020,Herramientas,319.68,0,74.0,49
2024-09-30,SUC-02,PROD-020,Herramientas,273.97,1,25.0,25
2024-10-07,SUC-02,PROD-020,Herramientas,316.95,0,0.0,0
2024-10-14,SUC-02,PROD-020,Herramientas,316.87,0,0.0,0
2024-10-21,SUC-02,PROD-020,Herramientas,330.78,0,198.0,42
2024-10-28,SUC-02,PROD-020,Herramientas,326.6,0,156.0,60
2024-11-04,SUC-02,PROD-020,Herramientas,334.42,0,96.0,51
2024-11-11,SUC-02,PROD-020,Herramientas,325.1,0,212.0,67
2024-11-18,SUC-02,PROD-020,Herramientas,276.34,1,145.0,107
2024-11-25,SUC-02,PROD-020,Herramientas,323.19,0,38.0,38
2024-12-02,SUC-02,PROD-020,Herramientas,281.35,1,396.0,103
2024-12-09,SUC-02,PROD-020,Herramientas,330.2,0,293.0,72
2024-12-16,SUC-02,PROD-020,Herramientas,333.35,0,221.0,104
2024-12-23,SUC-02,PROD-020,Herramientas,319.84,0,297.0,60
2024-12-30,SUC-02,PROD-020,Herramientas,331.17,0,237.0,79
2025-01-06,SUC-02,PROD-020,Herramientas,321.38,0,158.0,47
2025-01-13,SUC-02,PROD-020,Herramientas,328.7,0,111.0,82
2025-01-20,SUC-02,PROD-020,Herramientas,275.22,1,29.0,29
2025-01-27,SUC-02,PROD-020,Herramientas,328.48,0,0.0,0
2025-02-03,SUC-02,PROD-020,Herramientas,325.89,0,268.0,75
2025-02-10,SUC-02,PROD-020,Herramientas,323.27,0,193.0,67
2025-02-17,SUC-02,PROD-020,Herramientas,328.77,0,126.0,56
2025-02-24,SUC-02,PROD-020,Herramientas,316.34,0,223.0,78
2025-03-03,SUC-02,PROD-020,Herramientas,317.73,0,145.0,59
2025-03-10,SUC-02,PROD-020,Herramientas,324.51,0,86.0,74
2025-03-17,SUC-02,PROD-020,Herramientas,331.57,0,215.0,58
2025-03-24,SUC-02,PROD-020,Herramientas,328.08,0,157.0,50
2025-03-31,SUC-02,PROD-020,Herramientas,321.24,0,107.0,44
2025-04-07,SUC-02,PROD-020,Herramientas,334.11,0,198.0,43
2025-04-14,SUC-02,PROD-020,Herramientas,281.68,1,155.0,59
2025-04-21,SUC-02,PROD-020,Herramientas,323.5,0,96.0,45
2025-04-28,SUC-02,PROD-020,Herramientas,317.27,0,160.0,42
2025-05-05,SUC-02,PROD-020,Herramientas,316.42,0,118.0,64
2025-05-12,SUC-02,PROD-020,Herramientas,331.09,0,54.0,32
2025-05-19,SUC-02,PROD-020,Herramientas,323.75,0,168.0,38
2025-05-26,SUC-02,PROD-020,Herramientas,318.28,0,130.0,52
2025-06-02,SUC-02,PROD-020,Herramientas,328.49,0,78.0,46
2025-06-09,SUC-02,PROD-020,Herramientas,319.61,0,131.0,45
2025-06-16,SUC-02,PROD-020,Herramientas,323.12,0,86.0,45
2025-06-23,SUC-02,PROD-020,Herramientas,322.57,0,41.0,32
2025-06-30,SUC-02,PROD-020,Herramientas,321.74,0,137.0,49
2025-07-07,SUC-02,PROD-020,Herramientas,286.92,1,88.0,43
2025-07-14,SUC-02,PROD-020,Herramientas,315.7,0,45.0,45
2025-07-21,SUC-02,PROD-020,Herramientas,326.12,0,0.0,0
2025-07-28,SUC-02,PROD-020,Herramientas,329.19,0,0.0,0
2025-08-04,SUC-02,PROD-020,Herramientas,332.36,0,0.0,0
2025-08-11,SUC-02,PROD-020,Herramientas,322.9,0,0.0,0
2025-08-18,SUC-02,PROD-020,Herramientas,285.15,1,0.0,0
2025-08-25,SUC-02,PROD-020,Herramientas,333.73,0,0.0,0
2025-09-01,SUC-02,PROD-020,Herramientas,320.83,0,199.0,50
2025-09-08,SUC-02,PROD-020,Herramientas,323.16,0,149.0,92
2025-09-15,SUC-02,PROD-020,Herramientas,317.89,0,57.0,55
2025-09-22,SUC-02,PROD-020,Herramientas,278.65,1,270.0,70
2025-09-29,SUC-02,PROD-020,Herramientas,320.63,0,200.0,65
2025-10-06,SUC-02,PROD-020,Herramientas,323.28,0,135.0,52
2025-10-13,SUC-02,PROD-020,Herramientas,333.25,0,190.0,68
2025-10-20,SUC-02,PROD-020,Herramientas,319.73,0,122.0,71
2025-10-27,SUC-02,PROD-020,Herramientas,318.27,0,51.0,51
2025-11-03,SUC-02,PROD-020,Herramientas,325.41,0,245.0,70
2025-11-10,SUC-02,PROD-020,Herramientas,321.95,0,175.0,84
2025-11-17,SUC-02,PROD-020,Herramientas,332.96,0,91.0,62
2025-11-24,SUC-02,PROD-020,Herramientas,329.04,0,-5.0,71
2025-12-01,SUC-02,PROD-020,Herramientas,319.54,0,121.0,88
2025-12-08,SUC-02,PROD-020,Herramientas,317.46,0,33.0,33
2025-12-15,SUC-02,PROD-020,Herramientas,333.61,0,246.0,79
2025-12-22,SUC-02,PROD-020,Herramientas,330.76,0,167.0,82
2024-01-01,SUC-03,PROD-020,Herramientas,325.91,0,252.0,85
2024-01-08,SUC-03,PROD-020,Herramientas,324.91,0,167.0,45
2024-01-15,SUC-03,PROD-020,Herramientas,319.15,0,122.0,66
2024-01-22,SUC-03,PROD-020,Herramientas,334.69,0,209.0,79
2024-01-29,SUC-03,PROD-020,Herramientas,280.34,1,130.0,52
2024-02-05,SUC-03,PROD-020,Herramientas,280.18,1,78.0,78
2024-02-12,SUC-03,PROD-020,Herramientas,316.8,0,282.0,115
2024-02-19,SUC-03,PROD-020,Herramientas,318.91,0,167.0,82
2024-02-26,SUC-03,PROD-020,Herramientas,316.52,0,85.0,56
2024-03-04,SUC-03,PROD-020,Herramientas,329.73,0,29.0,29
2024-03-11,SUC-03,PROD-020,Herramientas,333.11,0,0.0,0
2024-03-18,SUC-03,PROD-020,Herramientas,318.06,0,0.0,0
2024-03-25,SUC-03,PROD-020,Herramientas,326.56,0,172.0,57
2024-04-01,SUC-03,PROD-020,Herramientas,275.47,1,115.0,71
2024-04-08,SUC-03,PROD-020,Herramientas,322.67,0,44.0,44
2024-04-15,SUC-03,PROD-020,Herramientas,321.29,0,201.0,60
2024-04-22,SUC-03,PROD-020,Herramientas,334.83,0,141.0,40
2024-04-29,SUC-03,PROD-020,Herramientas,320.69,0,101.0,47
2024-05-06,SUC-03,PROD-020,Herramientas,334.32,0,164.0,44
2024-05-13,SUC-03,PROD-020,Herramientas,,0,120.0,48
2024-05-20,SUC-03,PROD-020,Herramientas,287.22,1,72.0,50
2024-05-27,SUC-03,PROD-020,Herramientas,322.04,0,131.0,60
2024-06-03,SUC-03,PROD-020,Herramientas,316.83,0,71.0,56
2024-06-10,SUC-03,PROD-020,Herramientas,318.2,0,15.0,15
2024-06-17,SUC-03,PROD-020,Herramientas,319.23,0,127.0,43
2024-06-24,SUC-03,PROD-020,Herramientas,283.79,1,84.0,46
2024-07-01,SUC-03,PROD-020,Herramientas,329.96,0,38.0,38
2024-07-08,SUC-03,PROD-020,Herramientas,323.46,0,184.0,54
2024-07-15,SUC-03,PROD-020,Herramientas,326.04,0,130.0,53
2024-07-22,SUC-03,PROD-020,Herramientas,328.56,0,77.0,60
2024-07-29,SUC-03,PROD-020,Herramientas,331.74,0,188.0,63
2024-08-05,SUC-03,PROD-020,Herramientas,323.56,0,125.0,50
2024-08-12,SUC-03,PROD-020,Herramientas,321.2,0,75.0,46
2024-08-19,SUC-03,PROD-020,Herramientas,281.36,1,29.0,29
2024-08-26,SUC-03,PROD-020,Herramientas,275.07,1,0.0,0
2024-09-02,SUC-03,PROD-020,Herramientas,322.59,0,,0
2024-09-09,SUC-03,PROD-020,Herramientas,328.91,0,0.0,0
2024-09-16,SUC-03,PROD-020,Herramientas,326.97,0,0.0,0
2024-09-23,SUC-03,PROD-020,Herramientas,315.81,0,0.0,0
2024-09-30,SUC-03,PROD-020,Herramientas,325.19,0,180.0,64
2024-10-07,SUC-03,PROD-020,Herramientas,318.36,0,116.0,82
2024-10-14,SUC-03,PROD-020,Herramientas,281.76,1,34.0,34
2024-10-21,SUC-03,PROD-020,Herramientas,322.37,0,290.0,97
2024-10-28,SUC-03,PROD-020,Herramientas,331.12,0,-5.0,73
2024-11-04,SUC-03,PROD-020,Herramientas,334.24,0,120.0,96
2024-11-11,SUC-03,PROD-020,Herramientas,318.05,0,211.0,71
2024-11-18,SUC-03,PROD-020,Herramientas,333.97,0,140.0,112
2024-11-25,SUC-03,PROD-020,Herramientas,321.27,0,28.0,28
2024-12-02,SUC-03,PROD-020,Herramientas,316.44,0,260.0,96
2024-12-09,SUC-03,PROD-020,Herramientas,315.83,0,164.0,80
2024-12-16,SUC-03,PROD-020,Herramientas,328.55,0,84.0,70
2024-12-23,SUC-03,PROD-020,Herramientas,325.84,0,333.0,103
2024-12-30,SUC-03,PROD-020,Herramientas,287.9,1,230.0,131
2025-01-06,SUC-03,PROD-020,Herramientas,325.24,0,99.0,99
2025-01-13,SUC-03,PROD-020,Herramientas,334.33,0,284.0,83
2025-01-20,SUC-03,PROD-020,Herramientas,330.13,0,201.0,83
2025-01-27,SUC-03,PROD-020,Herramientas,320.84,0,118.0,84
2025-02-03,SUC-03,PROD-020,Herramientas,319.31,0,199.0,59
2025-02-10,SUC-03,PROD-020,Herramientas,325.48,0,140.0,63
2025-02-17,SUC-03,PROD-020,Herramientas,333.6,0,77.0,67
2025-02-24,SUC-03,PROD-020,Herramientas,323.21,0,247.0,54
2025-03-03,SUC-03,PROD-020,Herramientas,320.47,0,193.0,79
2025-03-10,SUC-03,PROD-020,Herramientas,323.15,0,114.0,63
2025-03-17,SUC-03,PROD-020,Herramientas,318.85,0,252.0,74
2025-03-24,SUC-03,PROD-020,Herramientas,327.07,0,178.0,74
2025-03-31,SUC-03,PROD-020,Herramientas,317.3,0,104.0,61
2025-04-07,SUC-03,PROD-020,Herramientas,318.78,0,203.0,53
2025-04-14,SUC-03,PROD-020,Herramientas,318.94,0,150.0,57
2025-04-21,SUC-03,PROD-020,Herramientas,327.33,0,93.0,65
2025-04-28,SUC-03,PROD-020,Herramientas,325.26,0,207.0,61
2025-05-05,SUC-03,PROD-020,Herramientas,272.17,1,146.0,68
2025-05-12,SUC-03,PROD-020,Herramientas,323.2,0,78.0,55
2025-05-19,SUC-03,PROD-020,Herramientas,324.24,0,203.0,49
2025-05-26,SUC-03,PROD-020,Herramientas,331.58,0,154.0,50
2025-06-02,SUC-03,PROD-020,Herramientas,317.32,0,104.0,56
2025-06-09,SUC-03,PROD-020,Herramientas,332.18,0,169.0,44
2025-06-16,SUC-03,PROD-020,Herramientas,321.82,0,125.0,48
2025-06-23,SUC-03,PROD-020,Herramientas,326.03,0,77.0,35
2025-06-30,SUC-03,PROD-020,Herramientas,318.31,0,129.0,49
2025-07-07,SUC-03,PROD-020,Herramientas,323.29,0,80.0,57
2025-07-14,SUC-03,PROD-020,Herramientas,328.43,0,23.0,23
2025-07-21,SUC-03,PROD-020,Herramientas,329.34,0,0.0,0
2025-07-28,SUC-03,PROD-020,Herramientas,279.6,1,0.0,0
2025-08-04,SUC-03,PROD-020,Herramientas,334.76,0,0.0,0
2025-08-11,SUC-03,PROD-020,Herramientas,315.81,0,174.0,56
2025-08-18,SUC-03,PROD-020,Herramientas,320.73,0,118.0,65
2025-08-25,SUC-03,PROD-020,Herramientas,330.34,0,53.0,53
2025-09-01,SUC-03,PROD-020,Herramientas,331.75,0,162.0,50
2025-09-08,SUC-03,PROD-020,Herramientas,273.57,1,112.0,31
2025-09-15,SUC-03,PROD-020,Herramientas,316.27,0,81.0,78
2025-09-22,SUC-03,PROD-020,Herramientas,331.12,0,289.0,98
2025-09-29,SUC-03,PROD-020,Herramientas,323.61,0,191.0,84
2025-10-06,SUC-03,PROD-020,Herramientas,329.95,0,107.0,86
2025-10-13,SUC-03,PROD-020,Herramientas,316.14,0,223.0,86
2025-10-20,SUC-03,PROD-020,Herramientas,317.66,0,137.0,94
2025-10-27,SUC-03,PROD-020,Herramientas,319.84,0,43.0,43
2025-11-03,SUC-03,PROD-020,Herramientas,330.88,0,311.0,90
2025-11-10,SUC-03,PROD-020,Herramientas,284.84,1,221.0,98
2025-11-17,SUC-03,PROD-020,Herramientas,277.84,1,123.0,123
2025-11-24,SUC-03,PROD-020,Herramientas,325.8,0,355.0,108
2025-12-01,SUC-03,PROD-020,Herramientas,277.94,1,247.0,113
2025-12-08,SUC-03,PROD-020,Herramientas,321.06,0,134.0,89
2025-12-15,SUC-03,PROD-020,Herramientas,282.93,1,499.0,109
2025-12-22,SUC-03,PROD-020,Herramientas,327.6,0,390.0,102
2024-01-01,SUC-04,PROD-020,Herramientas,317.67,0,324.0,71
2024-01-08,SUC-04,PROD-020,Herramientas,329.12,0,253.0,80
2024-01-15,SUC-04,PROD-020,Herramientas,285.94,1,173.0,53
2024-01-22,SUC-04,PROD-020,Herramientas,283.18,1,120.0,120
2024-01-29,SUC-04,PROD-020,Herramientas,277.07,1,0.0,0
2024-02-05,SUC-04,PROD-020,Herramientas,324.62,0,0.0,0
2024-02-12,SUC-04,PROD-020,Herramientas,281.85,1,508.0,154
2024-02-19,SUC-04,PROD-020,Herramientas,330.03,0,354.0,114
2024-02-26,SUC-04,PROD-020,Herramientas,328.41,0,240.0,113
2024-03-04,SUC-04,PROD-020,Herramientas,316.76,0,280.0,76
2024-03-11,SUC-04,PROD-020,Herramientas,315.91,0,204.0,81
2024-03-18,SUC-04,PROD-020,Herramientas,332.2,0,123.0,63
2024-03-25,SUC-04,PROD-020,Herramientas,316.76,0,297.0,88
2024-04-01,SUC-04,PROD-020,Herramientas,333.78,0,209.0,91
2024-04-08,SUC-04,PROD-020,Herramientas,325.73,0,118.0,60
2024-04-15,SUC-04,PROD-020,Herramientas,280.8,1,294.0,82
2024-04-22,SUC-04,PROD-020,Herramientas,325.93,0,212.0,82
2024-04-29,SUC-04,PROD-020,Herramientas,285.12,1,130.0,69
2024-05-06,SUC-04,PROD-020,Herramientas,317.95,0,186.0,67
2024-05-13,SUC-04,PROD-020,Herramientas,327.95,0,119.0,69
2024-05-20,SUC-04,PROD-020,Herramientas,324.79,0,50.0,50
2024-05-27,SUC-04,PROD-020,Herramientas,322.69,0,163.0,53
2024-06-03,SUC-04,PROD-020,Herramientas,330.23,0,110.0,50
2024-06-10,SUC-04,PROD-020,Herramientas,323.23,0,60.0,60
2024-06-17,SUC-04,PROD-020,Herramientas,333.28,0,219.0,49
2024-06-24,SUC-04,PROD-020,Herramientas,283.82,1,170.0,53
2024-07-01,SUC-04,PROD-020,Herramientas,329.16,0,117.0,56
2024-07-08,SUC-04,PROD-020,Herramientas,316.69,0,208.0,54
2024-07-15,SUC-04,PROD-020,Herramientas,284.04,1,154.0,49
2024-07-22,SUC-04,PROD-020,Herramientas,272.96,1,105.0,75
2024-07-29,SUC-04,PROD-020,Herramientas,322.67,0,165.0,68
2024-08-05,SUC-04,PROD-020,Herramientas,332.85,0,97.0,71
2024-08-12,SUC-04,PROD-020,Herramientas,319.86,0,26.0,26
2024-08-19,SUC-04,PROD-020,Herramientas,320.21,0,0.0,0
2024-08-26,SUC-04,PROD-020,Herramientas,315.81,0,0.0,0
2024-09-02,SUC-04,PROD-020,Herramientas,319.53,0,0.0,0
2024-09-09,SUC-04,PROD-020,Herramientas,286.88,1,0.0,0
2024-09-16,SUC-04,PROD-020,Herramientas,280.79,1,0.0,0
2024-09-23,SUC-04,PROD-020,Herramientas,282.01,1,0.0,0
2024-09-30,SUC-04,PROD-020,Herramientas,326.72,0,0.0,0
2024-10-07,SUC-04,PROD-020,Herramientas,325.77,0,0.0,0
2024-10-14,SUC-04,PROD-020,Herramientas,328.67,0,0.0,0
2024-10-21,SUC-04,PROD-020,Herramientas,325.59,0,373.0,82
2024-10-28,SUC-04,PROD-020,Herramientas,327.11,0,291.0,89
2024-11-04,SUC-04,PROD-020,Herramientas,286.95,1,202.0,114
2024-11-11,SUC-04,PROD-020,Herramientas,315.84,0,268.0,96
2024-11-18,SUC-04,PROD-020,Herramientas,325.94,0,172.0,91
2024-11-25,SUC-04,PROD-020,Herramientas,321.57,0,81.0,81
2024-12-02,SUC-04,PROD-020,Herramientas,315.48,0,387.0,107
2024-12-09,SUC-04,PROD-020,Herramientas,334.82,0,280.0,84
2024-12-16,SUC-04,PROD-020,Herramientas,328.16,0,196.0,80
2024-12-23,SUC-04,PROD-020,Herramientas,316.33,0,331.0,83
2024-12-30,SUC-04,PROD-020,Herramientas,278.01,1,248.0,116
2025-01-06,SUC-04,PROD-020,Herramientas,273.28,1,132.0,132
2025-01-13,SUC-04,PROD-020,Herramientas,322.65,0,0.0,0
2025-01-20,SUC-04,PROD-020,Herramientas,279.17,1,0.0,0
2025-01-27,SUC-04,PROD-020,Herramientas,272.2,1,0.0,0
2025-02-03,SUC-04,PROD-020,Herramientas,318.14,0,0.0,0
2025-02-10,SUC-04,PROD-020,Herramientas,323.08,0,0.0,0
2025-02-17,SUC-04,PROD-020,Herramientas,330.43,0,0.0,0
2025-02-24,SUC-04,PROD-020,Herramientas,332.84,0,321.0,73
2025-03-03,SUC-04,PROD-020,Herramientas,321.96,0,248.0,101
2025-03-10,SUC-04,PROD-020,Herramientas,316.39,0,147.0,81
2025-03-17,SUC-04,PROD-020,Herramientas,316.01,0,318.0,77
2025-03-24,SUC-04,PROD-020,Herramientas,322.47,0,241.0,88
2025-03-31,SUC-04,PROD-020,Herramientas,333.08,0,153.0,83
2025-04-07,SUC-04,PROD-020,Herramientas,325.68,0,190.0,86
2025-04-14,SUC-04,PROD-020,Herramientas,319.01,0,104.0,61
2025-04-21,SUC-04,PROD-020,Herramientas,282.37,1,43.0,43
2025-04-28,SUC-04,PROD-020,Herramientas,322.23,0,0.0,0
2025-05-05,SUC-04,PROD-020,Herramientas,325.71,0,0.0,0
2025-05-12,SUC-04,PROD-020,Herramientas,319.47,0,0.0,0
2025-05-19,SUC-04,PROD-020,Herramientas,322.63,0,242.0,64
2025-05-26,SUC-04,PROD-020,Herramientas,331.02,0,178.0,55
2025-06-02,SUC-04,PROD-020,Herramientas,323.52,0,123.0,43
2025-06-09,SUC-04,PROD-020,Herramientas,315.48,0,154.0,55
2025-06-16,SUC-04,PROD-020,Herramientas,326.24,0,99.0,60
2025-06-23,SUC-04,PROD-020,Herramientas,323.85,0,39.0,39
2025-06-30,SUC-04,PROD-020,Herramientas,324.26,0,147.0,55
2025-07-07,SUC-04,PROD-020,Herramientas,328.69,0,92.0,65
2025-07-14,SUC-04,PROD-020,Herramientas,330.05,0,27.0,27
2025-07-21,SUC-04,PROD-020,Herramientas,282.27,1,297.0,62
2025-07-28,SUC-04,PROD-020,Herramientas,319.65,0,235.0,60
2025-08-04,SUC-04,PROD-020,Herramientas,331.15,0,175.0,38
2025-08-11,SUC-04,PROD-020,Herramientas,332.69,0,225.0,73
2025-08-18,SUC-04,PROD-020,Herramientas,322.63,0,152.0,85
2025-08-25,SUC-04,PROD-020,Herramientas,322.28,0,67.0,67
2025-09-01,SUC-04,PROD-020,Herramientas,333.19,0,300.0,63
2025-09-08,SUC-04,PROD-020,Herramientas,324.55,0,237.0,61
2025-09-15,SUC-04,PROD-020,Herramientas,284.09,1,176.0,101
2025-09-22,SUC-04,PROD-020,Herramientas,328.21,0,244.0,75
2025-09-29,SUC-04,PROD-020,Herramientas,326.2,0,169.0,94
2025-10-06,SUC-04,PROD-020,Herramientas,327.17,0,75.0,75
2025-10-13,SUC-04,PROD-020,Herramientas,319.23,0,308.0,107
2025-10-20,SUC-04,PROD-020,Herramientas,322.94,0,201.0,88
2025-10-27,SUC-04,PROD-020,Herramientas,318.8,0,113.0,67
2025-11-03,SUC-04,PROD-020,Herramientas,328.65,0,388.0,84
2025-11-10,SUC-04,PROD-020,Herramientas,318.31,0,304.0,132
2025-11-17,SUC-04,PROD-020,Herramientas,334.3,0,172.0,95
2025-11-24,SUC-04,PROD-020,Herramientas,321.9,0,309.0,97
2025-12-01,SUC-04,PROD-020,Herramientas,316.09,0,212.0,114
2025-12-08,SUC-04,PROD-020,Herramientas,326.7,0,98.0,98
2025-12-15,SUC-04,PROD-020,Herramientas,319.22,0,306.0,117
2025-12-22,SUC-04,PROD-020,Herramientas,321.44,0,189.0,80
2024-01-01,SUC-05,PROD-020,Herramientas,334.3,0,353.0,50
2024-01-08,SUC-05,PROD-020,Herramientas,277.15,1,303.0,140
2024-01-15,SUC-05,PROD-020,Herramientas,326.86,0,163.0,115
2024-01-22,SUC-05,PROD-020,Herramientas,273.79,1,48.0,48
2024-01-29,SUC-05,PROD-020,Herramientas,274.36,1,0.0,0
2024-02-05,SUC-05,PROD-020,Herramientas,332.74,0,0.0,0
2024-02-12,SUC-05,PROD-020,Herramientas,324.61,0,340.0,127
2024-02-19,SUC-05,PROD-020,Herramientas,322.59,0,213.0,89
2024-02-26,SUC-05,PROD-020,Herramientas,329.35,0,124.0,104
2024-03-04,SUC-05,PROD-020,Herramientas,322.26,0,315.0,89
2024-03-11,SUC-05,PROD-020,Herramientas,319.84,0,226.0,60
2024-03-18,SUC-05,PROD-020,Herramientas,326.88,0,166.0,95
2024-03-25,SUC-05,PROD-020,Herramientas,274.06,1,300.0,127
2024-04-01,SUC-05,PROD-020,Herramientas,319.79,0,173.0,86
2024-04-08,SUC-05,PROD-020,Herramientas,327.44,0,87.0,87
2024-04-15,SUC-05,PROD-020,Herramientas,323.66,0,229.0,67
2024-04-22,SUC-05,PROD-020,Herramientas,326.04,0,162.0,100
2024-04-29,SUC-05,PROD-020,Herramientas,334.35,0,62.0,61
2024-05-06,SUC-05,PROD-020,Herramientas,321.47,0,219.0,66
2024-05-13,SUC-05,PROD-020,Herramientas,324.31,0,153.0,62
2024-05-20,SUC-05,PROD-020,Herramientas,331.27,0,91.0,59
2024-05-27,SUC-05,PROD-020,Herramientas,327.03,0,211.0,79
2024-06-03,SUC-05,PROD-020,Herramientas,327.36,0,132.0,61
2024-06-10,SUC-05,PROD-020,Herramientas,331.97,0,71.0,42
2024-06-17,SUC-05,PROD-020,Herramientas,320.95,0,248.0,52
2024-06-24,SUC-05,PROD-020,Herramientas,323.82,0,196.0,50
2024-07-01,SUC-05,PROD-020,Herramientas,318.86,0,146.0,999999
2024-07-08,SUC-05,PROD-020,Herramientas,319.43,0,267.0,65
2024-07-15,SUC-05,PROD-020,Herramientas,318.54,0,202.0,74
2024-07-22,SUC-05,PROD-020,Herramientas,319.61,0,128.0,52
2024-07-29,SUC-05,PROD-020,Herramientas,318.6,0,198.0,59
2024-08-05,SUC-05,PROD-020,Herramientas,323.49,0,139.0,60
2024-08-12,SUC-05,PROD-020,Herramientas,317.36,0,79.0,79
2024-08-19,SUC-05,PROD-020,Herramientas,276.49,1,406.0,73
2024-08-26,SUC-05,PROD-020,Herramientas,275.08,1,333.0,96
2024-09-02,SUC-05,PROD-020,Herramientas,271.67,1,237.0,119
2024-09-09,SUC-05,PROD-020,Herramientas,279.03,1,521.0,119
2024-09-16,SUC-05,PROD-020,Herramientas,326.18,0,402.0,115
2024-09-23,SUC-05,PROD-020,Herramientas,328.66,0,287.0,78
2024-09-30,SUC-05,PROD-020,Herramientas,283.54,1,517.0,108
2024-10-07,SUC-05,PROD-020,Herramientas,320.15,0,409.0,122
2024-10-14,SUC-05,PROD-020,Herramientas,319.83,0,287.0,111
2024-10-21,SUC-05,PROD-020,Herramientas,325.35,0,176.0,97
2024-10-28,SUC-05,PROD-020,Herramientas,334.38,0,79.0,79
2024-11-04,SUC-05,PROD-020,Herramientas,330.24,0,0.0,0
2024-11-11,SUC-05,PROD-020,Herramientas,325.3,0,397.0,124
2024-11-18,SUC-05,PROD-020,Herramientas,328.01,0,273.0,88
2024-11-25,SUC-05,PROD-020,Herramientas,324.9,0,185.0,133
2024-12-02,SUC-05,PROD-020,Herramientas,329.34,0,294.0,119
2024-12-09,SUC-05,PROD-020,Herramientas,322.83,0,175.0,106
2024-12-16,SUC-05,PROD-020,Herramientas,331.49,0,69.0,69
2024-12-23,SUC-05,PROD-020,Herramientas,316.93,0,447.0,125
2024-12-30,SUC-05,PROD-020,Herramientas,328.55,0,322.0,91
2025-01-06,SUC-05,PROD-020,Herramientas,329.84,0,231.0,122
2025-01-13,SUC-05,PROD-020,Herramientas,317.11,0,410.0,97
2025-01-20,SUC-05,PROD-020,Herramientas,324.19,0,313.0,108
2025-01-27,SUC-05,PROD-020,Herramientas,321.92,0,205.0,110
2025-02-03,SUC-05,PROD-020,Herramientas,325.22,0,404.0,113
2025-02-10,SUC-05,PROD-020,Herramientas,317.2,0,291.0,132
2025-02-17,SUC-05,PROD-020,Herramientas,282.18,1,159.0,104
2025-02-24,SUC-05,PROD-020,Herramientas,334.54,0,245.0,102
2025-03-03,SUC-05,PROD-020,Herramientas,322.19,0,143.0,104
2025-03-10,SUC-05,PROD-020,Herramientas,334.25,0,39.0,39
2025-03-17,SUC-05,PROD-020,Herramientas,328.6,0,320.0,74
2025-03-24,SUC-05,PROD-020,Herramientas,334.39,0,246.0,73
2025-03-31,SUC-05,PROD-020,Herramientas,326.73,0,173.0,87
2025-04-07,SUC-05,PROD-020,Herramientas,331.02,0,324.0,81
2025-04-14,SUC-05,PROD-020,Herramientas,325.26,0,243.0,71
2025-04-21,SUC-05,PROD-020,Herramientas,318.14,0,172.0,85
2025-04-28,SUC-05,PROD-020,Herramientas,329.7,0,267.0,75
2025-05-05,SUC-05,PROD-020,Herramientas,327.74,0,192.0,90
2025-05-12,SUC-05,PROD-020,Herramientas,318.31,0,102.0,76
2025-05-19,SUC-05,PROD-020,Herramientas,321.21,0,26.0,26
2025-05-26,SUC-05,PROD-020,Herramientas,325.4,0,0.0,0
2025-06-02,SUC-05,PROD-020,Herramientas,275.36,1,0.0,0
2025-06-09,SUC-05,PROD-020,Herramientas,325.09,0,192.0,64
2025-06-16,SUC-05,PROD-020,Herramientas,287.29,1,128.0,80
2025-06-23,SUC-05,PROD-020,Herramientas,320.32,0,48.0,48
2025-06-30,SUC-05,PROD-020,Herramientas,279.06,1,391.0,84
2025-07-07,SUC-05,PROD-020,Herramientas,317.39,0,307.0,59
2025-07-14,SUC-05,PROD-020,Herramientas,324.64,0,248.0,66
2025-07-21,SUC-05,PROD-020,Herramientas,333.99,0,286.0,99
2025-07-28,SUC-05,PROD-020,Herramientas,326.53,0,187.0,63
2025-08-04,SUC-05,PROD-020,Herramientas,334.98,0,124.0,75
2025-08-11,SUC-05,PROD-020,Herramientas,322.87,0,295.0,84
2025-08-18,SUC-05,PROD-020,Herramientas,326.79,0,211.0,58
2025-08-25,SUC-05,PROD-020,Herramientas,332.32,0,153.0,70
2025-09-01,SUC-05,PROD-020,Herramientas,324.23,0,277.0,67
2025-09-08,SUC-05,PROD-020,Herramientas,271.97,1,210.0,95
2025-09-15,SUC-05,PROD-020,Herramientas,318.3,0,115.0,82
2025-09-22,SUC-05,PROD-020,Herramientas,328.84,0,283.0,105
2025-09-29,SUC-05,PROD-020,Herramientas,317.08,0,178.0,151
2025-10-06,SUC-05,PROD-020,Herramientas,321.52,0,27.0,27
2025-10-13,SUC-05,PROD-020,Herramientas,321.16,0,424.0,122
2025-10-20,SUC-05,PROD-020,Herramientas,325.71,0,302.0,101
2025-10-27,SUC-05,PROD-020,Herramientas,320.59,0,201.0,110
2025-11-03,SUC-05,PROD-020,Herramientas,316.45,0,470.0,104
2025-11-10,SUC-05,PROD-020,Herramientas,325.5,0,366.0,99
2025-11-17,SUC-05,PROD-020,Herramientas,330.02,0,267.0,131
2025-11-24,SUC-05,PROD-020,Herramientas,328.4,0,329.0,104
2025-12-01,SUC-05,PROD-020,Herramientas,328.01,0,225.0,97
2025-12-08,SUC-05,PROD-020,Herramientas,318.96,0,128.0,113
2025-12-15,SUC-05,PROD-020,Herramientas,322.16,0,473.0,86
2025-12-22,SUC-05,PROD-020,Herramientas,323.62,0,387.0,89
2025-06-02,SUC-02,PROD-009,Iluminación,467.93,1,24.0,24
2025-03-31,SUC-03,PROD-018,Accesorios,183.89,1,0.0,0
2024-12-30,SUC-04,PROD-017,Iluminación,116.34,0,84.0,42
2025-05-12,SUC-03,PROD-014,Accesorios,539.5,0,73.0,49
2025-11-10,SUC-01,PROD-012,Herramientas,249.26,0,243.0,98
2024-07-29,SUC-01,PROD-018,Accesorios,-10.0,1,88.0,23
2025-10-06,SUC-02,PROD-014,Accesorios,546.2,0,37.0,24
2024-06-10,SUC-04,PROD-005,Iluminación,525.64,0,102.0,83
2024-02-12,SUC-04,PROD-011,Decoración,333.64,0,0.0,0
2025-09-15,SUC-05,PROD-009,Iluminación,533.27,0,19.0,19
2024-02-05,SUC-01,PROD-014,Accesorios,529.05,0,48.0,41
2024-06-03,SUC-02,PROD-015,Decoración,485.41,1,64.0,38
2024-11-11,SUC-03,PROD-009,Iluminación,528.35,0,57.0,14
2024-04-01,SUC-02,PROD-008,Herramientas,265.61,0,52.0,23
2024-09-02,SUC-05,PROD-005,Iluminación,551.15,0,45.0,45
2024-12-30,SUC-02,PROD-014,Accesorios,545.73,0,164.0,30
2024-10-14,SUC-01,PROD-012,Herramientas,255.51,0,71.0,55
2024-04-01,SUC-05,PROD-004,Herramientas,159.07,0,37.0,24
2025-05-05,SUC-04,PROD-014,Accesorios,461.9,1,93.0,67
2024-11-04,SUC-01,PROD-004,Herramientas,157.93,0,10.0,10
2025-06-09,SUC-05,PROD-016,Herramientas,377.22,0,113.0,38
2025-12-22,SUC-05,PROD-013,Iluminación,445.23,0,187.0,91
2025-07-14,SUC-02,PROD-011,Decoración,332.88,0,44.0,33
2025-11-10,SUC-03,PROD-003,Decoración,149.33,0,0.0,0
2025-05-26,SUC-02,PROD-016,Herramientas,387.57,0,111.0,23
2025-12-22,SUC-04,PROD-010,Accesorios,398.79,0,,116
2024-06-03,SUC-04,PROD-011,Decoración,327.32,0,113.0,50
2025-12-08,SUC-02,PROD-020,Herramientas,317.46,0,33.0,33
2025-06-09,SUC-01,PROD-010,Accesorios,382.31,0,175.0,77
2024-10-28,SUC-03,PROD-018,Accesorios,210.81,0,81.0,30
2024-02-12,SUC-04,PROD-020,Herramientas,281.85,1,508.0,154
